SKU,Product,Product additional attribute 6,Required by,PO #,PO date,Status,Product additional attribute 8,Supplier,Quantity,Cost,Total
06B-1*50,Chain (39 teeth),,26-Jan-2026,P23-2707,20-Jan-2026,Completed,FALSE,Hangzhou Youngsun Intelligent Company,6.00,0.0000000,0.00
06B-1*50,Chain (39 teeth),,08-Apr-2026,P23-2839,25-Mar-2026,Receiving,FALSE,Hangzhou Youngsun Intelligent Company,10.00,1.4341100,14.34
10002,2pt 23.80 (0.937) A HP34 Viking Flex SNN COIL (ID-356 CW),false,,P23-2467,29-Sep-2025,Completed,,Martin Miller (Voestalpine),590.00,1.4845977,875.92
10002,2pt 23.80 (0.937) A HP34 Viking Flex SNN COIL (ID-356 CW),false,,P23-3142,20-Aug-2026,Fully billed,,Bohler (Voestalpine),800.00,1.3647564,"1,091.85"
10002,2pt 23.80 (0.937) A HP34 Viking Flex SNN COIL (ID-356 CW),false,,P23-3143,20-Aug-2026,Fully billed,,Martin Miller (Voestalpine),300.00,1.3633885,409.02
10002,2pt 23.80 (0.937) A HP34 Viking Flex SNN COIL (ID-356 CW),false,15-Oct-2025,P23-2466,29-Sep-2025,Completed,,Bohler (Voestalpine),"1,000.00",1.4845977,"1,484.60"
1001A,Emmoco 1001A Semi Automatic Pallet Wrapper,false,30-Mar-2026,P23-2821,16-Mar-2026,Partially billed,,Hangzhou Youngsun Intelligent Company,2.00,"2,725.8886200","5,451.78"
1001A,Emmoco 1001A Semi Automatic Pallet Wrapper,false,30-Apr-2026,P23-2684,09-Jan-2026,Completed,,Hangzhou Youngsun Intelligent Company,4.00,"2,861.6078400","11,446.43"
1001E,Emmoco 1001E Semi Automatic Pallet Wrapper,false,30-Mar-2026,P23-2821,16-Mar-2026,Partially billed,,Hangzhou Youngsun Intelligent Company,1.00,"2,995.4820000","2,995.48"
1001E,Emmoco 1001E Semi Automatic Pallet Wrapper,false,30-Apr-2026,P23-2684,09-Jan-2026,Completed,,Hangzhou Youngsun Intelligent Company,1.00,"3,144.6240000","3,144.62"
1002,3.0pt x 15mm x 1M Spacing Rule,,,P23-3003,16-Jun-2026,Completed,FALSE,Martin Miller (Voestalpine),60.00,1.0304224,61.83
1002,3.0pt x 15mm x 1M Spacing Rule,,,P23-3143,20-Aug-2026,Fully billed,FALSE,Martin Miller (Voestalpine),60.00,1.0188499,61.13
10076,3pt 23.80 (.937) HP34 A SNN COIL CC/WISE 60M,False,,P23-2467,29-Sep-2025,Completed,TRUE,Martin Miller (Voestalpine),480.00,2.1047575,"1,010.27"
10076,3pt 23.80 (.937) HP34 A SNN COIL CC/WISE 60M,False,,P23-2693,14-Jan-2026,Credited,TRUE,Bohler (Voestalpine),180.00,2.0541566,369.77
10076,3pt 23.80 (.937) HP34 A SNN COIL CC/WISE 60M,False,,P23-2729,29-Jan-2026,Completed,TRUE,Martin Miller (Voestalpine),120.00,1.9982346,239.79
10076,3pt 23.80 (.937) HP34 A SNN COIL CC/WISE 60M,False,,P23-2730,30-Jan-2026,Completed,TRUE,Martin Miller (Voestalpine),180.00,2.0015585,360.30
10076,3pt 23.80 (.937) HP34 A SNN COIL CC/WISE 60M,False,,P23-2731,30-Jan-2026,Completed,TRUE,Martin Miller (Voestalpine),180.00,2.0006745,360.14
10076,3pt 23.80 (.937) HP34 A SNN COIL CC/WISE 60M,False,,P23-2863,13-Apr-2026,Completed,TRUE,Martin Miller (Voestalpine),240.00,1.9592150,470.23
10076,3pt 23.80 (.937) HP34 A SNN COIL CC/WISE 60M,False,,P23-3001,16-Jun-2026,Fully billed,TRUE,Martin Miller (Voestalpine),180.00,1.9339562,348.13
10076,3pt 23.80 (.937) HP34 A SNN COIL CC/WISE 60M,False,,P23-3002,16-Jun-2026,Completed,TRUE,Martin Miller (Voestalpine),240.00,1.9557652,469.40
10076,3pt 23.80 (.937) HP34 A SNN COIL CC/WISE 60M,False,,P23-3003,16-Jun-2026,Completed,TRUE,Martin Miller (Voestalpine),180.00,1.9560159,352.08
10076,3pt 23.80 (.937) HP34 A SNN COIL CC/WISE 60M,False,,P23-3142,20-Aug-2026,Fully billed,TRUE,Bohler (Voestalpine),180.00,1.9348873,348.30
10076,3pt 23.80 (.937) HP34 A SNN COIL CC/WISE 60M,False,15-May-2026,P23-2861,13-Apr-2026,Completed,TRUE,Martin Miller (Voestalpine),180.00,1.9604846,352.89
10126,Lead Edge Guard / Rule Brace (Support Bracket) Small,false,29-Apr-2026,P23-2681,09-Jan-2026,Received / credited,TRUE,JNL Manufacturing,"8,000.00",0.1045702,836.56
10126,Lead Edge Guard / Rule Brace (Support Bracket) Small,false,30-Jul-2026,P23-2916,30-Apr-2026,Receiving / credited,TRUE,JNL Manufacturing,"4,000.00",0.0982380,392.95
10126,Lead Edge Guard / Rule Brace (Support Bracket) Small,false,25-Nov-2026,P23-3129,13-Aug-2026,Ordered,TRUE,JNL Manufacturing,"2,000.00",0.0992929,198.59
10153,Diecutting Plate - 1040 x 0720 x 1.00 (4-sided) HRC 35-39,false,17-Mar-2026,P23-2659,19-Dec-2025,Completed,FALSE,Perivo B.V.,50.00,87.1111868,"4,355.56"
1021600860,Heating tube,,08-Apr-2026,P23-2839,25-Mar-2026,Receiving,FALSE,Hangzhou Youngsun Intelligent Company,2.00,1.4341100,2.87
10249,3pt 23.80 (.937) A UNI Autoflex COIL CC/WISE ID=356mm,false,,P23-3143,20-Aug-2026,Fully billed,FALSE,Martin Miller (Voestalpine),"2,025.00",2.0885602,"4,229.34"
10250,3pt 23.80 (.937) HP35 AA UNI Autoflex COIL CC/WISE ID=356mm,False,,P23-2467,29-Sep-2025,Completed,TRUE,Martin Miller (Voestalpine),300.00,2.1982546,659.48
10250,3pt 23.80 (.937) HP35 AA UNI Autoflex COIL CC/WISE ID=356mm,False,,P23-2693,14-Jan-2026,Credited,TRUE,Bohler (Voestalpine),120.00,2.1457979,257.51
10250,3pt 23.80 (.937) HP35 AA UNI Autoflex COIL CC/WISE ID=356mm,False,,P23-2729,29-Jan-2026,Completed,TRUE,Martin Miller (Voestalpine),360.00,2.0873751,751.49
10250,3pt 23.80 (.937) HP35 AA UNI Autoflex COIL CC/WISE ID=356mm,False,,P23-2730,30-Jan-2026,Completed,TRUE,Martin Miller (Voestalpine),240.00,2.0909151,501.82
10250,3pt 23.80 (.937) HP35 AA UNI Autoflex COIL CC/WISE ID=356mm,False,,P23-2731,30-Jan-2026,Completed,TRUE,Martin Miller (Voestalpine),180.00,2.0899747,376.19
10250,3pt 23.80 (.937) HP35 AA UNI Autoflex COIL CC/WISE ID=356mm,False,,P23-2863,13-Apr-2026,Completed,TRUE,Martin Miller (Voestalpine),180.00,2.0466667,368.40
10250,3pt 23.80 (.937) HP35 AA UNI Autoflex COIL CC/WISE ID=356mm,False,,P23-3001,16-Jun-2026,Fully billed,TRUE,Martin Miller (Voestalpine),180.00,2.0202805,363.65
10250,3pt 23.80 (.937) HP35 AA UNI Autoflex COIL CC/WISE ID=356mm,False,,P23-3002,16-Jun-2026,Completed,TRUE,Martin Miller (Voestalpine),240.00,2.0430694,490.35
10250,3pt 23.80 (.937) HP35 AA UNI Autoflex COIL CC/WISE ID=356mm,False,,P23-3003,16-Jun-2026,Completed,TRUE,Martin Miller (Voestalpine),180.00,2.0433429,367.79
10250,3pt 23.80 (.937) HP35 AA UNI Autoflex COIL CC/WISE ID=356mm,False,,P23-3142,20-Aug-2026,Fully billed,TRUE,Bohler (Voestalpine),180.00,2.0211621,363.81
10250,3pt 23.80 (.937) HP35 AA UNI Autoflex COIL CC/WISE ID=356mm,False,15-May-2026,P23-2861,13-Apr-2026,Completed,TRUE,Martin Miller (Voestalpine),180.00,2.0479720,368.63
10285,6/4pt 23.15 (0.915) Laser Crease SNN Length,False,04-Aug-2026,P23-3076,20-Jul-2026,Ordered,FALSE,National Steel Rule (NSR) - CLDF,164.00,2.3013439,377.42
10287,3pt 23.80 (0.937) AA HP35 Universal Autoflex SNN COIL C/WISE ID=400,False,,P23-2729,29-Jan-2026,Completed,FALSE,Martin Miller (Voestalpine),480.00,2.0874090,"1,001.97"
10287,3pt 23.80 (0.937) AA HP35 Universal Autoflex SNN COIL C/WISE ID=400,False,,P23-2730,30-Jan-2026,Completed,FALSE,Martin Miller (Voestalpine),840.00,2.0909321,"1,756.38"
10287,3pt 23.80 (0.937) AA HP35 Universal Autoflex SNN COIL C/WISE ID=400,False,,P23-2731,30-Jan-2026,Completed,FALSE,Martin Miller (Voestalpine),900.00,2.0899916,"1,881.01"
10287,3pt 23.80 (0.937) AA HP35 Universal Autoflex SNN COIL C/WISE ID=400,False,,P23-2863,13-Apr-2026,Completed,FALSE,Martin Miller (Voestalpine),780.00,2.0466526,"1,596.42"
10287,3pt 23.80 (0.937) AA HP35 Universal Autoflex SNN COIL C/WISE ID=400,False,,P23-3001,16-Jun-2026,Fully billed,FALSE,Martin Miller (Voestalpine),815.00,2.0202576,"1,646.56"
10287,3pt 23.80 (0.937) AA HP35 Universal Autoflex SNN COIL C/WISE ID=400,False,,P23-3002,16-Jun-2026,Completed,FALSE,Martin Miller (Voestalpine),780.00,2.0445208,"1,594.79"
10287,3pt 23.80 (0.937) AA HP35 Universal Autoflex SNN COIL C/WISE ID=400,False,,P23-3003,16-Jun-2026,Completed,FALSE,Martin Miller (Voestalpine),840.00,2.0421709,"1,715.39"
10287,3pt 23.80 (0.937) AA HP35 Universal Autoflex SNN COIL C/WISE ID=400,False,,P23-3142,20-Aug-2026,Fully billed,FALSE,Bohler (Voestalpine),780.00,2.0212182,"1,576.60"
10287,3pt 23.80 (0.937) AA HP35 Universal Autoflex SNN COIL C/WISE ID=400,False,,P23-3143,20-Aug-2026,Fully billed,FALSE,Martin Miller (Voestalpine),720.00,2.0196525,"1,454.15"
10287,3pt 23.80 (0.937) AA HP35 Universal Autoflex SNN COIL C/WISE ID=400,False,15-Oct-2025,P23-2466,29-Sep-2025,Completed,FALSE,Bohler (Voestalpine),856.00,2.1986856,"1,882.07"
10287,3pt 23.80 (0.937) AA HP35 Universal Autoflex SNN COIL C/WISE ID=400,False,15-May-2026,P23-2861,13-Apr-2026,Completed,FALSE,Martin Miller (Voestalpine),840.00,2.0479720,"1,720.29"
10306,6/4pt 23.15 (0.915) Laser Crease SNN in coil,False,18-Nov-2026,P23-3075,20-Jul-2026,Ordered,FALSE,National Steel Rule (NSR) - CLDF,100.00,2.3013439,230.13
10348,Lower Stripping Pin D = 10 mm  needle 4 mm [50],False,,P23-2784,24-Feb-2026,Completed,FALSE,Perivo B.V.,1.00,361.7715500,361.77
10348,Lower Stripping Pin D = 10 mm  needle 4 mm [50],False,17-Mar-2026,P23-2659,19-Dec-2025,Completed,FALSE,Perivo B.V.,5.00,376.1982400,"1,880.99"
10365,284.Special nut M 6,false,,P23-2784,24-Feb-2026,Completed,FALSE,Perivo B.V.,100.00,1.8505365,185.05
10365,284.Special nut M 6,false,29-Jul-2026,P23-3080,21-Jul-2026,Fully billed,FALSE,Perivo B.V.,100.00,1.8071799,180.72
10415,3pt 40.00 (1.575) HP40 A SNN COIL C/WISE,,,P23-3003,16-Jun-2026,Completed,FALSE,Martin Miller (Voestalpine),140.00,4.4013287,616.19
10470,2pt 23.20 (.913) Crease SNN COIL C/WISE,,15-May-2026,P23-2861,13-Apr-2026,Completed,TRUE,Martin Miller (Voestalpine),400.00,1.0152539,406.10
10578,Mitsubishi Ejecting Pin with grommet 113mm,false,30-Oct-2025,P23-2512,16-Oct-2025,Received / credited,TRUE,JNL Manufacturing,600.00,0.6009003,360.54
10578,Mitsubishi Ejecting Pin with grommet 113mm,false,22-Dec-2025,P23-2459,22-Sep-2025,Completed,TRUE,JNL Manufacturing,400.00,0.5919732,236.79
10610,4pt 0.970 12tpi Perf Serr 06 x 06 Cur 66 x 90,false,23-Feb-2026,P23-2719,23-Jan-2026,Fully billed,FALSE,National Steel Rule (NSR) - CLDF,100.00,2.3512923,235.13
10610,4pt 0.970 12tpi Perf Serr 06 x 06 Cur 66 x 90,false,05-May-2026,P23-2740,02-Feb-2026,Receiving,FALSE,National Steel Rule (NSR) - CLDF,200.00,2.3112677,462.25
10611,2pt 23.10 (.909) Crease SNN COIL C/WISE,False,,P23-3003,16-Jun-2026,Completed,TRUE,Martin Miller (Voestalpine),300.00,1.0131940,303.96
10611,2pt 23.10 (.909) Crease SNN COIL C/WISE,False,,P23-3143,20-Aug-2026,Fully billed,TRUE,Martin Miller (Voestalpine),300.00,1.0024433,300.73
10612,2pt 23.25 (.915) Crease SNN COIL C/WISE,false,,P23-3143,20-Aug-2026,Fully billed,TRUE,Martin Miller (Voestalpine),300.00,1.0024433,300.73
10612,2pt 23.25 (.915) Crease SNN COIL C/WISE,false,28-Feb-2026,P23-2733,30-Jan-2026,Completed,TRUE,Martin Miller (Voestalpine),100.00,0.9878676,98.79
10612,2pt 23.25 (.915) Crease SNN COIL C/WISE,false,15-May-2026,P23-2861,13-Apr-2026,Completed,TRUE,Martin Miller (Voestalpine),650.00,1.0152539,659.92
10713,3pt 23.30 (0.917) Perf Rule 2.5 x 2.5 SNN,false,05-Nov-2025,P23-2520,21-Oct-2025,Completed,FALSE,National Steel Rule (NSR) - CLDF,500.00,1.4258001,712.90
10736,Centreline Notch Protector -Yellow,,29-Jan-2026,P23-2667,29-Dec-2025,Completed,FALSE,JNL Manufacturing,100.00,0.2232120,22.32
10736,Centreline Notch Protector -Yellow,,29-Apr-2026,P23-2681,09-Jan-2026,Received / credited,FALSE,JNL Manufacturing,200.00,0.2240790,44.82
10767,Blue Blanking Point Presser new,false,22-Dec-2025,P23-2459,22-Sep-2025,Completed,FALSE,JNL Manufacturing,"1,000.00",5.1607920,"5,160.79"
11-0503TSX,Polyester Swatch Cards - Meringue,,03-Feb-2026,P23-2708,20-Jan-2026,Completed,FALSE,Pantone,1.00,14.3513964,14.35
11-0602TPG,TPG Sheet : Snow White (11-0602TPG),,03-Feb-2026,P23-2708,20-Jan-2026,Completed,FALSE,Pantone,1.00,14.3513964,14.35
11212,Set of T-blocks for telescopic bars,False,,P23-2784,24-Feb-2026,Completed,FALSE,Perivo B.V.,50.00,15.4544805,772.72
11375,DB9 Rotary Plywood PB Prime 13 x 487 x 2400,False,14-Jan-2026,P23-2518,20-Oct-2025,Receiving,TRUE,Penta Box SRL,128.00,111.6433102,"14,290.34"
11375,DB9 Rotary Plywood PB Prime 13 x 487 x 2400,False,02-Sep-2026,P23-2908,28-Apr-2026,Ordered,TRUE,Penta Box SRL,208.00,101.4819288,"21,108.24"
11378,DB41 Rotary Plywood PB 13 x 270 x 2000,false,14-Jan-2026,P23-2518,20-Oct-2025,Receiving,TRUE,Penta Box SRL,70.00,57.5714096,"4,030.00"
11408,TEE NUT 4 Prong M8 Zinc (Box of 200),,24-Sep-2025,P23-2426,17-Sep-2025,Completed,FALSE,Scrooz Pty Ltd,5.00,29.9090000,149.55
11408,TEE NUT 4 Prong M8 Zinc (Box of 200),,31-Oct-2025,P23-2513,17-Oct-2025,Fully billed,FALSE,Scrooz Pty Ltd,20.00,14.9545000,299.09
11408,TEE NUT 4 Prong M8 Zinc (Box of 200),,22-Dec-2025,P23-2640,08-Dec-2025,Completed,FALSE,Scrooz Pty Ltd,15.00,25.7090000,385.64
11410,TEE NUT 4 Prong M5 Zinc (Box of 100),false,24-Sep-2025,P23-2426,17-Sep-2025,Completed,FALSE,Scrooz Pty Ltd,10.00,10.6260000,106.26
11410,TEE NUT 4 Prong M5 Zinc (Box of 100),false,29-Oct-2025,P23-2507,15-Oct-2025,Completed,FALSE,Scrooz Pty Ltd,20.00,11.6900000,233.80
11410,TEE NUT 4 Prong M5 Zinc (Box of 100),false,22-Dec-2025,P23-2640,08-Dec-2025,Completed,FALSE,Scrooz Pty Ltd,30.00,9.1364000,274.09
11410,TEE NUT 4 Prong M5 Zinc (Box of 100),false,01-Apr-2026,P23-2837,25-Mar-2026,Completed,FALSE,Scrooz Pty Ltd,30.00,9.1364000,274.09
11410,TEE NUT 4 Prong M5 Zinc (Box of 100),false,17-Jun-2026,P23-2987,03-Jun-2026,Completed,FALSE,Scrooz Pty Ltd,50.00,9.1363000,456.82
11-4101TPG,TPG Sheet : Stalactite(11-4101TPG),,03-Feb-2026,P23-2708,20-Jan-2026,Completed,FALSE,Pantone,1.00,14.3513964,14.35
11-4202TPG,TPG Sheet : Star White (11-4202TPG),,03-Feb-2026,P23-2708,20-Jan-2026,Completed,FALSE,Pantone,1.00,14.3513964,14.35
11-4202X,Cotton Swatch cards - Star White (P-11-4202X),false,03-Feb-2026,P23-2708,20-Jan-2026,Completed,FALSE,Pantone,1.00,13.0399500,13.04
11-4300TPG,TPG Sheet : Marshmallow (11-4300TPG),,03-Feb-2026,P23-2708,20-Jan-2026,Completed,FALSE,Pantone,1.00,14.3513964,14.35
11500,6/4pt 22.60 (0.890) Laser Crease SNN DP COIL,false,30-Sep-2025,P23-2377,26-Aug-2025,Completed,FALSE,National Steel Rule (NSR) - CLDF,500.00,2.4530679,"1,226.53"
11500,6/4pt 22.60 (0.890) Laser Crease SNN DP COIL,false,22-Dec-2025,P23-2458,22-Sep-2025,Completed,FALSE,National Steel Rule (NSR) - CLDF,"3,300.00",2.4137313,"7,965.31"
11500,6/4pt 22.60 (0.890) Laser Crease SNN DP COIL,false,31-Dec-2025,P23-2581,18-Nov-2025,Receiving,FALSE,National Steel Rule (NSR) - CLDF,400.00,2.4496494,979.86
11500,6/4pt 22.60 (0.890) Laser Crease SNN DP COIL,false,28-Feb-2026,P23-2547,07-Nov-2025,Receiving,FALSE,National Steel Rule (NSR) - CLDF,"1,200.00",2.4554688,"2,946.56"
11500,6/4pt 22.60 (0.890) Laser Crease SNN DP COIL,false,05-May-2026,P23-2740,02-Feb-2026,Receiving,FALSE,National Steel Rule (NSR) - CLDF,"2,000.00",2.2825563,"4,565.11"
11500,6/4pt 22.60 (0.890) Laser Crease SNN DP COIL,false,30-Jul-2026,P23-2847,31-Mar-2026,Receiving,FALSE,National Steel Rule (NSR) - CLDF,"2,600.00",2.3207958,"6,034.07"
11500,6/4pt 22.60 (0.890) Laser Crease SNN DP COIL,false,29-Nov-2026,P23-3095,29-Jul-2026,Ordered,FALSE,National Steel Rule (NSR) - CLDF,"2,200.00",2.2797102,"5,015.36"
11501,6/4pt 22.95 (0.903) Laser Crease SNN DP COIL,false,22-Dec-2025,P23-2458,22-Sep-2025,Completed,FALSE,National Steel Rule (NSR) - CLDF,"1,000.00",1.8672261,"1,867.23"
11501,6/4pt 22.95 (0.903) Laser Crease SNN DP COIL,false,28-Feb-2026,P23-2547,07-Nov-2025,Receiving,FALSE,National Steel Rule (NSR) - CLDF,500.00,1.8995136,949.76
11501,6/4pt 22.95 (0.903) Laser Crease SNN DP COIL,false,21-Oct-2026,P23-3008,17-Jun-2026,Ordered,FALSE,National Steel Rule (NSR) - CLDF,"1,400.00",1.7424549,"2,439.44"
11501,6/4pt 22.95 (0.903) Laser Crease SNN DP COIL,false,29-Nov-2026,P23-3095,29-Jul-2026,Ordered,FALSE,National Steel Rule (NSR) - CLDF,500.00,1.7635494,881.77
11502,6/4pt 22.10 (0.870) Laser Crease SNN DP COIL,false,05-May-2026,P23-2740,02-Feb-2026,Receiving,FALSE,National Steel Rule (NSR) - CLDF,300.00,2.2825563,684.77
11502,6/4pt 22.10 (0.870) Laser Crease SNN DP COIL,false,30-Jul-2026,P23-2847,31-Mar-2026,Receiving,FALSE,National Steel Rule (NSR) - CLDF,200.00,2.3207958,464.16
11502,6/4pt 22.10 (0.870) Laser Crease SNN DP COIL,false,29-Nov-2026,P23-3095,29-Jul-2026,Ordered,FALSE,National Steel Rule (NSR) - CLDF,300.00,2.2797102,683.91
11503,6/4pt 22.60 (0.890) Laser Crease Tru Fold SNN DP COIL,false,30-Sep-2025,P23-2377,26-Aug-2025,Completed,FALSE,National Steel Rule (NSR) - CLDF,200.00,1.8976563,379.53
11503,6/4pt 22.60 (0.890) Laser Crease Tru Fold SNN DP COIL,false,23-Feb-2026,P23-2719,23-Jan-2026,Fully billed,FALSE,National Steel Rule (NSR) - CLDF,400.00,1.7963289,718.53
11503,6/4pt 22.60 (0.890) Laser Crease Tru Fold SNN DP COIL,false,28-Feb-2026,P23-2547,07-Nov-2025,Receiving,FALSE,National Steel Rule (NSR) - CLDF,600.00,1.8995136,"1,139.71"
11503,6/4pt 22.60 (0.890) Laser Crease Tru Fold SNN DP COIL,false,05-May-2026,P23-2740,02-Feb-2026,Receiving,FALSE,National Steel Rule (NSR) - CLDF,900.00,1.7657511,"1,589.18"
11503,6/4pt 22.60 (0.890) Laser Crease Tru Fold SNN DP COIL,false,30-Jul-2026,P23-2847,31-Mar-2026,Receiving,FALSE,National Steel Rule (NSR) - CLDF,500.00,1.7953326,897.67
11503,6/4pt 22.60 (0.890) Laser Crease Tru Fold SNN DP COIL,false,29-Nov-2026,P23-3095,29-Jul-2026,Ordered,FALSE,National Steel Rule (NSR) - CLDF,"1,200.00",1.7635494,"2,116.26"
11510,8/4pt 22.10 (0.870) Laser Crease Tru Fold Cur 66 x 90 Reverse Curved,false,21-Oct-2026,P23-3008,17-Jun-2026,Ordered,FALSE,National Steel Rule (NSR) - CLDF,100.00,2.9182578,291.83
11511,"4pt 1.023 CB 12tpi Serr Cur 645mm (25.375"") I.D. Reverse Curved",false,21-Dec-2026,P23-3144,20-Aug-2026,Ordered,FALSE,National Steel Rule (NSR) - CLDF,500.00,1.8552336,927.62
11512,"4pt 1.030 CB Ultra 8 Serr Cur 645mm (25.375"") I.D. Reverse Curved",false,21-Dec-2026,P23-3144,20-Aug-2026,Ordered,FALSE,National Steel Rule (NSR) - CLDF,500.00,1.8552336,927.62
11517,4pt 1.023 CB 12tpi Serr Auto Cur 66 x 90 Reverse Curved,false,30-Sep-2025,P23-2377,26-Aug-2025,Completed,FALSE,National Steel Rule (NSR) - CLDF,500.00,1.7742315,887.12
11517,4pt 1.023 CB 12tpi Serr Auto Cur 66 x 90 Reverse Curved,false,22-Dec-2025,P23-2458,22-Sep-2025,Completed,FALSE,National Steel Rule (NSR) - CLDF,"5,000.00",1.7457805,"8,728.90"
11517,4pt 1.023 CB 12tpi Serr Auto Cur 66 x 90 Reverse Curved,false,23-Feb-2026,P23-2719,23-Jan-2026,Fully billed,FALSE,National Steel Rule (NSR) - CLDF,"2,000.00",1.6794945,"3,358.99"
11517,4pt 1.023 CB 12tpi Serr Auto Cur 66 x 90 Reverse Curved,false,28-Feb-2026,P23-2547,07-Nov-2025,Receiving,FALSE,National Steel Rule (NSR) - CLDF,"2,400.00",1.7759680,"4,262.32"
11517,4pt 1.023 CB 12tpi Serr Auto Cur 66 x 90 Reverse Curved,false,05-May-2026,P23-2740,02-Feb-2026,Receiving,FALSE,National Steel Rule (NSR) - CLDF,"10,000.00",1.6509055,"16,509.06"
11517,4pt 1.023 CB 12tpi Serr Auto Cur 66 x 90 Reverse Curved,false,30-Jul-2026,P23-2847,31-Mar-2026,Receiving,FALSE,National Steel Rule (NSR) - CLDF,"8,000.00",1.6785630,"13,428.50"
11518,4pt 0.990 CB 12tpi Serr Auto SNN DP COIL,true,30-Sep-2025,P23-2377,26-Aug-2025,Completed,FALSE,National Steel Rule (NSR) - CLDF,500.00,1.3576728,678.84
11518,4pt 0.990 CB 12tpi Serr Auto SNN DP COIL,true,22-Dec-2025,P23-2458,22-Sep-2025,Completed,FALSE,National Steel Rule (NSR) - CLDF,"5,500.00",1.3359016,"7,347.46"
11518,4pt 0.990 CB 12tpi Serr Auto SNN DP COIL,true,28-Feb-2026,P23-2547,07-Nov-2025,Receiving,FALSE,National Steel Rule (NSR) - CLDF,"2,000.00",1.3590016,"2,718.00"
11518,4pt 0.990 CB 12tpi Serr Auto SNN DP COIL,true,30-Jul-2026,P23-2847,31-Mar-2026,Receiving,FALSE,National Steel Rule (NSR) - CLDF,"3,000.00",1.2844656,"3,853.40"
11518,4pt 0.990 CB 12tpi Serr Auto SNN DP COIL,true,21-Oct-2026,P23-3008,17-Jun-2026,Ordered,FALSE,National Steel Rule (NSR) - CLDF,"2,600.00",1.2466344,"3,241.25"
11518,4pt 0.990 CB 12tpi Serr Auto SNN DP COIL,true,29-Nov-2026,P23-3095,29-Jul-2026,Ordered,FALSE,National Steel Rule (NSR) - CLDF,"1,500.00",1.2617264,"1,892.59"
11568,4pt 0.990 CB 10tpi Serr Auto SNN DP COIL,false,29-Nov-2026,P23-3095,29-Jul-2026,Ordered,FALSE,National Steel Rule (NSR) - CLDF,100.00,1.2617264,126.17
11670,4pt 1.023 CB 10tpi Serr Auto SNN DP COIL,false,30-Sep-2025,P23-2377,26-Aug-2025,Completed,FALSE,National Steel Rule (NSR) - CLDF,"1,200.00",1.4656695,"1,758.80"
11670,4pt 1.023 CB 10tpi Serr Auto SNN DP COIL,false,22-Dec-2025,P23-2458,22-Sep-2025,Completed,FALSE,National Steel Rule (NSR) - CLDF,450.00,1.4421665,648.97
11670,4pt 1.023 CB 10tpi Serr Auto SNN DP COIL,false,28-Feb-2026,P23-2547,07-Nov-2025,Receiving,FALSE,National Steel Rule (NSR) - CLDF,300.00,1.4671040,440.13
11670,4pt 1.023 CB 10tpi Serr Auto SNN DP COIL,false,30-Jul-2026,P23-2847,31-Mar-2026,Receiving,FALSE,National Steel Rule (NSR) - CLDF,200.00,1.3866390,277.33
11670,4pt 1.023 CB 10tpi Serr Auto SNN DP COIL,false,21-Oct-2026,P23-3008,17-Jun-2026,Ordered,FALSE,National Steel Rule (NSR) - CLDF,400.00,1.3457985,538.32
11671,4pt 1.023 CB 10tpi Serr Auto Cur 66 x 90 (487mm ID) Reverse Curved,false,29-Nov-2026,P23-3095,29-Jul-2026,Ordered,FALSE,National Steel Rule (NSR) - CLDF,300.00,1.8782518,563.48
11672,4pt 0.937 CB 12tpi Serr Auto SNN DP COIL,false,30-Sep-2025,P23-2377,26-Aug-2025,Completed,FALSE,National Steel Rule (NSR) - CLDF,200.00,1.4502414,290.05
11672,4pt 0.937 CB 12tpi Serr Auto SNN DP COIL,false,30-Oct-2025,P23-2510,16-Oct-2025,Receiving,FALSE,National Steel Rule (NSR) - CLDF,200.00,1.4470924,289.42
11672,4pt 0.937 CB 12tpi Serr Auto SNN DP COIL,false,22-Dec-2025,P23-2458,22-Sep-2025,Completed,FALSE,National Steel Rule (NSR) - CLDF,"2,000.00",1.4269858,"2,853.97"
11672,4pt 0.937 CB 12tpi Serr Auto SNN DP COIL,false,31-Dec-2025,P23-2581,18-Nov-2025,Receiving,FALSE,National Steel Rule (NSR) - CLDF,200.00,1.4482204,289.64
11672,4pt 0.937 CB 12tpi Serr Auto SNN DP COIL,false,28-Feb-2026,P23-2547,07-Nov-2025,Receiving,FALSE,National Steel Rule (NSR) - CLDF,"1,000.00",1.4516608,"1,451.66"
11675,4pt 0.937 CB 12tpi Serr Auto Cur 45 x 90 (317mm ID) Reverse Curved,false,29-Nov-2026,P23-3095,29-Jul-2026,Ordered,FALSE,National Steel Rule (NSR) - CLDF,500.00,1.8925896,946.29
11676,4pt 0.970 CB 12tpi Serr Auto SNN DP COIL - Perf & C/Crease Manuf.,false,30-Sep-2025,P23-2377,26-Aug-2025,Completed,FALSE,National Steel Rule (NSR) - CLDF,"1,000.00",1.4502414,"1,450.24"
11676,4pt 0.970 CB 12tpi Serr Auto SNN DP COIL - Perf & C/Crease Manuf.,false,22-Dec-2025,P23-2458,22-Sep-2025,Completed,FALSE,National Steel Rule (NSR) - CLDF,"3,000.00",1.4269858,"4,280.96"
11676,4pt 0.970 CB 12tpi Serr Auto SNN DP COIL - Perf & C/Crease Manuf.,false,31-Dec-2025,P23-2581,18-Nov-2025,Receiving,FALSE,National Steel Rule (NSR) - CLDF,600.00,1.4482204,868.93
11676,4pt 0.970 CB 12tpi Serr Auto SNN DP COIL - Perf & C/Crease Manuf.,false,28-Feb-2026,P23-2547,07-Nov-2025,Receiving,FALSE,National Steel Rule (NSR) - CLDF,800.00,1.4516608,"1,161.33"
11679,4pt 0.970 CB 12tpi Serr Auto Cur 66 x 90 (487mm ID) Reverse Curved - Perf & C/Crease Manuf.,false,22-Dec-2025,P23-2458,22-Sep-2025,Completed,FALSE,National Steel Rule (NSR) - CLDF,600.00,1.9886717,"1,193.20"
11679,4pt 0.970 CB 12tpi Serr Auto Cur 66 x 90 (487mm ID) Reverse Curved - Perf & C/Crease Manuf.,false,23-Feb-2026,P23-2719,23-Jan-2026,Fully billed,FALSE,National Steel Rule (NSR) - CLDF,200.00,1.9131633,382.63
11679,4pt 0.970 CB 12tpi Serr Auto Cur 66 x 90 (487mm ID) Reverse Curved - Perf & C/Crease Manuf.,false,28-Feb-2026,P23-2547,07-Nov-2025,Receiving,FALSE,National Steel Rule (NSR) - CLDF,400.00,2.0230592,809.22
11679,4pt 0.970 CB 12tpi Serr Auto Cur 66 x 90 (487mm ID) Reverse Curved - Perf & C/Crease Manuf.,false,05-May-2026,P23-2740,02-Feb-2026,Receiving,FALSE,National Steel Rule (NSR) - CLDF,800.00,1.8805967,"1,504.48"
11679,4pt 0.970 CB 12tpi Serr Auto Cur 66 x 90 (487mm ID) Reverse Curved - Perf & C/Crease Manuf.,false,30-Jul-2026,P23-2847,31-Mar-2026,Receiving,FALSE,National Steel Rule (NSR) - CLDF,"1,000.00",1.9121022,"1,912.10"
11679,4pt 0.970 CB 12tpi Serr Auto Cur 66 x 90 (487mm ID) Reverse Curved - Perf & C/Crease Manuf.,false,21-Oct-2026,P23-3008,17-Jun-2026,Ordered,FALSE,National Steel Rule (NSR) - CLDF,300.00,1.8557853,556.74
11679,4pt 0.970 CB 12tpi Serr Auto Cur 66 x 90 (487mm ID) Reverse Curved - Perf & C/Crease Manuf.,false,29-Nov-2026,P23-3095,29-Jul-2026,Ordered,FALSE,National Steel Rule (NSR) - CLDF,800.00,1.8782518,"1,502.60"
11686,4pt 0.990 CB 12tpi Serr Auto Cur 66 x 90 (487mm ID) Reverse Curved,true,22-Dec-2025,P23-2458,22-Sep-2025,Completed,FALSE,National Steel Rule (NSR) - CLDF,"2,000.00",1.8824068,"3,764.81"
11686,4pt 0.990 CB 12tpi Serr Auto Cur 66 x 90 (487mm ID) Reverse Curved,true,28-Feb-2026,P23-2547,07-Nov-2025,Receiving,FALSE,National Steel Rule (NSR) - CLDF,"2,000.00",1.9149568,"3,829.91"
11686,4pt 0.990 CB 12tpi Serr Auto Cur 66 x 90 (487mm ID) Reverse Curved,true,05-May-2026,P23-2740,02-Feb-2026,Receiving,FALSE,National Steel Rule (NSR) - CLDF,"1,000.00",1.7801068,"1,780.11"
11686,4pt 0.990 CB 12tpi Serr Auto Cur 66 x 90 (487mm ID) Reverse Curved,true,30-Jul-2026,P23-2847,31-Mar-2026,Receiving,FALSE,National Steel Rule (NSR) - CLDF,"1,000.00",1.8099288,"1,809.93"
11686,4pt 0.990 CB 12tpi Serr Auto Cur 66 x 90 (487mm ID) Reverse Curved,true,29-Nov-2026,P23-3095,29-Jul-2026,Ordered,FALSE,National Steel Rule (NSR) - CLDF,"2,800.00",1.7778872,"4,978.08"
11688,"4pt 0.990 CB 12tpi Serr Auto Cur 45 x 90 (320mm ID)(12.5"" ID) Reverse Curved",false,30-Oct-2025,P23-2510,16-Oct-2025,Receiving,FALSE,National Steel Rule (NSR) - CLDF,300.00,2.0166926,605.01
11688,"4pt 0.990 CB 12tpi Serr Auto Cur 45 x 90 (320mm ID)(12.5"" ID) Reverse Curved",false,22-Dec-2025,P23-2458,22-Sep-2025,Completed,FALSE,National Steel Rule (NSR) - CLDF,"2,000.00",1.9886717,"3,977.34"
11688,"4pt 0.990 CB 12tpi Serr Auto Cur 45 x 90 (320mm ID)(12.5"" ID) Reverse Curved",false,28-Feb-2026,P23-2547,07-Nov-2025,Receiving,FALSE,National Steel Rule (NSR) - CLDF,"1,000.00",2.0230592,"2,023.06"
11688,"4pt 0.990 CB 12tpi Serr Auto Cur 45 x 90 (320mm ID)(12.5"" ID) Reverse Curved",false,21-Oct-2026,P23-3008,17-Jun-2026,Ordered,FALSE,National Steel Rule (NSR) - CLDF,500.00,1.8557853,927.89
11688,"4pt 0.990 CB 12tpi Serr Auto Cur 45 x 90 (320mm ID)(12.5"" ID) Reverse Curved",false,29-Nov-2026,P23-3095,29-Jul-2026,Ordered,FALSE,National Steel Rule (NSR) - CLDF,400.00,1.8782518,751.30
11689,4pt 0.990 CB 12tpi Serr Auto Cur 66 x 90 (487mm ID) No Notch Reverse Curved,false,30-Oct-2025,P23-2510,16-Oct-2025,Receiving,FALSE,National Steel Rule (NSR) - CLDF,200.00,1.9089304,381.79
11689,4pt 0.990 CB 12tpi Serr Auto Cur 66 x 90 (487mm ID) No Notch Reverse Curved,false,22-Dec-2025,P23-2458,22-Sep-2025,Completed,FALSE,National Steel Rule (NSR) - CLDF,"1,000.00",1.8824068,"1,882.41"
11689,4pt 0.990 CB 12tpi Serr Auto Cur 66 x 90 (487mm ID) No Notch Reverse Curved,false,23-Feb-2026,P23-2719,23-Jan-2026,Fully billed,FALSE,National Steel Rule (NSR) - CLDF,200.00,1.8109332,362.19
11689,4pt 0.990 CB 12tpi Serr Auto Cur 66 x 90 (487mm ID) No Notch Reverse Curved,false,28-Feb-2026,P23-2547,07-Nov-2025,Receiving,FALSE,National Steel Rule (NSR) - CLDF,800.00,1.9149568,"1,531.97"
11689,4pt 0.990 CB 12tpi Serr Auto Cur 66 x 90 (487mm ID) No Notch Reverse Curved,false,05-May-2026,P23-2740,02-Feb-2026,Receiving,FALSE,National Steel Rule (NSR) - CLDF,400.00,1.7801068,712.04
11691,4pt 1.023 CB 12tpi Serr Auto Cur 66 x 90 No Notch Reverse Curved,false,22-Dec-2025,P23-2458,22-Sep-2025,Completed,FALSE,National Steel Rule (NSR) - CLDF,500.00,1.8824068,941.20
11691,4pt 1.023 CB 12tpi Serr Auto Cur 66 x 90 No Notch Reverse Curved,false,23-Feb-2026,P23-2719,23-Jan-2026,Fully billed,FALSE,National Steel Rule (NSR) - CLDF,"1,000.00",1.8109332,"1,810.93"
11691,4pt 1.023 CB 12tpi Serr Auto Cur 66 x 90 No Notch Reverse Curved,false,21-Apr-2026,P23-2845,31-Mar-2026,Receiving,FALSE,National Steel Rule (NSR) - CLDF,800.00,1.8099288,"1,447.94"
11691,4pt 1.023 CB 12tpi Serr Auto Cur 66 x 90 No Notch Reverse Curved,false,05-May-2026,P23-2740,02-Feb-2026,Receiving,FALSE,National Steel Rule (NSR) - CLDF,"5,000.00",1.7801068,"8,900.53"
11691,4pt 1.023 CB 12tpi Serr Auto Cur 66 x 90 No Notch Reverse Curved,false,30-Jul-2026,P23-2847,31-Mar-2026,Receiving,FALSE,National Steel Rule (NSR) - CLDF,"4,000.00",1.8099288,"7,239.72"
11692,4pt 1.023 CB 12tpi Serr Auto SNN DP COIL,false,22-Dec-2025,P23-2458,22-Sep-2025,Completed,FALSE,National Steel Rule (NSR) - CLDF,"6,000.00",1.3359016,"8,015.41"
11692,4pt 1.023 CB 12tpi Serr Auto SNN DP COIL,false,14-Apr-2026,P23-2843,31-Mar-2026,Receiving,FALSE,National Steel Rule (NSR) - CLDF,"9,990.00",1.4000675,"13,986.68"
11692,4pt 1.023 CB 12tpi Serr Auto SNN DP COIL,false,05-May-2026,P23-2740,02-Feb-2026,Receiving,FALSE,National Steel Rule (NSR) - CLDF,"10,000.00",1.2633016,"12,633.02"
11692,4pt 1.023 CB 12tpi Serr Auto SNN DP COIL,false,30-Jun-2026,P23-2844,31-Mar-2026,Fully billed,FALSE,National Steel Rule (NSR) - CLDF,"18,000.00",1.4000675,"25,201.22"
11696,4pt 1.030 CB 8tpi Serr Ultra 8 Cur 66 x 90 Reverse Curved,false,30-Sep-2025,P23-2377,26-Aug-2025,Completed,FALSE,National Steel Rule (NSR) - CLDF,300.00,2.2062183,661.87
11696,4pt 1.030 CB 8tpi Serr Ultra 8 Cur 66 x 90 Reverse Curved,false,22-Dec-2025,P23-2458,22-Sep-2025,Completed,FALSE,National Steel Rule (NSR) - CLDF,600.00,2.1708401,"1,302.50"
11696,4pt 1.030 CB 8tpi Serr Ultra 8 Cur 66 x 90 Reverse Curved,false,28-Feb-2026,P23-2547,07-Nov-2025,Receiving,FALSE,National Steel Rule (NSR) - CLDF,"1,000.00",2.2083776,"2,208.38"
11698,6/4pt 22.10 (0.870) Laser Crease Cur 66 x 90 Reverse Curved,false,30-Sep-2025,P23-2377,26-Aug-2025,Completed,FALSE,National Steel Rule (NSR) - CLDF,300.00,2.3913555,717.41
11698,6/4pt 22.10 (0.870) Laser Crease Cur 66 x 90 Reverse Curved,false,22-Dec-2025,P23-2458,22-Sep-2025,Completed,FALSE,National Steel Rule (NSR) - CLDF,800.00,2.3530085,"1,882.41"
11698,6/4pt 22.10 (0.870) Laser Crease Cur 66 x 90 Reverse Curved,false,23-Feb-2026,P23-2719,23-Jan-2026,Fully billed,FALSE,National Steel Rule (NSR) - CLDF,"1,000.00",2.2636665,"2,263.67"
11698,6/4pt 22.10 (0.870) Laser Crease Cur 66 x 90 Reverse Curved,false,05-May-2026,P23-2740,02-Feb-2026,Receiving,FALSE,National Steel Rule (NSR) - CLDF,"2,600.00",2.2251335,"5,785.35"
11698,6/4pt 22.10 (0.870) Laser Crease Cur 66 x 90 Reverse Curved,false,30-Jul-2026,P23-2847,31-Mar-2026,Receiving,FALSE,National Steel Rule (NSR) - CLDF,"2,000.00",2.2624110,"4,524.82"
11699,6/4pt 22.60 (0.890) Laser Crease Cur 66 x 90 Reverse Curved,false,30-Sep-2025,P23-2377,26-Aug-2025,Completed,FALSE,National Steel Rule (NSR) - CLDF,400.00,3.1319043,"1,252.76"
11699,6/4pt 22.60 (0.890) Laser Crease Cur 66 x 90 Reverse Curved,false,22-Dec-2025,P23-2458,22-Sep-2025,Completed,FALSE,National Steel Rule (NSR) - CLDF,"1,000.00",3.0816821,"3,081.68"
11699,6/4pt 22.60 (0.890) Laser Crease Cur 66 x 90 Reverse Curved,false,31-Dec-2025,P23-2581,18-Nov-2025,Receiving,FALSE,National Steel Rule (NSR) - CLDF,500.00,3.1275398,"1,563.77"
11699,6/4pt 22.60 (0.890) Laser Crease Cur 66 x 90 Reverse Curved,false,28-Feb-2026,P23-2547,07-Nov-2025,Receiving,FALSE,National Steel Rule (NSR) - CLDF,"1,200.00",3.1349696,"3,761.96"
11699,6/4pt 22.60 (0.890) Laser Crease Cur 66 x 90 Reverse Curved,false,05-May-2026,P23-2740,02-Feb-2026,Receiving,FALSE,National Steel Rule (NSR) - CLDF,500.00,2.9142071,"1,457.10"
11699,6/4pt 22.60 (0.890) Laser Crease Cur 66 x 90 Reverse Curved,false,30-Jul-2026,P23-2847,31-Mar-2026,Receiving,FALSE,National Steel Rule (NSR) - CLDF,"1,000.00",2.9630286,"2,963.03"
11699,6/4pt 22.60 (0.890) Laser Crease Cur 66 x 90 Reverse Curved,false,21-Oct-2026,P23-3008,17-Jun-2026,Ordered,FALSE,National Steel Rule (NSR) - CLDF,600.00,2.8757589,"1,725.46"
11699,6/4pt 22.60 (0.890) Laser Crease Cur 66 x 90 Reverse Curved,false,29-Nov-2026,P23-3095,29-Jul-2026,Ordered,FALSE,National Steel Rule (NSR) - CLDF,500.00,2.9105734,"1,455.29"
11701,8/4pt 22.10 (0.870) Laser Crease Cur 66 x 90 Reverse Curved,false,30-Sep-2025,P23-2377,26-Aug-2025,Completed,FALSE,National Steel Rule (NSR) - CLDF,100.00,3.1319043,313.19
11701,8/4pt 22.10 (0.870) Laser Crease Cur 66 x 90 Reverse Curved,false,22-Dec-2025,P23-2458,22-Sep-2025,Completed,FALSE,National Steel Rule (NSR) - CLDF,200.00,3.0816821,616.34
11701,8/4pt 22.10 (0.870) Laser Crease Cur 66 x 90 Reverse Curved,false,05-May-2026,P23-2740,02-Feb-2026,Receiving,FALSE,National Steel Rule (NSR) - CLDF,100.00,2.9142071,291.42
11701,8/4pt 22.10 (0.870) Laser Crease Cur 66 x 90 Reverse Curved,false,21-Oct-2026,P23-3008,17-Jun-2026,Ordered,FALSE,National Steel Rule (NSR) - CLDF,100.00,2.8757589,287.58
11701,8/4pt 22.10 (0.870) Laser Crease Cur 66 x 90 Reverse Curved,false,29-Nov-2026,P23-3095,29-Jul-2026,Ordered,FALSE,National Steel Rule (NSR) - CLDF,500.00,2.9105734,"1,455.29"
11703,6/4pt 22.10 (0.870) Laser Crease Tru Fold Cur 66 x 90 Reverse Curved,false,22-Dec-2025,P23-2458,22-Sep-2025,Completed,FALSE,National Steel Rule (NSR) - CLDF,200.00,2.3530085,470.60
11703,6/4pt 22.10 (0.870) Laser Crease Tru Fold Cur 66 x 90 Reverse Curved,false,21-Apr-2026,P23-2845,31-Mar-2026,Receiving,FALSE,National Steel Rule (NSR) - CLDF,500.00,2.2624110,"1,131.21"
11703,6/4pt 22.10 (0.870) Laser Crease Tru Fold Cur 66 x 90 Reverse Curved,false,05-May-2026,P23-2740,02-Feb-2026,Receiving,FALSE,National Steel Rule (NSR) - CLDF,500.00,2.2251335,"1,112.57"
11703,6/4pt 22.10 (0.870) Laser Crease Tru Fold Cur 66 x 90 Reverse Curved,false,30-Jul-2026,P23-2847,31-Mar-2026,Receiving,FALSE,National Steel Rule (NSR) - CLDF,"1,000.00",2.2624110,"2,262.41"
11704,6/4pt 22.60 (0.890) Laser Crease Tru Fold Cur 66 x 90 Reverse Curved,false,21-Apr-2026,P23-2845,31-Mar-2026,Receiving,FALSE,National Steel Rule (NSR) - CLDF,200.00,3.3133374,662.67
11704,6/4pt 22.60 (0.890) Laser Crease Tru Fold Cur 66 x 90 Reverse Curved,false,05-May-2026,P23-2740,02-Feb-2026,Receiving,FALSE,National Steel Rule (NSR) - CLDF,400.00,3.2587439,"1,303.50"
11704,6/4pt 22.60 (0.890) Laser Crease Tru Fold Cur 66 x 90 Reverse Curved,false,30-Jul-2026,P23-2847,31-Mar-2026,Receiving,FALSE,National Steel Rule (NSR) - CLDF,600.00,3.3133374,"1,988.00"
11706,6/4pt 23.10 (0.909) Laser Crease Tru Fold Cur 66 x 90 Reverse Curved,false,23-Feb-2026,P23-2719,23-Jan-2026,Fully billed,FALSE,National Steel Rule (NSR) - CLDF,100.00,3.0084858,300.85
11706,6/4pt 23.10 (0.909) Laser Crease Tru Fold Cur 66 x 90 Reverse Curved,false,05-May-2026,P23-2740,02-Feb-2026,Receiving,FALSE,National Steel Rule (NSR) - CLDF,200.00,2.9572742,591.45
11706,6/4pt 23.10 (0.909) Laser Crease Tru Fold Cur 66 x 90 Reverse Curved,false,30-Jul-2026,P23-2847,31-Mar-2026,Receiving,FALSE,National Steel Rule (NSR) - CLDF,100.00,3.0068172,300.68
11707,4pt 0.945 / 0.740 M-Press Perf Score 10x10mm (0.394 x 0.394) 3/8N 66x90,,21-Oct-2026,P23-3007,17-Jun-2026,Ordered,FALSE,National Steel Rule (NSR),400.00,5.1032679,"2,041.31"
11721,Driving wheel spacer,,08-Apr-2026,P23-2839,25-Mar-2026,Receiving,FALSE,Hangzhou Youngsun Intelligent Company,10.00,1.4341100,14.34
11721,Driving wheel spacer,,29-Apr-2026,P23-2887,15-Apr-2026,Completed,FALSE,Hangzhou Youngsun Intelligent Company,6.00,0.6448694,3.87
11775,6/4pt 22.95 (0.903) Laser Crease Tru Fold SNN DP COIL,false,30-Jul-2026,P23-2847,31-Mar-2026,Receiving,FALSE,National Steel Rule (NSR) - CLDF,100.00,2.5835274,258.35
11775,6/4pt 22.95 (0.903) Laser Crease Tru Fold SNN DP COIL,false,29-Nov-2026,P23-3095,29-Jul-2026,Ordered,FALSE,National Steel Rule (NSR) - CLDF,100.00,2.5377906,253.78
11777,8/4pt 22.60 (0.890) Laser Crease SNN DP COIL,false,23-Feb-2026,P23-2719,23-Jan-2026,Fully billed,FALSE,National Steel Rule (NSR) - CLDF,300.00,2.3220837,696.63
11777,8/4pt 22.60 (0.890) Laser Crease SNN DP COIL,false,05-May-2026,P23-2740,02-Feb-2026,Receiving,FALSE,National Steel Rule (NSR) - CLDF,600.00,2.2825563,"1,369.53"
11777,8/4pt 22.60 (0.890) Laser Crease SNN DP COIL,false,29-Nov-2026,P23-3095,29-Jul-2026,Ordered,FALSE,National Steel Rule (NSR) - CLDF,600.00,2.2797102,"1,367.83"
11786,8/4pt 22.60 (0.890) Laser Crease Tru Fold SNN DP COIL,false,23-Feb-2026,P23-2719,23-Jan-2026,Fully billed,FALSE,National Steel Rule (NSR) - CLDF,200.00,2.2286162,445.72
11786,8/4pt 22.60 (0.890) Laser Crease Tru Fold SNN DP COIL,false,29-Nov-2026,P23-3095,29-Jul-2026,Ordered,FALSE,National Steel Rule (NSR) - CLDF,400.00,2.1879483,875.18
11826,"Serrated Tube Punch True 19.05mm (.750"") x 25.98 (1.023) IB",False,29-Nov-2026,P23-3095,29-Jul-2026,Ordered,FALSE,National Steel Rule (NSR) - CLDF,200.00,7.1689000,"1,433.78"
11828,"Serrated Tube Punch True 25.40mm (1.000"") x 25.98 (1.023) IB",False,30-Sep-2025,P23-2377,26-Aug-2025,Completed,FALSE,National Steel Rule (NSR) - CLDF,200.00,7.8683310,"1,573.67"
11828,"Serrated Tube Punch True 25.40mm (1.000"") x 25.98 (1.023) IB",False,21-Oct-2026,P23-3008,17-Jun-2026,Ordered,FALSE,National Steel Rule (NSR) - CLDF,200.00,7.8750462,"1,575.01"
11829,"Serrated Tube Punch True 28.58mm (1.125"") x 25.98 (1.023) IB",False,22-Dec-2025,P23-2458,22-Sep-2025,Completed,FALSE,National Steel Rule (NSR) - CLDF,100.00,8.3493850,834.94
11829,"Serrated Tube Punch True 28.58mm (1.125"") x 25.98 (1.023) IB",False,30-Jul-2026,P23-2847,31-Mar-2026,Receiving,FALSE,National Steel Rule (NSR) - CLDF,500.00,8.0279100,"4,013.96"
11830,"Serrated Tube Punch True 31.75mm (1.250"") x 25.98 (1.023) IB",False,29-Nov-2026,P23-3095,29-Jul-2026,Ordered,FALSE,National Steel Rule (NSR) - CLDF,100.00,8.9611250,896.11
11867,KPG EXD 400 XLO PLATE DEVELOPER 20L,False,,P23-2428,17-Sep-2025,Completed,FALSE,KODAK,15.00,55.2000000,828.00
11867,KPG EXD 400 XLO PLATE DEVELOPER 20L,False,,P23-2642,09-Dec-2025,Completed,FALSE,KODAK,15.00,55.2000000,828.00
11869,DB40 Rotary Plywood PB 13 x 178 x 1800,false,14-Jan-2026,P23-2518,20-Oct-2025,Receiving,TRUE,Penta Box SRL,120.00,57.5714096,"6,908.57"
11869,DB40 Rotary Plywood PB 13 x 178 x 1800,false,02-Sep-2026,P23-2908,28-Apr-2026,Ordered,TRUE,Penta Box SRL,75.00,52.3314624,"3,924.86"
11872,DB11 Rotary Plywood PB 13 x 360 x 2000,false,14-Jan-2026,P23-2518,20-Oct-2025,Receiving,TRUE,Penta Box SRL,15.00,76.7558974,"1,151.34"
11872,DB11 Rotary Plywood PB 13 x 360 x 2000,false,02-Sep-2026,P23-2908,28-Apr-2026,Ordered,TRUE,Penta Box SRL,12.00,69.7698456,837.24
11884,4pt 0.970 12tpi Perf Serr 06 x 06 SNN COIL,false,04-Mar-2026,P23-2777,18-Feb-2026,Fully billed,FALSE,National Steel Rule (NSR) - CLDF,200.00,1.7114036,342.28
11888,"Serrated Tube Punch True 25.40mm (1.000"") x 25.98 (1.023) IB Flat Base",false,21-Oct-2025,P23-2461,22-Sep-2025,Completed,FALSE,National Steel Rule (NSR) - CLDF,400.00,8.5447073,"3,417.88"
11888,"Serrated Tube Punch True 25.40mm (1.000"") x 25.98 (1.023) IB Flat Base",false,22-Dec-2025,P23-2458,22-Sep-2025,Completed,FALSE,National Steel Rule (NSR) - CLDF,500.00,8.5467341,"4,273.37"
11888,"Serrated Tube Punch True 25.40mm (1.000"") x 25.98 (1.023) IB Flat Base",false,28-Feb-2026,P23-2547,07-Nov-2025,Receiving,FALSE,National Steel Rule (NSR) - CLDF,500.00,8.6945216,"4,347.26"
11888,"Serrated Tube Punch True 25.40mm (1.000"") x 25.98 (1.023) IB Flat Base",false,21-Oct-2026,P23-3008,17-Jun-2026,Ordered,FALSE,National Steel Rule (NSR) - CLDF,600.00,7.9756269,"4,785.38"
11907,Kodak DITR Film - 838mm x 1123mm (33inch x 44.2inch) 1 PACK = 20 Sheets,False,,P23-2638,08-Dec-2025,Completed,FALSE,Ideal Solutions,2.00,"1,249.6000000","2,499.20"
11929,Speedmount Fastener Yellow 12mm ID Round Washer (12.5mm high),False,22-Dec-2025,P23-2459,22-Sep-2025,Completed,FALSE,JNL Manufacturing,"40,000.00",0.1214304,"4,857.22"
11929,Speedmount Fastener Yellow 12mm ID Round Washer (12.5mm high),False,29-Apr-2026,P23-2681,09-Jan-2026,Received / credited,FALSE,JNL Manufacturing,"20,000.00",0.1195088,"2,390.18"
11929,Speedmount Fastener Yellow 12mm ID Round Washer (12.5mm high),False,30-Jul-2026,P23-2916,30-Apr-2026,Receiving / credited,FALSE,JNL Manufacturing,"25,000.00",0.1122720,"2,806.80"
11929,Speedmount Fastener Yellow 12mm ID Round Washer (12.5mm high),False,25-Nov-2026,P23-3129,13-Aug-2026,Ordered,FALSE,JNL Manufacturing,"30,000.00",0.1134776,"3,404.33"
11937,"4pt 1.023 CB 12tpi Serr Auto Cur 368mm (14.49"") I.D. Reverse Curved",false,05-May-2026,P23-2740,02-Feb-2026,Receiving,FALSE,National Steel Rule (NSR) - CLDF,100.00,1.8949524,189.50
11937,"4pt 1.023 CB 12tpi Serr Auto Cur 368mm (14.49"") I.D. Reverse Curved",false,29-Nov-2026,P23-3095,29-Jul-2026,Ordered,FALSE,National Steel Rule (NSR) - CLDF,300.00,1.8925896,567.78
11994,DB366 Rotary Plywood PB 13 x 366 x 2000,false,14-Jan-2026,P23-2518,20-Oct-2025,Receiving,TRUE,Penta Box SRL,60.00,76.7558974,"4,605.35"
11994,DB366 Rotary Plywood PB 13 x 366 x 2000,false,02-Sep-2026,P23-2908,28-Apr-2026,Ordered,TRUE,Penta Box SRL,24.00,69.7698456,"1,674.48"
12316,4pt 25.40 (1.000) CB 10tpi 12.6''ID (320mm) Reverse Curved no-notch plain box,,12-Oct-2026,P23-3056,12-Jul-2026,Ordered,FALSE,National Steel Rule (NSR),"1,000.00",2.3504993,"2,350.50"
12351,4pt 26.416 (1.040) CB 10tpi 50x90 reverse curve no-notch plain box,,12-Oct-2026,P23-3056,12-Jul-2026,Ordered,FALSE,National Steel Rule (NSR),600.00,2.3504993,"1,410.30"
1236,SILICONE LUBRICANT 300g,,,P23-2468,30-Sep-2025,Completed,TRUE,Aerosolve Pty Ltd,12.00,8.6300000,103.56
1248,Spray Adhesive 3M SUPER 77,False,,P23-2538,31-Oct-2025,Completed,TRUE,ATA Distributors,24.00,24.2300000,581.52
1248,Spray Adhesive 3M SUPER 77,False,,P23-2697,15-Jan-2026,Completed,TRUE,ATA Distributors,5.00,24.2300000,121.15
1248,Spray Adhesive 3M SUPER 77,False,,P23-2742,02-Feb-2026,Completed,TRUE,ATA Distributors,24.00,24.2300000,581.52
1280,2pt 0.918 12tpi CB Business Form Perf .051x.032 COIL,False,21-Oct-2026,P23-3007,17-Jun-2026,Ordered,FALSE,National Steel Rule (NSR),600.00,1.0058073,603.48
1280,2pt 0.918 12tpi CB Business Form Perf .051x.032 COIL,False,29-Nov-2026,P23-3094,29-Jul-2026,Ordered,FALSE,National Steel Rule (NSR),600.00,1.0179838,610.79
12883,DB40s Rotary Plywood PB 13 x 175 x 1800,false,14-Jan-2026,P23-2518,20-Oct-2025,Receiving,TRUE,Penta Box SRL,45.00,52.3311192,"2,354.90"
12883,DB40s Rotary Plywood PB 13 x 175 x 1800,false,02-Sep-2026,P23-2908,28-Apr-2026,Ordered,TRUE,Penta Box SRL,15.00,47.5681248,713.52
12895,4pt 1.023 CB 10tpi Serr Auto SNN DP COIL,false,,P23-2862,13-Apr-2026,Completed,FALSE,Bohler (Voestalpine),137.00,3.9005889,534.37
12895,4pt 1.023 CB 10tpi Serr Auto SNN DP COIL,false,,P23-3001,16-Jun-2026,Fully billed,FALSE,Martin Miller (Voestalpine),"1,553.80",3.8503149,"5,982.60"
12895,4pt 1.023 CB 10tpi Serr Auto SNN DP COIL,false,,P23-3002,16-Jun-2026,Completed,FALSE,Martin Miller (Voestalpine),137.10,3.8974684,534.33
12895,4pt 1.023 CB 10tpi Serr Auto SNN DP COIL,false,,P23-3003,16-Jun-2026,Completed,FALSE,Martin Miller (Voestalpine),548.30,3.8940196,"2,135.08"
12895,4pt 1.023 CB 10tpi Serr Auto SNN DP COIL,false,,P23-3142,20-Aug-2026,Fully billed,FALSE,Bohler (Voestalpine),137.10,3.8521551,528.13
12895,4pt 1.023 CB 10tpi Serr Auto SNN DP COIL,false,15-Oct-2025,P23-2466,29-Sep-2025,Completed,FALSE,Bohler (Voestalpine),137.10,4.1902446,574.48
12895,4pt 1.023 CB 10tpi Serr Auto SNN DP COIL,false,28-Feb-2026,P23-2734,30-Jan-2026,Completed,FALSE,Bohler (Voestalpine),420.00,3.7981806,"1,595.24"
12896,4pt 1.023 CB 10tpi Serr Auto Cur 66 x 90 (487mm ID) Reverse Curved,False,,P23-2863,13-Apr-2026,Completed,FALSE,Martin Miller (Voestalpine),152.50,5.2994072,808.16
12896,4pt 1.023 CB 10tpi Serr Auto Cur 66 x 90 (487mm ID) Reverse Curved,False,,P23-3001,16-Jun-2026,Fully billed,FALSE,Martin Miller (Voestalpine),152.50,5.2310855,797.74
12896,4pt 1.023 CB 10tpi Serr Auto Cur 66 x 90 (487mm ID) Reverse Curved,False,,P23-3002,16-Jun-2026,Completed,FALSE,Martin Miller (Voestalpine),152.50,5.2944580,807.42
12896,4pt 1.023 CB 10tpi Serr Auto Cur 66 x 90 (487mm ID) Reverse Curved,False,,P23-3003,16-Jun-2026,Completed,FALSE,Martin Miller (Voestalpine),178.50,5.2904539,944.35
12896,4pt 1.023 CB 10tpi Serr Auto Cur 66 x 90 (487mm ID) Reverse Curved,False,,P23-3142,20-Aug-2026,Fully billed,FALSE,Bohler (Voestalpine),152.50,5.2336041,798.12
12896,4pt 1.023 CB 10tpi Serr Auto Cur 66 x 90 (487mm ID) Reverse Curved,False,15-Oct-2025,P23-2466,29-Sep-2025,Completed,FALSE,Bohler (Voestalpine),152.50,5.6929182,868.17
12896,4pt 1.023 CB 10tpi Serr Auto Cur 66 x 90 (487mm ID) Reverse Curved,False,15-May-2026,P23-2861,13-Apr-2026,Completed,FALSE,Martin Miller (Voestalpine),152.50,5.3026392,808.66
13-0442X,Cotton Swatch cards - Green Glow (P-13-0442X),false,03-Feb-2026,P23-2708,20-Jan-2026,Completed,FALSE,Pantone,1.00,13.0399500,13.04
13-0647X,Cotton Swatch cards - Illuminating (P-13-0647X),false,03-Feb-2026,P23-2708,20-Jan-2026,Completed,FALSE,Pantone,1.00,13.0399500,13.04
1322,2pt 0.918 30tpi CB Micro Perf .021x.012 COIL Deep Bobler Universal,False,24-Feb-2026,P23-2556,13-Nov-2025,Completed,FALSE,Speedi-Tear,300.00,15.4994575,"4,649.84"
13-2800X,Cotton Swatch cards - Pink Tulle(P-13-2800X),false,03-Feb-2026,P23-2708,20-Jan-2026,Completed,FALSE,Pantone,1.00,13.0399500,13.04
133029,Diecutting Plate 1 mm medium hard (HRC 35) for Kama Procut 76,false,17-Mar-2026,P23-2659,19-Dec-2025,Completed,FALSE,Perivo B.V.,25.00,64.8587060,"1,621.47"
13-4303X,Cotton Swatch cards - Dawn Blue (P-13-4303X),false,03-Feb-2026,P23-2708,20-Jan-2026,Completed,FALSE,Pantone,1.00,13.0399500,13.04
13-4405X,Cotton Swatch cards - Misty Blue (P-13-4405X),false,03-Feb-2026,P23-2708,20-Jan-2026,Completed,FALSE,Pantone,1.00,13.0399500,13.04
1366,Conway Gripper Bar Complete fits Bobst Mastercut 2.1,false,20-Jan-2026,P23-2672,06-Jan-2026,Completed,FALSE,"Conway Machine, Inc.",1.00,"4,278.3840000","4,278.38"
13820,PERFATYPE SHIM 25mm x 2.5mm Base (1M Length) YELLOW,False,30-Sep-2025,P23-2424,16-Sep-2025,Received / credited,FALSE,JNL Manufacturing,25.00,1.4245630,35.61
13820,PERFATYPE SHIM 25mm x 2.5mm Base (1M Length) YELLOW,False,22-Dec-2025,P23-2459,22-Sep-2025,Completed,FALSE,JNL Manufacturing,50.00,1.4419860,72.10
13821,PERFATYPE SHIM 25mm x 3.5mm Base (1M Length) BLUE,False,30-Sep-2025,P23-2424,16-Sep-2025,Received / credited,FALSE,JNL Manufacturing,25.00,1.4245630,35.61
13821,PERFATYPE SHIM 25mm x 3.5mm Base (1M Length) BLUE,False,22-Dec-2025,P23-2459,22-Sep-2025,Completed,FALSE,JNL Manufacturing,50.00,1.4419860,72.10
13821,PERFATYPE SHIM 25mm x 3.5mm Base (1M Length) BLUE,False,30-Jul-2026,P23-2916,30-Apr-2026,Receiving / credited,FALSE,JNL Manufacturing,50.00,1.3332300,66.66
13829,DB9 Rotary Plywood SG 13 x 487 x 2400,false,30-May-2026,P23-2759,10-Feb-2026,Completed,TRUE,Yitai,40.00,87.6723400,"3,506.89"
13829,DB9 Rotary Plywood SG 13 x 487 x 2400,false,30-Jul-2026,P23-2816,13-Mar-2026,Fully billed,TRUE,Yitai,220.00,87.7665800,"19,308.65"
13830,DB42 Rotary Plywood SG 13 x 270 x 2400,false,30-Jul-2026,P23-2816,13-Mar-2026,Fully billed,TRUE,Yitai,50.00,61.4366060,"3,071.83"
13832,DB366A Rotary Plywood SG 13 x 366 x 2400,false,30-May-2026,P23-2759,10-Feb-2026,Completed,TRUE,Yitai,40.00,69.0066160,"2,760.26"
13832,DB366A Rotary Plywood SG 13 x 366 x 2400,false,30-Jul-2026,P23-2816,13-Mar-2026,Fully billed,TRUE,Yitai,40.00,67.9483200,"2,717.93"
14-0958X,Cotton Swatch cards - Bumblebee(P-14-0958X),false,03-Feb-2026,P23-2708,20-Jan-2026,Completed,FALSE,Pantone,1.00,13.0399500,13.04
14-1106X,Cotton Swatch cards - Peyote (P-14-1106X),false,03-Feb-2026,P23-2708,20-Jan-2026,Completed,FALSE,Pantone,1.00,13.0399500,13.04
14-1135X,Cotton Swatch cards - Salmon Buff (P-14-1135X),false,03-Feb-2026,P23-2708,20-Jan-2026,Completed,FALSE,Pantone,1.00,13.0399500,13.04
14-1911X,Cotton Swatch cards - Candy Pink (P-14-1911X),false,03-Feb-2026,P23-2708,20-Jan-2026,Completed,FALSE,Pantone,1.00,13.0399500,13.04
14-4123X,Cotton Swatch cards - Clear Sky(P-14-4123X),false,03-Feb-2026,P23-2708,20-Jan-2026,Completed,FALSE,Pantone,1.00,13.0399500,13.04
15-0523X,Cotton Swatch cards - Winter Pear (P-15-0523X),false,03-Feb-2026,P23-2708,20-Jan-2026,Completed,FALSE,Pantone,2.00,13.0399500,26.08
15-1217X,Cotton Swatch cards - Mojave Desert (P-15-1217X),false,03-Feb-2026,P23-2708,20-Jan-2026,Completed,FALSE,Pantone,4.00,13.0399500,52.16
15-1239X,Cotton Swatch cards - Canteloupe (P-15-1239X),false,03-Feb-2026,P23-2708,20-Jan-2026,Completed,FALSE,Pantone,3.00,13.0399500,39.12
15-2215X,Cotton Swatch cards - Begonia Pink (P-15-2215X),false,03-Feb-2026,P23-2708,20-Jan-2026,Completed,FALSE,Pantone,2.00,13.0399500,26.08
1534,2pt 23.80 (0.937) A HP34 Viking Flex SNN COIL CC/WISE ID-356,False,,P23-2729,29-Jan-2026,Completed,FALSE,Martin Miller (Voestalpine),200.00,1.4094974,281.90
1534,2pt 23.80 (0.937) A HP34 Viking Flex SNN COIL CC/WISE ID-356,False,,P23-2730,30-Jan-2026,Completed,FALSE,Martin Miller (Voestalpine),300.00,1.4117910,423.55
1534,2pt 23.80 (0.937) A HP34 Viking Flex SNN COIL CC/WISE ID-356,False,,P23-2863,13-Apr-2026,Completed,FALSE,Martin Miller (Voestalpine),300.00,1.3819225,414.59
1534,2pt 23.80 (0.937) A HP34 Viking Flex SNN COIL CC/WISE ID-356,False,,P23-3001,16-Jun-2026,Fully billed,FALSE,Martin Miller (Voestalpine),300.00,1.3641063,409.25
1534,2pt 23.80 (0.937) A HP34 Viking Flex SNN COIL CC/WISE ID-356,False,,P23-3003,16-Jun-2026,Completed,FALSE,Martin Miller (Voestalpine),312.00,1.3796918,430.48
1534,2pt 23.80 (0.937) A HP34 Viking Flex SNN COIL CC/WISE ID-356,False,,P23-3143,20-Aug-2026,Fully billed,FALSE,Martin Miller (Voestalpine),"1,000.00",1.3633885,"1,363.39"
1534,2pt 23.80 (0.937) A HP34 Viking Flex SNN COIL CC/WISE ID-356,False,15-Oct-2025,P23-2466,29-Sep-2025,Completed,FALSE,Bohler (Voestalpine),100.00,1.4845977,148.46
1534,2pt 23.80 (0.937) A HP34 Viking Flex SNN COIL CC/WISE ID-356,False,02-Jul-2026,P23-3014,19-Jun-2026,Fully billed,FALSE,Martin Miller (Voestalpine),300.00,1.2892563,386.78
15-3932X,Cotton Swatch cards - Bel Air Blue (P-15-3932X),false,03-Feb-2026,P23-2708,20-Jan-2026,Completed,FALSE,Pantone,1.00,13.0399500,13.04
15-4401TPG,TPG Sheet : Sweatshirt Gray(15-4401TPG),,03-Feb-2026,P23-2708,20-Jan-2026,Completed,FALSE,Pantone,1.00,14.3513964,14.35
15-6307TPG,TPG Sheet : Agate Gray (15-6307TPG),,03-Feb-2026,P23-2708,20-Jan-2026,Completed,FALSE,Pantone,1.00,14.3513964,14.35
16-1139X,Cotton Swatch cards - Amber Gold (P-16-1139X),false,03-Feb-2026,P23-2708,20-Jan-2026,Completed,FALSE,Pantone,1.00,13.0399500,13.04
16-1315X,Cotton Swatch cards - Cornstalk (P-16-1315X),false,03-Feb-2026,P23-2708,20-Jan-2026,Completed,FALSE,Pantone,1.00,13.0399500,13.04
16-4033X,Cotton Swatch cards - GRANADA SKY (P-16-4033X),false,03-Feb-2026,P23-2708,20-Jan-2026,Completed,FALSE,Pantone,1.00,13.0399500,13.04
16-4114X,Cotton Swatch cards - Stone Blue (P-16-4114X),false,03-Feb-2026,P23-2708,20-Jan-2026,Completed,FALSE,Pantone,1.00,13.0399500,13.04
16-4705X,Cotton Swatch cards - Gray Illusions(P-16-4705X),false,09-Jun-2026,P23-2974,28-May-2026,Fully billed,FALSE,Pantone,1.00,10.2799152,10.28
16-5721X,Cotton Swatch cards - Marine Green (P-16-5721X),false,03-Feb-2026,P23-2708,20-Jan-2026,Completed,FALSE,Pantone,1.00,13.0399500,13.04
17-0535X,Cotton Swatch cards - Green Olive (P-17-0535X),false,03-Feb-2026,P23-2708,20-Jan-2026,Completed,FALSE,Pantone,1.00,13.0399500,13.04
17-1410X,Cotton Swatch cards - Pine Bark (P-17-1410X),false,03-Feb-2026,P23-2708,20-Jan-2026,Completed,FALSE,Pantone,1.00,13.0399500,13.04
17-3934X,Cotton Swatch cards - Persian Jewel (P-17-3934X),false,03-Feb-2026,P23-2708,20-Jan-2026,Completed,FALSE,Pantone,1.00,13.0399500,13.04
17-4028X,Cotton Swatch cards - RIVERSIDE (P-17-4028X),false,03-Feb-2026,P23-2708,20-Jan-2026,Completed,FALSE,Pantone,5.00,13.0399500,65.20
18-0307TPG,TPG Sheet : Dark Night(18-0307TPG),,03-Feb-2026,P23-2708,20-Jan-2026,Completed,FALSE,Pantone,1.00,14.3513964,14.35
18-0516TPG,TPG Sheet : Smokey Olive (P-18-0516TPG),,03-Feb-2026,P23-2708,20-Jan-2026,Completed,,Pantone,1.00,14.3513964,14.35
18-0832X,Cotton Swatch cards - Plantation (P-18-0832X),false,03-Feb-2026,P23-2708,20-Jan-2026,Completed,FALSE,Pantone,1.00,13.0399500,13.04
18-1030X,Cotton Swatch cards - Thrush (P-18-1030X),false,03-Feb-2026,P23-2708,20-Jan-2026,Completed,FALSE,Pantone,1.00,13.0399500,13.04
18-1108TPG,TPG Sheet : Fallen Rock (18-1108TPG),,03-Feb-2026,P23-2708,20-Jan-2026,Completed,FALSE,Pantone,1.00,14.3513964,14.35
18-1250X,Cotton Swatch cards - Bombay Brown (P-18-1250X),false,03-Feb-2026,P23-2708,20-Jan-2026,Completed,FALSE,Pantone,1.00,13.0399500,13.04
18-1350X,Cotton Swatch cards - Burnt Brick (P-18-1350X),false,03-Feb-2026,P23-2708,20-Jan-2026,Completed,FALSE,Pantone,1.00,13.0399500,13.04
18-1657X,Cotton Swatch cards - Salsa (P-18-1657X),false,03-Feb-2026,P23-2708,20-Jan-2026,Completed,FALSE,Pantone,1.00,13.0399500,13.04
18-3901TPG,TPG Sheet : Tire Tread(18-3901TPG),,03-Feb-2026,P23-2708,20-Jan-2026,Completed,FALSE,Pantone,1.00,14.3513964,14.35
18-4004X,Cotton Swatch cards - Poppy Seed(P-18-4004X),false,03-Feb-2026,P23-2708,20-Jan-2026,Completed,FALSE,Pantone,1.00,13.0399500,13.04
18-4043X,Cotton Swatch cards - Palace Blue (P-18-4043X),false,03-Feb-2026,P23-2708,20-Jan-2026,Completed,FALSE,Pantone,1.00,13.0399500,13.04
18-4726X,Cotton Swatch cards - Biscay Bay (P-18-4726X),false,03-Feb-2026,P23-2708,20-Jan-2026,Completed,FALSE,Pantone,1.00,13.0399500,13.04
18-6330X,Cotton Swatch cards - Juniper (P-18-6330X),false,03-Feb-2026,P23-2708,20-Jan-2026,Completed,FALSE,Pantone,1.00,13.0399500,13.04
19-0414X,Cotton Swatch cards - Forest Night (P-19-0414X),false,03-Feb-2026,P23-2708,20-Jan-2026,Completed,FALSE,Pantone,1.00,13.0399500,13.04
19-0912X,Cotton Swatch cards - Chocolate Brown (P-19-0912X),false,03-Feb-2026,P23-2708,20-Jan-2026,Completed,FALSE,Pantone,2.00,13.0399500,26.08
19-0914TPG,TPG Sheet : Solemnity(19-0914TPG),,03-Feb-2026,P23-2708,20-Jan-2026,Completed,FALSE,Pantone,1.00,14.3513964,14.35
19-1224X,Cotton Swatch cards - FONDUE FUDGE (P-19-1224X),false,03-Feb-2026,P23-2708,20-Jan-2026,Completed,FALSE,Pantone,1.00,13.0399500,13.04
19-1234X,Cotton Swatch cards - ROCKY ROAD (P-19-1234X),false,03-Feb-2026,P23-2708,20-Jan-2026,Completed,FALSE,Pantone,1.00,13.0399500,13.04
19-1327X,Cotton Swatch cards - Andorra (P-19-1327X),false,03-Feb-2026,P23-2708,20-Jan-2026,Completed,FALSE,Pantone,4.00,13.0399500,52.16
19-1655X,Cotton Swatch cards - Garnet (P-19-1655X),false,03-Feb-2026,P23-2708,20-Jan-2026,Completed,FALSE,Pantone,1.00,13.0399500,13.04
19-1725X,Cotton Swatch cards - Tawny Port (P-19-1725X),false,03-Feb-2026,P23-2708,20-Jan-2026,Completed,FALSE,Pantone,1.00,13.0399500,13.04
19-3713X,Cotton Swatch cards - Deep Well (P-19-3713X),false,03-Feb-2026,P23-2708,20-Jan-2026,Completed,FALSE,Pantone,1.00,13.0399500,13.04
19372,4pt 25.40 (1.000) CB 10tpi 15.75''ID (400mm) Reverse Curved no-notch plain box,,12-Oct-2026,P23-3056,12-Jul-2026,Ordered,FALSE,National Steel Rule (NSR),800.00,2.3504993,"1,880.40"
19-3912X,Cotton Swatch cards - Volcanic Ash(P-19-3912X),false,03-Feb-2026,P23-2708,20-Jan-2026,Completed,FALSE,Pantone,1.00,13.0399500,13.04
19-3915TPG,TPG Sheet : Graystone (19-3915TPG),,03-Feb-2026,P23-2708,20-Jan-2026,Completed,FALSE,Pantone,1.00,14.3513964,14.35
19-3944TPG,TPG Sheet : Overture (P-19-3944TPG),,03-Feb-2026,P23-2708,20-Jan-2026,Completed,,Pantone,1.00,14.3513964,14.35
19-3953X,Cotton Swatch cards - Sodalite Blue (P-19-3953X),false,03-Feb-2026,P23-2708,20-Jan-2026,Completed,FALSE,Pantone,1.00,13.0399500,13.04
19-4008X,Cotton Swatch cards - Meteorite (P-19-4008X),false,03-Feb-2026,P23-2708,20-Jan-2026,Completed,FALSE,Pantone,1.00,13.0399500,13.04
19-4013X,Cotton Swatch cards - Dark Navy (P-19-4013X),false,03-Feb-2026,P23-2708,20-Jan-2026,Completed,FALSE,Pantone,1.00,13.0399500,13.04
19-4017TPG,TPG Sheet : Spellbound (P-19-4017TPG),,03-Feb-2026,P23-2708,20-Jan-2026,Completed,,Pantone,1.00,14.3513964,14.35
19-4035X,Cotton Swatch cards - Dark Blue (P-19-4035X),false,03-Feb-2026,P23-2708,20-Jan-2026,Completed,FALSE,Pantone,1.00,13.0399500,13.04
19-4042X,Cotton Swatch cards - Set Sail(P-19-4042X),false,03-Feb-2026,P23-2708,20-Jan-2026,Completed,FALSE,Pantone,1.00,13.0399500,13.04
19-4044X,Cotton Swatch cards - Limoges (P-19-4044X),false,03-Feb-2026,P23-2708,20-Jan-2026,Completed,FALSE,Pantone,1.00,13.0399500,13.04
19-4057X,Cotton Swatch cards - True Blue (P-19-4057X),false,03-Feb-2026,P23-2708,20-Jan-2026,Completed,FALSE,Pantone,1.00,13.0399500,13.04
19-4111X,Cotton Swatch cards - Pageant Blue (P-19-4111X),false,03-Feb-2026,P23-2708,20-Jan-2026,Completed,FALSE,Pantone,1.00,13.0399500,13.04
19-4120X,Cotton Swatch cards - BLUE OPAL (P-19-4120X),false,03-Feb-2026,P23-2708,20-Jan-2026,Completed,FALSE,Pantone,1.00,13.0399500,13.04
19-4150X,Cotton Swatch cards - Princess Blue (P-19-4150X),false,03-Feb-2026,P23-2708,20-Jan-2026,Completed,FALSE,Pantone,2.00,13.0399500,26.08
19426,12.02mm x 0.5mm H3 Perf 8TPI x 0.80mm C/B COIL CW,False,26-May-2026,P23-2925,04-May-2026,Fully billed,FALSE,Essmann+Schaefer GmbH+Co.KG,100.00,8.2323670,823.24
19-4517X,Cotton Swatch cards - Mediterranea (P-19-4517X),false,03-Feb-2026,P23-2708,20-Jan-2026,Completed,FALSE,Pantone,1.00,13.0399500,13.04
19-5408X,Cotton Swatch cards - Bistro Green (P-19-5408X),false,03-Feb-2026,P23-2708,20-Jan-2026,Completed,FALSE,Pantone,1.00,13.0399500,13.04
19-5918X,Cotton Swatch cards - Mountain View (P-19-5918X),false,03-Feb-2026,P23-2708,20-Jan-2026,Completed,FALSE,Pantone,1.00,13.0399500,13.04
19-6350X,Cotton Swatch cards - Formal Garden(P-19-6350X),false,03-Feb-2026,P23-2708,20-Jan-2026,Completed,FALSE,Pantone,1.00,13.0399500,13.04
20009,1000 Series Display Screen,,08-Apr-2026,P23-2839,25-Mar-2026,Receiving,FALSE,Hangzhou Youngsun Intelligent Company,2.00,1.4341100,2.87
2000B,Emmoco 2000B Semi Automatic Pallet Wrapper With Power Head,false,30-Mar-2026,P23-2821,16-Mar-2026,Partially billed,,Hangzhou Youngsun Intelligent Company,1.00,"4,023.9308200","4,023.93"
2000B,Emmoco 2000B Semi Automatic Pallet Wrapper With Power Head,false,30-Apr-2026,P23-2684,09-Jan-2026,Completed,,Hangzhou Youngsun Intelligent Company,2.00,"6,739.9774400","13,479.95"
2000F,"Emmoco 2000F Fully Automatic Pallet Wrapper With Power Head, Auto Cut and Auto Heat Seal",false,30-Mar-2026,P23-2821,16-Mar-2026,Partially billed,,Hangzhou Youngsun Intelligent Company,1.00,"4,707.1860000","4,707.19"
2000F-3000EM,"Emmoco 2000F Fully Automatic Pallet Wrapper With Power Head, Auto Cut and Auto Heat Seal - 3000mm (600mm Extended Mast)",false,30-Mar-2026,P23-2821,16-Mar-2026,Partially billed,,Hangzhou Youngsun Intelligent Company,1.00,"4,992.4700000","4,992.47"
2000F-3000EM,"Emmoco 2000F Fully Automatic Pallet Wrapper With Power Head, Auto Cut and Auto Heat Seal - 3000mm (600mm Extended Mast)",false,30-Apr-2026,P23-2684,09-Jan-2026,Completed,,Hangzhou Youngsun Intelligent Company,3.00,"5,241.0400000","15,723.12"
2000F-S/STT,2000F- S/S 304 Turntable,,30-Apr-2026,P23-2684,09-Jan-2026,Completed,FALSE,Hangzhou Youngsun Intelligent Company,1.00,"2,994.8800000","2,994.88"
2000Fscreen,2000F Touch screen,,26-Jan-2026,P23-2707,20-Jan-2026,Completed,FALSE,Hangzhou Youngsun Intelligent Company,1.00,245.9077500,245.91
2000KS,"Emmoco 2000K Semi Automatic Pallet Wrapper With Power Head, Auto Cut and Scales (Max 2000kg scale weight capacity)",false,08-Apr-2026,P23-2840,25-Mar-2026,Ordered,,Hangzhou Youngsun Intelligent Company,2.00,"5,995.7084000","11,991.42"
2000KS,"Emmoco 2000K Semi Automatic Pallet Wrapper With Power Head, Auto Cut and Scales (Max 2000kg scale weight capacity)",false,30-Apr-2026,P23-2684,09-Jan-2026,Completed,,Hangzhou Youngsun Intelligent Company,2.00,"6,259.2992000","12,518.60"
20345,Crescent Heavy-Duty End Cutting Nipper Pilers 14,,21-May-2026,P23-2953,14-May-2026,Received,FALSE,National Steel Rule (NSR),12.00,53.1039504,637.25
20561,2pt 23.80 (0.937) A HP40 Viking Flex SUPRA Z SNN COIL CC/WISE ID=356mm,,,P23-3143,20-Aug-2026,Fully billed,FALSE,Martin Miller (Voestalpine),100.00,2.0721536,207.22
21079,POLYESTER STRAP 16MMX.9MMX1100m GREEN EMBOSSED,false,,P23-2491,10-Oct-2025,Completed,,JC Gilmore,3.00,82.0000000,246.00
21079,POLYESTER STRAP 16MMX.9MMX1100m GREEN EMBOSSED,false,,P23-2711,21-Jan-2026,Completed,,JC Gilmore,3.00,82.0000000,246.00
21079,POLYESTER STRAP 16MMX.9MMX1100m GREEN EMBOSSED,false,,P23-2905,24-Apr-2026,Completed,,JC Gilmore,3.00,82.0000000,246.00
21080,POLYESTER STRAP 19MMX800MX1MM EMBOSSED GREEN,false,,P23-2643,10-Dec-2025,Completed,,JC Gilmore,2.00,68.0000000,136.00
2271,8/4pt 22.60 (0.890) Laser Crease Tru Fold Cur 66 x 90 Reverse Curved,false,30-Jul-2026,P23-2847,31-Mar-2026,Receiving,FALSE,National Steel Rule (NSR) - CLDF,100.00,3.3133374,331.33
2271,8/4pt 22.60 (0.890) Laser Crease Tru Fold Cur 66 x 90 Reverse Curved,false,21-Oct-2026,P23-3008,17-Jun-2026,Ordered,FALSE,National Steel Rule (NSR) - CLDF,100.00,3.2157501,321.58
2327464,used with 6001 bearing Φ32 plastic bearing ,,31-May-2026,P23-2965,21-May-2026,Completed,FALSE,Hangzhou Youngsun Intelligent Company,2.00,0.7426466,1.49
23323,Drafting Film 110mic 914mm x 46M Matte/Matte (50mm Core),False,22-Dec-2025,P23-2459,22-Sep-2025,Completed,FALSE,JNL Manufacturing,8.00,82.7244600,661.80
23323,Drafting Film 110mic 914mm x 46M Matte/Matte (50mm Core),False,29-Apr-2026,P23-2681,09-Jan-2026,Received / credited,FALSE,JNL Manufacturing,10.00,81.4153700,814.15
23323,Drafting Film 110mic 914mm x 46M Matte/Matte (50mm Core),False,30-Jul-2026,P23-2916,30-Apr-2026,Receiving / credited,FALSE,JNL Manufacturing,10.00,76.4853000,764.85
23323,Drafting Film 110mic 914mm x 46M Matte/Matte (50mm Core),False,25-Nov-2026,P23-3129,13-Aug-2026,Ordered,FALSE,JNL Manufacturing,16.00,77.3066150,"1,236.91"
23328,2pt 22.60 (.890) Crease SNN COIL,,,P23-2467,29-Sep-2025,Completed,FALSE,Martin Miller (Voestalpine),100.00,1.0910383,109.10
23328,2pt 22.60 (.890) Crease SNN COIL,,,P23-3142,20-Aug-2026,Fully billed,FALSE,Bohler (Voestalpine),200.00,1.0020265,200.41
23328,2pt 22.60 (.890) Crease SNN COIL,,,P23-3143,20-Aug-2026,Fully billed,FALSE,Martin Miller (Voestalpine),400.00,1.0057246,402.29
23328,2pt 22.60 (.890) Crease SNN COIL,,15-Oct-2025,P23-2466,29-Sep-2025,Completed,FALSE,Bohler (Voestalpine),500.00,1.0900740,545.07
23654,2pt 23.30 (0.917) AA HP34 Viking Flex SNN COIL C/WISE,,,P23-2730,30-Jan-2026,Completed,FALSE,Martin Miller (Voestalpine),200.00,1.5904873,318.10
23654,2pt 23.30 (0.917) AA HP34 Viking Flex SNN COIL C/WISE,,15-May-2026,P23-2861,13-Apr-2026,Completed,FALSE,Martin Miller (Voestalpine),300.00,1.5578093,467.34
24348,Lifting Plate for Rotary Dies,false,29-Apr-2026,P23-2681,09-Jan-2026,Received / credited,FALSE,JNL Manufacturing,"2,000.00",0.2390176,478.04
24348,Lifting Plate for Rotary Dies,false,30-Jul-2026,P23-2916,30-Apr-2026,Receiving / credited,FALSE,JNL Manufacturing,"1,000.00",0.2245440,224.54
24348,Lifting Plate for Rotary Dies,false,25-Nov-2026,P23-3129,13-Aug-2026,Ordered,FALSE,JNL Manufacturing,"1,000.00",0.2269552,226.96
24755,4pt 23.80 (0.937) Crease Cur 39.5 x 90 (270mm ID) COIL,false,29-Nov-2026,P23-3095,29-Jul-2026,Ordered,FALSE,National Steel Rule (NSR) - CLDF,100.00,0.9606326,96.06
24802,0.918 X 4.0mm CB 5.00mm BODY SPRING PUNCH CAPPED,,26-Feb-2026,P23-2768,12-Feb-2026,Completed,FALSE,Kuesta,200.00,0.6667720,133.35
24802,0.918 X 4.0mm CB 5.00mm BODY SPRING PUNCH CAPPED,,11-Aug-2026,P23-3079,21-Jul-2026,Fully billed,FALSE,Kuesta,300.00,0.6523080,195.69
24804,0.918 X 5.0mm CB 6.00mm BODY SPRING PUNCH CAPPED,,11-Aug-2026,P23-3079,21-Jul-2026,Fully billed,FALSE,Kuesta,100.00,0.6523080,65.23
24806,0.918 X 6.0mm CB 7.00mm BODY SPRING PUNCH CAPPED,,26-Feb-2026,P23-2768,12-Feb-2026,Completed,FALSE,Kuesta,100.00,0.6667720,66.68
24807,0.918 X 7.0mm CB 8.00mm BODY SPRING PUNCH CAPPED,,26-Feb-2026,P23-2768,12-Feb-2026,Completed,FALSE,Kuesta,100.00,0.6667720,66.68
24807,0.918 X 7.0mm CB 8.00mm BODY SPRING PUNCH CAPPED,,11-Aug-2026,P23-3079,21-Jul-2026,Fully billed,FALSE,Kuesta,50.00,0.6523080,32.62
24818,0.937 X 8.00 mm CB 9.00mm BODY SPRING PUNCH CAPPED,False,21-Jul-2026,P23-2792,03-Mar-2026,Fully billed,FALSE,Kuesta,50.00,0.6576080,32.88
24818,0.937 X 8.00 mm CB 9.00mm BODY SPRING PUNCH CAPPED,False,11-Aug-2026,P23-3079,21-Jul-2026,Fully billed,FALSE,Kuesta,50.00,0.6523080,32.62
24819,0.937 X 9.0mm CB 10.00mm BODY SPRING PUNCH CAPPED,,26-Feb-2026,P23-2768,12-Feb-2026,Completed,FALSE,Kuesta,30.00,0.4167325,12.50
24820,0.937 X 10mm CB 11.00mm BODY SPRING PUNCH CAPPED,False,26-Feb-2026,P23-2768,12-Feb-2026,Completed,FALSE,Kuesta,100.00,0.6667720,66.68
24820,0.937 X 10mm CB 11.00mm BODY SPRING PUNCH CAPPED,False,21-Jul-2026,P23-2792,03-Mar-2026,Fully billed,FALSE,Kuesta,50.00,0.6576080,32.88
24820,0.937 X 10mm CB 11.00mm BODY SPRING PUNCH CAPPED,False,11-Aug-2026,P23-3079,21-Jul-2026,Fully billed,FALSE,Kuesta,100.00,0.6523080,65.23
24831,Drafting Film Ink Jet 75mic 1067mm x 46M Gloss/Matte,False,29-Apr-2026,P23-2681,09-Jan-2026,Received / credited,FALSE,JNL Manufacturing,2.00,86.8530204,173.71
25233,Blade (1AW Carton Sealer),,08-Apr-2026,P23-2839,25-Mar-2026,Receiving,FALSE,Hangzhou Youngsun Intelligent Company,30.00,1.4341100,43.02
25387,Lead Edge Guard / Rule Brace Large H=20mm x W=25mm,false,,P23-3114,05-Aug-2026,Fully billed,TRUE,JNL Manufacturing,200.00,0.1561604,31.23
25387,Lead Edge Guard / Rule Brace Large H=20mm x W=25mm,false,30-Jul-2026,P23-2916,30-Apr-2026,Receiving / credited,TRUE,JNL Manufacturing,500.00,0.1543740,77.19
25391,4pt 0.990 12tpi Perf Serr 10 x 10 Deep Cur 66 x 90 No Notch,false,21-May-2026,P23-2936,07-May-2026,Ordered,FALSE,National Steel Rule (NSR),200.00,2.4346618,486.93
2613,2pt 22.60 (.890) Crease SNN,False,,P23-2729,29-Jan-2026,Completed,TRUE,Martin Miller (Voestalpine),300.00,1.0349481,310.50
2613,2pt 22.60 (.890) Crease SNN,False,15-May-2026,P23-2861,13-Apr-2026,Completed,TRUE,Martin Miller (Voestalpine),400.00,1.0150876,406.04
2623,2pt 22.75 (.896) Crease SNN COIL,,,P23-2693,14-Jan-2026,Credited,FALSE,Bohler (Voestalpine),200.00,1.0638801,212.79
2623,2pt 22.75 (.896) Crease SNN COIL,,,P23-2729,29-Jan-2026,Completed,FALSE,Martin Miller (Voestalpine),100.00,1.0349990,103.50
2623,2pt 22.75 (.896) Crease SNN COIL,,,P23-2730,30-Jan-2026,Completed,FALSE,Martin Miller (Voestalpine),300.00,1.0366696,311.02
2623,2pt 22.75 (.896) Crease SNN COIL,,,P23-2863,13-Apr-2026,Completed,FALSE,Martin Miller (Voestalpine),300.00,1.0147359,304.44
2623,2pt 22.75 (.896) Crease SNN COIL,,,P23-3001,16-Jun-2026,Fully billed,FALSE,Martin Miller (Voestalpine),300.00,1.0017084,300.51
2623,2pt 22.75 (.896) Crease SNN COIL,,,P23-3003,16-Jun-2026,Completed,FALSE,Martin Miller (Voestalpine),300.00,1.0130299,303.91
2647,2pt 23.10 (.909) Crease SNN,False,,P23-2693,14-Jan-2026,Credited,FALSE,Bohler (Voestalpine),200.00,1.0633572,212.69
2647,2pt 23.10 (.909) Crease SNN,False,,P23-2729,29-Jan-2026,Completed,FALSE,Martin Miller (Voestalpine),400.00,1.0349142,414.00
2647,2pt 23.10 (.909) Crease SNN,False,26-Sep-2025,P23-2441,19-Sep-2025,Completed,FALSE,Martin Miller (Voestalpine),200.00,1.0875826,217.52
2647,2pt 23.10 (.909) Crease SNN,False,28-Feb-2026,P23-2733,30-Jan-2026,Completed,FALSE,Martin Miller (Voestalpine),100.00,0.9878676,98.79
2647,2pt 23.10 (.909) Crease SNN,False,15-May-2026,P23-2861,13-Apr-2026,Completed,FALSE,Martin Miller (Voestalpine),300.00,1.0154202,304.63
2657,2pt 23.20 (.913) Crease SNN,False,,P23-2693,14-Jan-2026,Credited,FALSE,Bohler (Voestalpine),200.00,1.0633572,212.69
2657,2pt 23.20 (.913) Crease SNN,False,,P23-2729,29-Jan-2026,Completed,FALSE,Martin Miller (Voestalpine),500.00,1.0349312,517.50
2657,2pt 23.20 (.913) Crease SNN,False,26-Sep-2025,P23-2441,19-Sep-2025,Completed,FALSE,Martin Miller (Voestalpine),200.00,1.0875826,217.52
2657,2pt 23.20 (.913) Crease SNN,False,28-Feb-2026,P23-2733,30-Jan-2026,Completed,FALSE,Martin Miller (Voestalpine),100.00,0.9878676,98.79
2657,2pt 23.20 (.913) Crease SNN,False,15-May-2026,P23-2861,13-Apr-2026,Completed,FALSE,Martin Miller (Voestalpine),300.00,1.0154202,304.63
2669,2pt 23.30 (0.917) Crease SNN COIL C/WISE,False,,P23-3003,16-Jun-2026,Completed,TRUE,Martin Miller (Voestalpine),100.00,1.0131940,101.32
2669,2pt 23.30 (0.917) Crease SNN COIL C/WISE,False,,P23-3143,20-Aug-2026,Fully billed,TRUE,Martin Miller (Voestalpine),300.00,1.0008026,300.24
26783,12.0mm x 0.5mm H3 Perf 12TPI x 0.80mm C/B COIL CW,false,,P23-2421,15-Sep-2025,Completed,FALSE,Essmann+Schaefer GmbH+Co.KG,110.00,8.0351760,883.87
2683,2pt 23.60 (.929) Crease SNN Coil,,,P23-2729,29-Jan-2026,Completed,TRUE,Martin Miller (Voestalpine),100.00,1.0349990,103.50
2683,2pt 23.60 (.929) Crease SNN Coil,,26-Aug-2026,P23-3133,14-Aug-2026,Ordered,TRUE,National Steel Rule (NSR) - CLDF,100.00,0.5239385,52.39
27010,"4pt 0.990 CB 10tpi Serr Cur 66x90 (ID=487mm) CW 100ft, Bohler Rotary TOP36",False,,P23-2729,29-Jan-2026,Completed,FALSE,Martin Miller (Voestalpine),91.50,5.4050511,494.56
27010,"4pt 0.990 CB 10tpi Serr Cur 66x90 (ID=487mm) CW 100ft, Bohler Rotary TOP36",False,,P23-2730,30-Jan-2026,Completed,FALSE,Martin Miller (Voestalpine),213.50,5.4138720,"1,155.86"
27010,"4pt 0.990 CB 10tpi Serr Cur 66x90 (ID=487mm) CW 100ft, Bohler Rotary TOP36",False,,P23-2863,13-Apr-2026,Completed,FALSE,Martin Miller (Voestalpine),213.50,5.2992827,"1,131.41"
27010,"4pt 0.990 CB 10tpi Serr Cur 66x90 (ID=487mm) CW 100ft, Bohler Rotary TOP36",False,,P23-3001,16-Jun-2026,Fully billed,FALSE,Martin Miller (Voestalpine),152.50,5.2310855,797.74
27010,"4pt 0.990 CB 10tpi Serr Cur 66x90 (ID=487mm) CW 100ft, Bohler Rotary TOP36",False,,P23-3002,16-Jun-2026,Completed,FALSE,Martin Miller (Voestalpine),30.50,5.2952113,161.50
27010,"4pt 0.990 CB 10tpi Serr Cur 66x90 (ID=487mm) CW 100ft, Bohler Rotary TOP36",False,,P23-3003,16-Jun-2026,Completed,FALSE,Martin Miller (Voestalpine),213.50,5.2906001,"1,129.54"
27010,"4pt 0.990 CB 10tpi Serr Cur 66x90 (ID=487mm) CW 100ft, Bohler Rotary TOP36",False,15-Oct-2025,P23-2466,29-Sep-2025,Completed,FALSE,Bohler (Voestalpine),91.50,5.6930353,520.91
27012,"4pt 0.990 CB 10tpi Serr SNN Coil CW 150ft ID=445mm, Bohler Rotary TOP36",false,,P23-2729,29-Jan-2026,Completed,FALSE,Martin Miller (Voestalpine),91.40,3.9782783,363.61
27012,"4pt 0.990 CB 10tpi Serr SNN Coil CW 150ft ID=445mm, Bohler Rotary TOP36",false,,P23-2730,30-Jan-2026,Completed,FALSE,Martin Miller (Voestalpine),228.50,3.9849637,910.58
27012,"4pt 0.990 CB 10tpi Serr SNN Coil CW 150ft ID=445mm, Bohler Rotary TOP36",false,,P23-2863,13-Apr-2026,Completed,FALSE,Martin Miller (Voestalpine),182.80,3.9005118,713.03
27012,"4pt 0.990 CB 10tpi Serr SNN Coil CW 150ft ID=445mm, Bohler Rotary TOP36",false,,P23-3001,16-Jun-2026,Fully billed,FALSE,Martin Miller (Voestalpine),228.50,3.8503149,879.80
27012,"4pt 0.990 CB 10tpi Serr SNN Coil CW 150ft ID=445mm, Bohler Rotary TOP36",false,,P23-3003,16-Jun-2026,Completed,FALSE,Martin Miller (Voestalpine),182.80,3.8942071,711.88
27012,"4pt 0.990 CB 10tpi Serr SNN Coil CW 150ft ID=445mm, Bohler Rotary TOP36",false,15-Oct-2025,P23-2466,29-Sep-2025,Completed,FALSE,Bohler (Voestalpine),91.40,4.1902446,382.99
271935900203,Shaft for steel rule advance,,22-Jul-2026,P23-3067,15-Jul-2026,Fully billed,FALSE,SERVIFORM s.r.l. (ProForm Euro),2.00,509.1119020,"1,018.22"
271938500503,Central register,false,22-Jul-2026,P23-3067,15-Jul-2026,Fully billed,FALSE,SERVIFORM s.r.l. (ProForm Euro),1.00,173.9157420,173.92
271938501206,Back Wheel,,22-Jul-2026,P23-3067,15-Jul-2026,Fully billed,FALSE,SERVIFORM s.r.l. (ProForm Euro),1.00,150.5109320,150.51
271938502203,Upper wheel drive strip,,22-Jul-2026,P23-3067,15-Jul-2026,Fully billed,FALSE,SERVIFORM s.r.l. (ProForm Euro),6.00,199.2191240,"1,195.31"
271938502602,Front register,,22-Jul-2026,P23-3067,15-Jul-2026,Fully billed,FALSE,SERVIFORM s.r.l. (ProForm Euro),2.00,332.0209620,664.04
271938503302,Back register,,22-Jul-2026,P23-3067,15-Jul-2026,Fully billed,FALSE,SERVIFORM s.r.l. (ProForm Euro),2.00,332.0209620,664.04
271938503302,Back register,,17-Aug-2026,P23-3134,17-Aug-2026,Fully billed,FALSE,SERVIFORM s.r.l. (ProForm Euro),5.00,413.1071780,"1,652.43"
271938506203,Lateral register,false,22-Jul-2026,P23-3067,15-Jul-2026,Fully billed,FALSE,SERVIFORM s.r.l. (ProForm Euro),2.00,332.0291455,664.06
271938507203,Down wheel drive strip,,22-Jul-2026,P23-3067,15-Jul-2026,Fully billed,FALSE,SERVIFORM s.r.l. (ProForm Euro),6.00,173.9184699,"1,043.51"
271938508103,Shaft for progress strip,,22-Jul-2026,P23-3067,15-Jul-2026,Fully billed,FALSE,SERVIFORM s.r.l. (ProForm Euro),2.00,679.8524460,"1,359.70"
271938510803,Shaft for encoder,false,22-Jul-2026,P23-3067,15-Jul-2026,Fully billed,FALSE,SERVIFORM s.r.l. (ProForm Euro),2.00,679.8524460,"1,359.70"
271938510903,Encoder flange,,,P23-2955,14-May-2026,Completed,FALSE,SERVIFORM s.r.l. (ProForm Euro),1.00,21.8489205,21.85
271938510903,Encoder flange,,09-Jul-2026,P23-3011,18-Jun-2026,Completed,FALSE,SERVIFORM s.r.l. (ProForm Euro),1.00,22.1553750,22.16
271938600203,Central register,false,22-Jul-2026,P23-3067,15-Jul-2026,Fully billed,FALSE,SERVIFORM s.r.l. (ProForm Euro),1.00,158.1052200,158.11
271938600303,Lateral register,false,22-Jul-2026,P23-3067,15-Jul-2026,Fully billed,FALSE,SERVIFORM s.r.l. (ProForm Euro),2.00,276.6841350,553.37
271938600603,Nut,False,22-Jul-2026,P23-3067,15-Jul-2026,Fully billed,FALSE,SERVIFORM s.r.l. (ProForm Euro),1.00,261.1845860,261.18
271938600703,Slotted nut,False,22-Jul-2026,P23-3067,15-Jul-2026,Fully billed,FALSE,SERVIFORM s.r.l. (ProForm Euro),1.00,261.1845860,261.18
271938600803,Flange,False,22-Jul-2026,P23-3067,15-Jul-2026,Fully billed,FALSE,SERVIFORM s.r.l. (ProForm Euro),1.00,50.5903970,50.59
271938600903,Spacer,False,22-Jul-2026,P23-3067,15-Jul-2026,Fully billed,FALSE,SERVIFORM s.r.l. (ProForm Euro),2.00,8.8545470,17.71
271938601209,Rule guide wheel,false,22-Jul-2026,P23-3067,15-Jul-2026,Fully billed,FALSE,SERVIFORM s.r.l. (ProForm Euro),1.00,300.3999180,300.40
271938602309,Register for bending nozzle,False,22-Jul-2026,P23-3067,15-Jul-2026,Fully billed,FALSE,SERVIFORM s.r.l. (ProForm Euro),1.00,464.8391670,464.84
271938602409,Bending nozzle to suit with new locking device,False,22-Jul-2026,P23-3067,15-Jul-2026,Fully billed,FALSE,SERVIFORM s.r.l. (ProForm Euro),1.00,"1,702.1680000","1,702.17"
2719386TS005,Rule guide wheel,,26-Nov-2025,P23-2586,19-Nov-2025,Completed,FALSE,SERVIFORM s.r.l. (ProForm Euro),2.00,471.3786750,754.21
271970000611,CARTRIDGE - BENDING NOZZLE 4 Pt. - H23.8-32,False,22-Jul-2026,P23-3067,15-Jul-2026,Fully billed,FALSE,SERVIFORM s.r.l. (ProForm Euro),1.00,851.0840000,851.08
271970000711,UPPER BENDING TOOL 4 Pt.,False,22-Jul-2026,P23-3067,15-Jul-2026,Fully billed,FALSE,SERVIFORM s.r.l. (ProForm Euro),1.00,851.0840000,851.08
271970000811,CARTRIDGE - LOWER BENDING TOOL 4 Pt.,False,22-Jul-2026,P23-3067,15-Jul-2026,Fully billed,FALSE,SERVIFORM s.r.l. (ProForm Euro),1.00,851.0840000,851.08
271970003302,Rules register,,22-Jul-2026,P23-3067,15-Jul-2026,Fully billed,FALSE,SERVIFORM s.r.l. (ProForm Euro),1.00,221.3473080,221.35
271970004003,Lower rule guide wheel,,22-Jul-2026,P23-3067,15-Jul-2026,Fully billed,FALSE,SERVIFORM s.r.l. (ProForm Euro),9.00,126.4841760,"1,138.36"
271970004103,Upper rule guide wheel,,22-Jul-2026,P23-3067,15-Jul-2026,Fully billed,FALSE,SERVIFORM s.r.l. (ProForm Euro),9.00,126.4841760,"1,138.36"
271970004203,ENCODER DRIVEN WHEEL,,22-Jul-2026,P23-3067,15-Jul-2026,Fully billed,FALSE,SERVIFORM s.r.l. (ProForm Euro),2.00,464.8391670,929.68
271970004205,NUT FOR BALL SCREW,false,22-Jul-2026,P23-3067,15-Jul-2026,Fully billed,FALSE,SERVIFORM s.r.l. (ProForm Euro),1.00,252.9683520,252.97
271970004405,Lead Nut,false,22-Jul-2026,P23-3067,15-Jul-2026,Fully billed,FALSE,SERVIFORM s.r.l. (ProForm Euro),1.00,123.9636580,123.96
271970005702,PRESSOR,,22-Jul-2026,P23-3067,15-Jul-2026,Fully billed,FALSE,SERVIFORM s.r.l. (ProForm Euro),1.00,79.0526100,79.05
271970011802,Rules Register,,22-Jul-2026,P23-3067,15-Jul-2026,Fully billed,FALSE,SERVIFORM s.r.l. (ProForm Euro),1.00,354.1491460,354.15
271970011902,REGISTER,,22-Jul-2026,P23-3067,15-Jul-2026,Fully billed,FALSE,SERVIFORM s.r.l. (ProForm Euro),1.00,354.1491460,354.15
271970021907,LOWER WHEEL,,22-Jul-2026,P23-3067,15-Jul-2026,Fully billed,FALSE,SERVIFORM s.r.l. (ProForm Euro),7.00,71.1496870,498.05
271970022007,UPPER WHEEL,,22-Jul-2026,P23-3067,15-Jul-2026,Fully billed,FALSE,SERVIFORM s.r.l. (ProForm Euro),7.00,71.1496870,498.05
271970026160,Female tool for perforation 1mm H.22.6-32mm 2/3 Pt. 54�,false,11-Sep-2025,P23-2400,04-Sep-2025,Completed,FALSE,SERVIFORM s.r.l. (ProForm Euro),1.00,328.0002400,328.00
271970027260,Male tool for perforation 1mm,false,11-Sep-2025,P23-2400,04-Sep-2025,Completed,FALSE,SERVIFORM s.r.l. (ProForm Euro),1.00,541.9134400,541.91
271970030560,Male tool for perforation 3mm,false,11-Sep-2025,P23-2400,04-Sep-2025,Completed,FALSE,SERVIFORM s.r.l. (ProForm Euro),1.00,541.9134400,541.91
271970031760,Male tool for perforation 1.5mm,false,11-Sep-2025,P23-2400,04-Sep-2025,Completed,FALSE,SERVIFORM s.r.l. (ProForm Euro),1.00,541.9134400,541.91
271970031760,Male tool for perforation 1.5mm,false,17-Aug-2026,P23-3135,17-Aug-2026,Receiving,FALSE,SERVIFORM s.r.l. (ProForm Euro),1.00,521.3120000,521.31
271970031960,Female tool for perforation 1.5mm for H.22.6-32mm 2/3 Pt. 54�,false,11-Sep-2025,P23-2400,04-Sep-2025,Completed,FALSE,SERVIFORM s.r.l. (ProForm Euro),1.00,328.0002400,328.00
271970032060,Female tool for perforation 3mm for H.22.6-32mm 2/3 Pt. 54�,false,11-Sep-2025,P23-2400,04-Sep-2025,Completed,FALSE,SERVIFORM s.r.l. (ProForm Euro),1.00,328.0002400,328.00
271970032660,Back female tool 1.5mm for 2/3/4Pt.,false,11-Sep-2025,P23-2400,04-Sep-2025,Completed,FALSE,SERVIFORM s.r.l. (ProForm Euro),2.00,328.0002400,656.00
271970032760,Back female tool 3mm for 2/3/4Pt.,false,11-Sep-2025,P23-2400,04-Sep-2025,Completed,FALSE,SERVIFORM s.r.l. (ProForm Euro),1.00,328.0002400,328.00
271970090306,Finisher,false,11-Sep-2025,P23-2400,04-Sep-2025,Completed,FALSE,SERVIFORM s.r.l. (ProForm Euro),1.00,513.3916800,513.39
271970095006,Female tool for cutting complete. intermediate. partial (straight or with lipping),false,11-Sep-2025,P23-2400,04-Sep-2025,Completed,FALSE,SERVIFORM s.r.l. (ProForm Euro),1.00,"1,282.0531120","1,282.05"
271970095106,Male tool for straight complete cutting,false,11-Sep-2025,P23-2400,04-Sep-2025,Completed,FALSE,SERVIFORM s.r.l. (ProForm Euro),1.00,513.3916800,513.39
271970095206,Male tool for straight cutting with lipping,false,11-Sep-2025,P23-2400,04-Sep-2025,Completed,FALSE,SERVIFORM s.r.l. (ProForm Euro),1.00,513.3916800,513.39
271970095306,Cutting tool,false,11-Sep-2025,P23-2400,04-Sep-2025,Completed,FALSE,SERVIFORM s.r.l. (ProForm Euro),1.00,513.3916800,513.39
271970095406,Male tool for partial cutting with lipping,false,11-Sep-2025,P23-2400,04-Sep-2025,Completed,FALSE,SERVIFORM s.r.l. (ProForm Euro),1.00,513.3916800,513.39
2719703,Milling tool (broaching) for hard metal,false,11-Sep-2025,P23-2400,04-Sep-2025,Completed,FALSE,SERVIFORM s.r.l. (ProForm Euro),2.00,534.7830000,"1,069.57"
271970301108,FIXED TOOL 2/3 Pt,false,11-Sep-2025,P23-2400,04-Sep-2025,Completed,FALSE,SERVIFORM s.r.l. (ProForm Euro),1.00,499.1308000,499.13
271970301208,MOBILE TOOL 2/3 Pt,false,11-Sep-2025,P23-2400,04-Sep-2025,Completed,FALSE,SERVIFORM s.r.l. (ProForm Euro),1.00,499.1308000,499.13
27197031,Milling tool (broaching) 2mm - 25� for hard metal nick �40x4.0x�10 Z=24,false,11-Sep-2025,P23-2400,04-Sep-2025,Completed,FALSE,SERVIFORM s.r.l. (ProForm Euro),2.00,534.7830000,"1,069.57"
271970312004,Milling tool (broaching) for hard metal 2mm - 25°  40x4.0x10 Z=24,false,18-May-2026,P23-2929,04-May-2026,Completed,FALSE,SERVIFORM s.r.l. (ProForm Euro),3.00,513.0006080,"1,539.00"
271970313004,Milling tool (broaching) for hard metal 0.4mm - 15°  40x4.0x10 Z=24,false,18-May-2026,P23-2929,04-May-2026,Completed,FALSE,SERVIFORM s.r.l. (ProForm Euro),3.00,513.0006080,"1,539.00"
271975143906,Matrice per ponti da 3mm  2/3 Pt.,false,11-Sep-2025,P23-2400,04-Sep-2025,Completed,FALSE,SERVIFORM s.r.l. (ProForm Euro),1.00,470.6090400,470.61
271975144506,Male tool for bridge 3mm,false,11-Sep-2025,P23-2400,04-Sep-2025,Completed,FALSE,SERVIFORM s.r.l. (ProForm Euro),1.00,470.6090400,470.61
271975145606,Male tool for bridge 2mm,false,11-Sep-2025,P23-2400,04-Sep-2025,Completed,FALSE,SERVIFORM s.r.l. (ProForm Euro),1.00,470.6090400,470.61
271975146406,Female tool for bridge 2mm  2/3 Pt.,false,11-Sep-2025,P23-2400,04-Sep-2025,Completed,FALSE,SERVIFORM s.r.l. (ProForm Euro),1.00,470.6090400,470.61
271975150006,Male tool for bridge 4.5mm,false,11-Sep-2025,P23-2400,04-Sep-2025,Completed,FALSE,SERVIFORM s.r.l. (ProForm Euro),1.00,470.6090400,470.61
271975150606,Female tool for bridge 4.5mm  2/3 Pt.,false,11-Sep-2025,P23-2400,04-Sep-2025,Completed,FALSE,SERVIFORM s.r.l. (ProForm Euro),1.00,470.6090400,470.61
271975200920,Front reference steel rule,,22-Jul-2026,P23-3067,15-Jul-2026,Fully billed,,SERVIFORM s.r.l. (ProForm Euro),1.00,134.3894370,134.39
271975201020,Back reference steel rule,,22-Jul-2026,P23-3067,15-Jul-2026,Fully billed,,SERVIFORM s.r.l. (ProForm Euro),1.00,134.3894370,134.39
271975205302,Left reference steel rule,,22-Jul-2026,P23-3067,15-Jul-2026,Fully billed,,SERVIFORM s.r.l. (ProForm Euro),1.00,309.8927780,309.89
271975205402,Right reference steel rule,,22-Jul-2026,P23-3067,15-Jul-2026,Fully billed,,SERVIFORM s.r.l. (ProForm Euro),1.00,398.4218810,398.42
271975248206,Back female tool 1mm for 2/3/4 Pt.,false,11-Sep-2025,P23-2400,04-Sep-2025,Completed,FALSE,SERVIFORM s.r.l. (ProForm Euro),2.00,328.0002400,656.00
27261,"1.3pt (0.45) x 12,00 (0.472) Label-X extra sharp with K-back",,,P23-2729,29-Jan-2026,Completed,FALSE,Martin Miller (Voestalpine),100.00,2.4256782,242.57
27261,"1.3pt (0.45) x 12,00 (0.472) Label-X extra sharp with K-back",,15-Oct-2025,P23-2466,29-Sep-2025,Completed,FALSE,Bohler (Voestalpine),200.00,2.5549223,510.98
27261,"1.3pt (0.45) x 12,00 (0.472) Label-X extra sharp with K-back",,15-May-2026,P23-2861,13-Apr-2026,Completed,FALSE,Martin Miller (Voestalpine),200.00,2.3797924,475.96
27263,Plywood Flat 18mm 1830x1220 RB,false,30-May-2026,P23-2759,10-Feb-2026,Completed,TRUE,Yitai,100.00,70.7035000,"7,070.35"
2741,3pt 22.95 (0.904) Crease SNN COIL C/WISE,false,,P23-2467,29-Sep-2025,Completed,TRUE,Martin Miller (Voestalpine),800.00,1.4285280,"1,142.83"
2741,3pt 22.95 (0.904) Crease SNN COIL C/WISE,false,,P23-2693,14-Jan-2026,Credited,TRUE,Bohler (Voestalpine),200.00,1.3940497,278.81
2741,3pt 22.95 (0.904) Crease SNN COIL C/WISE,false,,P23-2729,29-Jan-2026,Completed,TRUE,Martin Miller (Voestalpine),300.00,1.3561510,406.86
2741,3pt 22.95 (0.904) Crease SNN COIL C/WISE,false,,P23-2730,30-Jan-2026,Completed,TRUE,Martin Miller (Voestalpine),200.00,1.3584351,271.70
2741,3pt 22.95 (0.904) Crease SNN COIL C/WISE,false,,P23-2731,30-Jan-2026,Completed,TRUE,Martin Miller (Voestalpine),200.00,1.3578351,271.58
2741,3pt 22.95 (0.904) Crease SNN COIL C/WISE,false,,P23-2863,13-Apr-2026,Completed,TRUE,Martin Miller (Voestalpine),200.00,1.3297009,265.96
2741,3pt 22.95 (0.904) Crease SNN COIL C/WISE,false,,P23-3001,16-Jun-2026,Fully billed,TRUE,Martin Miller (Voestalpine),200.00,1.3126400,262.53
2741,3pt 22.95 (0.904) Crease SNN COIL C/WISE,false,,P23-3002,16-Jun-2026,Completed,TRUE,Martin Miller (Voestalpine),200.00,1.3278994,265.58
2741,3pt 22.95 (0.904) Crease SNN COIL C/WISE,false,,P23-3003,16-Jun-2026,Completed,TRUE,Martin Miller (Voestalpine),200.00,1.3276533,265.55
2741,3pt 22.95 (0.904) Crease SNN COIL C/WISE,false,,P23-3142,20-Aug-2026,Fully billed,TRUE,Bohler (Voestalpine),200.00,1.3124512,262.49
2741,3pt 22.95 (0.904) Crease SNN COIL C/WISE,false,15-Oct-2025,P23-2466,29-Sep-2025,Completed,TRUE,Bohler (Voestalpine),100.00,1.4285280,142.85
2741,3pt 22.95 (0.904) Crease SNN COIL C/WISE,false,15-May-2026,P23-2861,13-Apr-2026,Completed,TRUE,Martin Miller (Voestalpine),200.00,1.3304417,266.09
2827,4pt 22.10 (0.870) Crease SNN FT Coil,false,21-Apr-2026,P23-2845,31-Mar-2026,Receiving,FALSE,National Steel Rule (NSR) - CLDF,200.00,0.6714252,134.29
2827,4pt 22.10 (0.870) Crease SNN FT Coil,false,21-Oct-2026,P23-3008,17-Jun-2026,Ordered,FALSE,National Steel Rule (NSR) - CLDF,500.00,0.6516498,325.82
2871,4pt 22.60 (0.890) Crease SNN FT COIL,false,21-Apr-2026,P23-2845,31-Mar-2026,Receiving,TRUE,National Steel Rule (NSR) - CLDF,800.00,0.4670784,373.66
2871,4pt 22.60 (0.890) Crease SNN FT COIL,false,05-May-2026,P23-2740,02-Feb-2026,Receiving,TRUE,National Steel Rule (NSR) - CLDF,800.00,0.4593824,367.51
2871,4pt 22.60 (0.890) Crease SNN FT COIL,false,30-Jul-2026,P23-2847,31-Mar-2026,Receiving,TRUE,National Steel Rule (NSR) - CLDF,"1,200.00",0.4670784,560.49
2876,4pt 22.60 (0.890) Crease Cur 66 x 90,false,30-Oct-2025,P23-2509,16-Oct-2025,Receiving,TRUE,National Steel Rule (NSR) - Consignment,100.00,1.1238058,112.38
2876,4pt 22.60 (0.890) Crease Cur 66 x 90,false,22-Dec-2025,P23-2457,22-Sep-2025,Receiving,TRUE,National Steel Rule (NSR) - Consignment,200.00,1.1081911,221.64
2894,4pt 22.85 (0.900) Crease SNN FT COIL,false,17-Feb-2026,P23-2741,02-Feb-2026,Receiving,TRUE,National Steel Rule (NSR) - Consignment,100.00,0.4593824,45.94
2894,4pt 22.85 (0.900) Crease SNN FT COIL,false,28-Feb-2026,P23-2546,07-Nov-2025,Receiving,TRUE,National Steel Rule (NSR) - Consignment,300.00,0.4941824,148.25
2894,4pt 22.85 (0.900) Crease SNN FT COIL,false,30-Jul-2026,P23-2848,31-Mar-2026,Receiving,TRUE,National Steel Rule (NSR) - Consignment,300.00,0.4670784,140.12
2894,4pt 22.85 (0.900) Crease SNN FT COIL,false,21-Oct-2026,P23-3009,17-Jun-2026,Ordered,TRUE,National Steel Rule (NSR) - Consignment,200.00,0.4533216,90.66
2894,4pt 22.85 (0.900) Crease SNN FT COIL,false,29-Nov-2026,P23-3096,29-Jul-2026,Ordered,TRUE,National Steel Rule (NSR) - Consignment,100.00,0.4588096,45.88
2911,4pt 22.95 (0.903) Crease SNN FT COIL CCW,False,,P23-2863,13-Apr-2026,Completed,TRUE,Martin Miller (Voestalpine),200.00,1.8021067,360.44
2911,4pt 22.95 (0.903) Crease SNN FT COIL CCW,False,,P23-3001,16-Jun-2026,Fully billed,TRUE,Martin Miller (Voestalpine),200.00,1.7788733,355.79
2911,4pt 22.95 (0.903) Crease SNN FT COIL CCW,False,,P23-3002,16-Jun-2026,Completed,TRUE,Martin Miller (Voestalpine),200.00,1.8007780,360.16
2911,4pt 22.95 (0.903) Crease SNN FT COIL CCW,False,,P23-3003,16-Jun-2026,Completed,TRUE,Martin Miller (Voestalpine),398.00,1.7993969,716.16
2911,4pt 22.95 (0.903) Crease SNN FT COIL CCW,False,,P23-3142,20-Aug-2026,Fully billed,TRUE,Bohler (Voestalpine),180.00,1.7796659,320.36
2911,4pt 22.95 (0.903) Crease SNN FT COIL CCW,False,,P23-3143,20-Aug-2026,Fully billed,TRUE,Martin Miller (Voestalpine),600.00,1.7784754,"1,067.09"
2911,4pt 22.95 (0.903) Crease SNN FT COIL CCW,False,15-Oct-2025,P23-2466,29-Sep-2025,Completed,TRUE,Bohler (Voestalpine),400.00,1.9354323,774.19
2911,4pt 22.95 (0.903) Crease SNN FT COIL CCW,False,15-May-2026,P23-2861,13-Apr-2026,Completed,TRUE,Martin Miller (Voestalpine),200.00,1.8033065,360.66
2914,4pt 22.95 (0.903) Crease Cur 66 x 90,false,05-May-2026,P23-2740,02-Feb-2026,Receiving,FALSE,National Steel Rule (NSR) - CLDF,400.00,0.9761876,390.48
2914,4pt 22.95 (0.903) Crease Cur 66 x 90,false,30-Jul-2026,P23-2847,31-Mar-2026,Receiving,FALSE,National Steel Rule (NSR) - CLDF,200.00,0.9925416,198.51
2916,4pt 22.95 (0.903) Crease Cur 66 x 90 Reversed Curved Flat Top,False,22-Dec-2025,P23-2456,22-Sep-2025,Completed,FALSE,National Steel Rule (NSR),300.00,1.1191212,335.74
2942,4pt 23.25 (0.915) Crease SNN COIL,False,05-May-2026,P23-2740,02-Feb-2026,Receiving,FALSE,National Steel Rule (NSR) - CLDF,200.00,1.6968437,339.37
29999,4pt 22.95 (0.903) Crease SNN FT COIL CW,False,,P23-2730,30-Jan-2026,Completed,FALSE,Martin Miller (Voestalpine),150.00,1.8410154,276.15
29999,4pt 22.95 (0.903) Crease SNN FT COIL CW,False,,P23-2863,13-Apr-2026,Completed,FALSE,Martin Miller (Voestalpine),335.00,1.8020558,603.67
29999,4pt 22.95 (0.903) Crease SNN FT COIL CW,False,15-Oct-2025,P23-2466,29-Sep-2025,Completed,FALSE,Bohler (Voestalpine),150.00,1.9358340,290.38
2VMP7024,"Air Flo Wrap 430mm x 3,500m",false,,P23-2429,18-Sep-2025,Completed,,RMA Packaging,3.00,164.5500000,493.65
2VMP7024,"Air Flo Wrap 430mm x 3,500m",false,,P23-2826,19-Mar-2026,Completed,,RMA Packaging,5.00,164.5500000,822.75
2VMP7024,"Air Flo Wrap 430mm x 3,500m",false,,P23-2934,06-May-2026,Completed,,RMA Packaging,3.00,164.5500000,493.65
2VMP7024,"Air Flo Wrap 430mm x 3,500m",false,21-Nov-2025,P23-2551,11-Nov-2025,Completed,,RMA Packaging,4.00,146.9200000,587.68
2VMS1768,Ventilated Machine Wrap 850M,,,P23-2680,09-Jan-2026,Completed,,RMA Packaging,10.00,135.0000000,"1,350.00"
2VMS1768,Ventilated Machine Wrap 850M,,,P23-2850,01-Apr-2026,Completed,,RMA Packaging,8.00,135.0000000,"1,080.00"
30016,3pt 23.30 (0.917) A SNN COIL CC/WISE,False,,P23-3143,20-Aug-2026,Fully billed,FALSE,Martin Miller (Voestalpine),60.00,1.9343381,116.06
30018,DB35 Rotary Plywood PB 13 x 325 x 2000 Grey,False,14-Jan-2026,P23-2518,20-Oct-2025,Receiving,TRUE,Penta Box SRL,80.00,83.7369692,"6,698.96"
30018,DB35 Rotary Plywood PB 13 x 325 x 2000 Grey,False,02-Sep-2026,P23-2908,28-Apr-2026,Ordered,TRUE,Penta Box SRL,200.00,76.1155248,"15,223.10"
30026,2pt 22.50 (.885) Crease SNN Coil CCW,false,,P23-3142,20-Aug-2026,Fully billed,FALSE,Bohler (Voestalpine),100.00,1.1230117,112.30
3051,4pt 1.040 CB 10tpi Serr SNN COIL,false,17-Feb-2026,P23-2741,02-Feb-2026,Receiving,TRUE,National Steel Rule (NSR) - Consignment,"1,500.00",1.3637915,"2,045.69"
3051,4pt 1.040 CB 10tpi Serr SNN COIL,false,30-Jul-2026,P23-2848,31-Mar-2026,Receiving,TRUE,National Steel Rule (NSR) - Consignment,"2,000.00",1.3866390,"2,773.28"
3071,4pt 0.990 CB 10tpi Serr SNN COIL,false,22-Dec-2025,P23-2457,22-Sep-2025,Receiving,FALSE,National Steel Rule (NSR) - Consignment,"1,500.00",1.3510823,"2,026.62"
3071,4pt 0.990 CB 10tpi Serr SNN COIL,false,17-Feb-2026,P23-2741,02-Feb-2026,Receiving,FALSE,National Steel Rule (NSR) - Consignment,"1,800.00",1.2776573,"2,299.78"
3071,4pt 0.990 CB 10tpi Serr SNN COIL,false,28-Feb-2026,P23-2546,07-Nov-2025,Receiving,FALSE,National Steel Rule (NSR) - Consignment,500.00,1.3744448,687.22
3071,4pt 0.990 CB 10tpi Serr SNN COIL,false,30-Jul-2026,P23-2848,31-Mar-2026,Receiving,FALSE,National Steel Rule (NSR) - Consignment,"1,200.00",1.2990618,"1,558.87"
3071,4pt 0.990 CB 10tpi Serr SNN COIL,false,21-Oct-2026,P23-3009,17-Jun-2026,Ordered,FALSE,National Steel Rule (NSR) - Consignment,500.00,1.2608007,630.40
3071,4pt 0.990 CB 10tpi Serr SNN COIL,false,29-Nov-2026,P23-3096,29-Jul-2026,Ordered,FALSE,National Steel Rule (NSR) - Consignment,"1,200.00",1.2760642,"1,531.28"
31117,Center Offset Perf 12 tpi Paper (6m),,12-Feb-2026,P23-2726,29-Jan-2026,Completed,FALSE,August Graef GNU Gmbh,20.00,52.4923020,"1,049.85"
31117,Center Offset Perf 12 tpi Paper (6m),,24-Mar-2026,P23-2812,10-Mar-2026,Completed,FALSE,August Graef GNU Gmbh,10.00,52.3929600,523.93
31117,Center Offset Perf 12 tpi Paper (6m),,21-Apr-2026,P23-2857,07-Apr-2026,Completed,FALSE,August Graef GNU Gmbh,45.00,53.3929600,"2,402.68"
31117,Center Offset Perf 12 tpi Paper (6m),,15-Jun-2026,P23-2979,01-Jun-2026,Completed,FALSE,August Graef GNU Gmbh,80.00,50.0997150,"3,005.98"
31118,Center Offset Perf 12 tpi Card (6m),,24-Mar-2026,P23-2812,10-Mar-2026,Completed,FALSE,August Graef GNU Gmbh,2.00,52.3929600,104.79
32403,Side Microperf 35 tpi Paper (6m),,12-Feb-2026,P23-2726,29-Jan-2026,Completed,FALSE,August Graef GNU Gmbh,2.00,147.9637380,295.93
32403,Side Microperf 35 tpi Paper (6m),,15-Jun-2026,P23-2979,01-Jun-2026,Completed,FALSE,August Graef GNU Gmbh,1.00,141.2195850,141.22
3262,4pt 1.500 CB 8tpi Serr Ultra 8 SNN COIL,false,29-Nov-2026,P23-3094,29-Jul-2026,Ordered,FALSE,National Steel Rule (NSR),200.00,3.0252758,605.06
3311,Plywood Flat 16mm 1830x1220 RB,False,16-Feb-2026,P23-2634,05-Dec-2025,Completed,TRUE,Yitai,450.00,65.0633000,"29,278.49"
3311,Plywood Flat 16mm 1830x1220 RB,False,30-May-2026,P23-2759,10-Feb-2026,Completed,TRUE,Yitai,100.00,60.8050100,"6,080.50"
3311,Plywood Flat 16mm 1830x1220 RB,False,30-Jun-2026,P23-2872,14-Apr-2026,Completed,TRUE,Yitai,450.00,60.6949300,"27,312.72"
33465,POM Board 1000 x 30 x 250mm,false,16-Jun-2026,P23-3000,16-Jun-2026,Fully billed,FALSE,JNL Manufacturing,10.00,111.7778900,"1,117.78"
35083,2pt 0.918 12tpi CB Business Form Perf .051x.032 COIL CW,False,24-Feb-2026,P23-2556,13-Nov-2025,Completed,FALSE,Speedi-Tear,100.00,3.5998740,359.99
35088,3pt 23.25 (0.915) Crease SNN COIL C/WISE,,,P23-3142,20-Aug-2026,Fully billed,FALSE,Bohler (Voestalpine),700.00,1.3649821,955.49
35088,3pt 23.25 (0.915) Crease SNN COIL C/WISE,,28-Feb-2026,P23-2733,30-Jan-2026,Completed,FALSE,Martin Miller (Voestalpine),280.00,1.3455438,376.75
35088,3pt 23.25 (0.915) Crease SNN COIL C/WISE,,15-May-2026,P23-2861,13-Apr-2026,Completed,FALSE,Martin Miller (Voestalpine),210.00,1.3830007,290.44
35425,DB11 Rotary Plywood SG 13 x 360 x 2000,,30-Jul-2026,P23-2816,13-Mar-2026,Fully billed,TRUE,Yitai,15.00,49.5456500,743.18
35445,Speedmount Fastener Blue 12mm ID Round Washer (12.5mm high),False,25-Nov-2026,P23-3129,13-Aug-2026,Ordered,FALSE,JNL Manufacturing,"2,000.00",0.1134776,226.96
35782,Diebending Sets,False,28-Jan-2026,P23-2694,14-Jan-2026,Completed,FALSE,FIS Group,1.00,152.9057280,152.91
35782,Diebending Sets,False,25-Feb-2026,P23-2762,11-Feb-2026,Fully billed,FALSE,FIS Group,1.00,719.8566400,719.86
36546,Plywood Edge Protector 18mm Orange,,30-Sep-2025,P23-2424,16-Sep-2025,Received / credited,FALSE,JNL Manufacturing,500.00,0.1499540,74.98
36546,Plywood Edge Protector 18mm Orange,,30-Oct-2025,P23-2512,16-Oct-2025,Received / credited,FALSE,JNL Manufacturing,"1,000.00",0.1540770,154.08
36546,Plywood Edge Protector 18mm Orange,,17-Dec-2025,P23-2627,03-Dec-2025,Receiving,FALSE,JNL Manufacturing,400.00,0.1519120,60.76
36546,Plywood Edge Protector 18mm Orange,,22-Dec-2025,P23-2459,22-Sep-2025,Completed,FALSE,JNL Manufacturing,400.00,0.1517880,60.72
36546,Plywood Edge Protector 18mm Orange,,29-Jan-2026,P23-2667,29-Dec-2025,Completed,FALSE,JNL Manufacturing,"1,000.00",0.1488080,148.81
36546,Plywood Edge Protector 18mm Orange,,11-Feb-2026,P23-2727,29-Jan-2026,Completed,FALSE,JNL Manufacturing,500.00,0.1419720,70.99
36546,Plywood Edge Protector 18mm Orange,,29-Apr-2026,P23-2681,09-Jan-2026,Received / credited,FALSE,JNL Manufacturing,"2,000.00",0.1493860,298.77
36546,Plywood Edge Protector 18mm Orange,,04-May-2026,P23-2893,20-Apr-2026,Receiving,FALSE,JNL Manufacturing,"1,000.00",0.1397470,139.75
36546,Plywood Edge Protector 18mm Orange,,30-Jul-2026,P23-2916,30-Apr-2026,Receiving / credited,FALSE,JNL Manufacturing,"6,000.00",0.1403400,842.04
36659,Plywood Flat 16mm 2440x1220 RB [26],False,30-May-2026,P23-2759,10-Feb-2026,Completed,FALSE,Yitai,60.00,90.5004800,"5,430.03"
36676,"Serrated Tube Punch 7.9375mm (5/16'') x 25.40 (1.000"") x Body 3/8"" CB",false,31-Mar-2026,P23-2828,20-Mar-2026,Completed,FALSE,Pace Punches Inc,200.00,3.9653315,793.07
36987,Yellow Hand Tape 48mm x 66m (36),false,,P23-2724,28-Jan-2026,Completed,,Omni Group,2.00,98.2800000,196.56
37219,2pt 22.60 (0.890) Crease SNN COIL CC/WISE,,,P23-2729,29-Jan-2026,Completed,FALSE,Martin Miller (Voestalpine),440.00,1.1597583,510.29
37333,DB636 Rotary Plywood SG 16 x 636 x 2400,false,30-Jul-2026,P23-2816,13-Mar-2026,Fully billed,FALSE,Yitai,40.00,164.2084400,"6,568.34"
37334,DB34 Rotary Plywood SG 16 x 621 x 2400,false,30-Jul-2026,P23-2816,13-Mar-2026,Fully billed,TRUE,Yitai,20.00,164.2084400,"3,284.17"
37335,DB20A Rotary Plywood SG 13 x 645 x 2400,false,30-Jul-2026,P23-2816,13-Mar-2026,Fully billed,FALSE,Yitai,30.00,125.1098442,"3,753.30"
37337,DB673 Rotary Plywood PB 16 x 673 x 2500,false,02-Sep-2026,P23-2908,28-Apr-2026,Ordered,FALSE,Penta Box SRL,30.00,288.7202472,"8,661.61"
37338,DB20A Rotary Plywood PB 13 x 645 x 2400,False,14-Jan-2026,P23-2518,20-Oct-2025,Receiving,FALSE,Penta Box SRL,15.00,226.7681832,"3,401.52"
3739,DAMPENING ROLLER COND.,False,27-Aug-2025,P23-2375,25-Aug-2025,Completed,FALSE,Gsb Chemical Co. (USAGE),2.00,151.3000000,302.60
37509,Chain (32 teeth),,26-Jan-2026,P23-2707,20-Jan-2026,Completed,FALSE,Hangzhou Youngsun Intelligent Company,12.00,0.0000000,0.00
37509,Chain (32 teeth),,08-Apr-2026,P23-2839,25-Mar-2026,Receiving,FALSE,Hangzhou Youngsun Intelligent Company,10.00,1.4341100,14.34
37541,Lead Edge Guard / Rule Brace (Support Bracket) Large H 25 x W 27mm,false,17-Dec-2025,P23-2627,03-Dec-2025,Receiving,TRUE,JNL Manufacturing,600.00,0.1671032,100.26
37541,Lead Edge Guard / Rule Brace (Support Bracket) Large H 25 x W 27mm,false,29-Jan-2026,P23-2667,29-Dec-2025,Completed,TRUE,JNL Manufacturing,500.00,0.1636888,81.84
37541,Lead Edge Guard / Rule Brace (Support Bracket) Large H 25 x W 27mm,false,29-Apr-2026,P23-2681,09-Jan-2026,Received / credited,TRUE,JNL Manufacturing,500.00,0.1643246,82.16
37541,Lead Edge Guard / Rule Brace (Support Bracket) Large H 25 x W 27mm,false,30-Jul-2026,P23-2916,30-Apr-2026,Receiving / credited,TRUE,JNL Manufacturing,500.00,0.1543740,77.19
37541,Lead Edge Guard / Rule Brace (Support Bracket) Large H 25 x W 27mm,false,25-Nov-2026,P23-3129,13-Aug-2026,Ordered,TRUE,JNL Manufacturing,"1,000.00",0.1560317,156.03
37670,SEAGA - Satin Photo Paper 180gsm - 42inch x 30m,,22-Dec-2025,P23-2459,22-Sep-2025,Completed,FALSE,JNL Manufacturing,2.00,65.4661644,130.93
37704,Laser Power Supply,False,30-Jan-2026,P23-2705,19-Jan-2026,Completed,FALSE,Yitai,2.00,448.3170000,896.63
38723,Martin Hoops - 178 mm Diameter with Notches Both Sides (Martin 661 / 718),False,17-Dec-2025,P23-2627,03-Dec-2025,Receiving,FALSE,JNL Manufacturing,100.00,6.9119960,691.20
38723,Martin Hoops - 178 mm Diameter with Notches Both Sides (Martin 661 / 718),False,29-Jan-2026,P23-2667,29-Dec-2025,Completed,FALSE,JNL Manufacturing,400.00,6.7707640,"2,708.31"
38723,Martin Hoops - 178 mm Diameter with Notches Both Sides (Martin 661 / 718),False,29-Apr-2026,P23-2681,09-Jan-2026,Received / credited,FALSE,JNL Manufacturing,500.00,6.7970630,"3,398.53"
38732,4pt 0.970 CB 12tpi Serr Cur 66 x 90 (487mm ID) Reverse Curved No Notch,false,05-May-2026,P23-2740,02-Feb-2026,Receiving,FALSE,National Steel Rule (NSR) - CLDF,200.00,1.8949524,378.99
38732,4pt 0.970 CB 12tpi Serr Cur 66 x 90 (487mm ID) Reverse Curved No Notch,false,30-Jul-2026,P23-2847,31-Mar-2026,Receiving,FALSE,National Steel Rule (NSR) - CLDF,400.00,1.9266984,770.68
38732,4pt 0.970 CB 12tpi Serr Cur 66 x 90 (487mm ID) Reverse Curved No Notch,false,21-Oct-2026,P23-3008,17-Jun-2026,Ordered,FALSE,National Steel Rule (NSR) - CLDF,200.00,1.8699516,373.99
38732,4pt 0.970 CB 12tpi Serr Cur 66 x 90 (487mm ID) Reverse Curved No Notch,false,29-Nov-2026,P23-3095,29-Jul-2026,Ordered,FALSE,National Steel Rule (NSR) - CLDF,200.00,1.8925896,378.52
38835,DB42 Rotary Plywood PB 13 x 270 x 2400,false,02-Sep-2026,P23-2908,28-Apr-2026,Ordered,TRUE,Penta Box SRL,40.00,74.5168704,"2,980.67"
38852,4pt 1.000 CB 10tpi Serr SNN COIL Plain Box,False,28-Mar-2026,P23-2666,29-Dec-2025,Fully billed,TRUE,National Steel Rule (NSR),"10,000.00",1.3793027,"13,793.03"
38854,4pt 1.040 CB 10tpi Serr SNN COIL Plain Box,False,28-Mar-2026,P23-2666,29-Dec-2025,Fully billed,FALSE,National Steel Rule (NSR),"3,600.00",1.3793027,"4,965.49"
38858,"Blue CC Rubber Sheet 22"" x 42"" x 1"" 55-65 (Shore00)",false,19-Nov-2026,P23-3137,19-Aug-2026,Ordered,TRUE,Monroe Rubber & Plastic,60.00,101.8999359,"6,114.00"
38859,4pt 1.000 CB 10tpi Serr Cur 66 x 90 (487mm ID) No Notch Plain Box,True,28-Mar-2026,P23-2666,29-Dec-2025,Fully billed,TRUE,National Steel Rule (NSR),"5,000.00",1.6845582,"8,422.79"
39268,Martin Hoops - 240.9 mm Diameter with Notches Both Sides (Bobst 820),false,29-Apr-2026,P23-2681,09-Jan-2026,Received / credited,FALSE,JNL Manufacturing,500.00,6.7223700,"3,361.19"
39384,Plywood Flat 08mm 2440x1220 RB,False,12-Jan-2026,P23-2545,07-Nov-2025,Completed,TRUE,Yitai,40.00,61.7824000,"2,471.30"
39384,Plywood Flat 08mm 2440x1220 RB,False,30-May-2026,P23-2759,10-Feb-2026,Completed,TRUE,Yitai,100.00,56.5628000,"5,656.28"
3A,Emmoco 3A Semi Automatic Carton Sealer,false,30-Mar-2026,P23-2821,16-Mar-2026,Partially billed,,Hangzhou Youngsun Intelligent Company,1.00,"3,280.7660000","3,280.77"
40020536,3pt 28.60 (1.125) HF40 Viking Flex A SNN ES - Coil,False,,P23-2729,29-Jan-2026,Completed,FALSE,Martin Miller (Voestalpine),70.00,3.1041492,217.29
40026693,4pt 25.40 (1.000) CB UNI Rotary Shallow Profile SNN COIL ,false,26-Feb-2026,P23-2770,12-Feb-2026,Receiving,FALSE,Bohler (Voestalpine),46.00,4.0846155,187.89
40050998,3pt 50.00 (1.969) MM40 A SNN COIL C/WISE 25 Meter Coil,False,,P23-3001,16-Jun-2026,Fully billed,TRUE,Martin Miller (Voestalpine),600.00,3.8680492,"2,320.81"
40050998,3pt 50.00 (1.969) MM40 A SNN COIL C/WISE 25 Meter Coil,False,30-Jun-2026,P23-2769,12-Feb-2026,Ordered,TRUE,Martin Miller (Voestalpine),600.00,3.7339232,"2,240.35"
40356,Compressed spring of adhesive tape  roller,,08-Apr-2026,P23-2839,25-Mar-2026,Receiving,FALSE,Hangzhou Youngsun Intelligent Company,20.00,1.4341100,28.68
40356,Compressed spring of adhesive tape  roller,,31-May-2026,P23-2965,21-May-2026,Completed,FALSE,Hangzhou Youngsun Intelligent Company,10.00,0.4203660,4.20
403611,Adhesive tape roller assembly,,08-Apr-2026,P23-2839,25-Mar-2026,Receiving,FALSE,Hangzhou Youngsun Intelligent Company,10.00,1.4341100,14.34
403611,Adhesive tape roller assembly,,11-Aug-2026,P23-3099,30-Jul-2026,Ordered,FALSE,Hangzhou Youngsun Intelligent Company,2.00,13.2945625,26.59
40363,Micro-active switch frame,,08-Apr-2026,P23-2839,25-Mar-2026,Receiving,FALSE,Hangzhou Youngsun Intelligent Company,5.00,1.4341100,7.17
40369,Micro switch,,31-May-2026,P23-2965,21-May-2026,Completed,FALSE,Hangzhou Youngsun Intelligent Company,4.00,17.7394452,70.96
40369,Micro switch,,11-Aug-2026,P23-3099,30-Jul-2026,Ordered,FALSE,Hangzhou Youngsun Intelligent Company,10.00,18.1955850,181.96
41500,Separating Knife 100 mm,False,29-Jan-2026,P23-2667,29-Dec-2025,Completed,FALSE,JNL Manufacturing,200.00,0.8928480,178.57
41501,Separating Knife 150 mm,False,29-Jan-2026,P23-2667,29-Dec-2025,Completed,FALSE,JNL Manufacturing,200.00,1.1160600,223.21
4192,Standard 9mm OLFA Snap Blades (x10),false,,P23-2553,12-Nov-2025,Completed,FALSE,Diplomat Blades (Aust) P/L,100.00,4.7500000,475.00
42033,8/4pt 22.60 (0.890) Laser Crease Cur 66 x 90 Reverse Curved,false,21-Oct-2026,P23-3009,17-Jun-2026,Ordered,TRUE,National Steel Rule (NSR) - Consignment,200.00,2.5499340,509.99
42033,8/4pt 22.60 (0.890) Laser Crease Cur 66 x 90 Reverse Curved,false,29-Nov-2026,P23-3096,29-Jul-2026,Ordered,TRUE,National Steel Rule (NSR) - Consignment,200.00,2.5808040,516.16
42034,8/4pt 22.95 (0.904) Laser Crease SNN DP Coil,false,19-Aug-2026,P23-3093,29-Jul-2026,Ordered,TRUE,National Steel Rule (NSR) - Consignment,200.00,2.3428619,468.57
42034,8/4pt 22.95 (0.904) Laser Crease SNN DP Coil,false,29-Nov-2026,P23-3096,29-Jul-2026,Ordered,TRUE,National Steel Rule (NSR) - Consignment,500.00,2.3083858,"1,154.19"
42041,4pt 0.990 CB 10tpi Serr Cur 66 x 90 (487mm ID) Reverse Curved,false,17-Feb-2026,P23-2741,02-Feb-2026,Receiving,TRUE,National Steel Rule (NSR) - Consignment,"1,600.00",1.8949524,"3,031.92"
42041,4pt 0.990 CB 10tpi Serr Cur 66 x 90 (487mm ID) Reverse Curved,false,30-Jul-2026,P23-2848,31-Mar-2026,Receiving,TRUE,National Steel Rule (NSR) - Consignment,"4,000.00",1.9266984,"7,706.79"
42041,4pt 0.990 CB 10tpi Serr Cur 66 x 90 (487mm ID) Reverse Curved,false,29-Nov-2026,P23-3096,29-Jul-2026,Ordered,TRUE,National Steel Rule (NSR) - Consignment,"2,000.00",1.8925896,"3,785.18"
42042,4pt 0.990 CB 10tpi Serr Cur 66 x 90 (487mm ID) No Notch Reverse Curved,false,22-Dec-2025,P23-2457,22-Sep-2025,Receiving,TRUE,National Steel Rule (NSR) - Consignment,"3,000.00",2.1860208,"6,558.06"
42042,4pt 0.990 CB 10tpi Serr Cur 66 x 90 (487mm ID) No Notch Reverse Curved,false,17-Feb-2026,P23-2741,02-Feb-2026,Receiving,TRUE,National Steel Rule (NSR) - Consignment,"10,000.00",2.0672208,"20,672.21"
42042,4pt 0.990 CB 10tpi Serr Cur 66 x 90 (487mm ID) No Notch Reverse Curved,false,28-Feb-2026,P23-2546,07-Nov-2025,Receiving,TRUE,National Steel Rule (NSR) - Consignment,"6,000.00",2.2238208,"13,342.92"
42042,4pt 0.990 CB 10tpi Serr Cur 66 x 90 (487mm ID) No Notch Reverse Curved,false,21-Oct-2026,P23-3009,17-Jun-2026,Ordered,TRUE,National Steel Rule (NSR) - Consignment,"5,000.00",2.0399472,"10,199.74"
42042,4pt 0.990 CB 10tpi Serr Cur 66 x 90 (487mm ID) No Notch Reverse Curved,false,29-Nov-2026,P23-3096,29-Jul-2026,Ordered,TRUE,National Steel Rule (NSR) - Consignment,"4,000.00",2.0646432,"8,258.57"
42236,4pt 22.60 (0.890) Crease Cur 50 x 90 FT Reverse Curved,false,17-Feb-2026,P23-2741,02-Feb-2026,Receiving,TRUE,National Steel Rule (NSR) - Consignment,100.00,0.9618319,96.18
42237,4pt 23.10 (0.909) Crease SNN RT DP COIL,false,22-Dec-2025,P23-2457,22-Sep-2025,Receiving,TRUE,National Steel Rule (NSR) - Consignment,200.00,0.4857824,97.16
42237,4pt 23.10 (0.909) Crease SNN RT DP COIL,false,28-Feb-2026,P23-2546,07-Nov-2025,Receiving,TRUE,National Steel Rule (NSR) - Consignment,200.00,0.4941824,98.84
42237,4pt 23.10 (0.909) Crease SNN RT DP COIL,false,29-Nov-2026,P23-3096,29-Jul-2026,Ordered,TRUE,National Steel Rule (NSR) - Consignment,200.00,0.4588096,91.76
42238,4pt 23.30 (0.918) Crease SNN RT DP COIL,false,17-Feb-2026,P23-2741,02-Feb-2026,Receiving,TRUE,National Steel Rule (NSR) - Consignment,100.00,0.4593824,45.94
42238,4pt 23.30 (0.918) Crease SNN RT DP COIL,false,30-Jul-2026,P23-2848,31-Mar-2026,Receiving,TRUE,National Steel Rule (NSR) - Consignment,100.00,0.4670784,46.71
42245,4pt 0.990 CB 10tpi Serr Cur 23 x 90 (177.4mm ID) Reversed Curved,false,30-Sep-2025,P23-2376,26-Aug-2025,Completed,TRUE,National Steel Rule (NSR) - Consignment,200.00,2.7924861,558.50
42245,4pt 0.990 CB 10tpi Serr Cur 23 x 90 (177.4mm ID) Reversed Curved,false,22-Dec-2025,P23-2457,22-Sep-2025,Receiving,TRUE,National Steel Rule (NSR) - Consignment,500.00,2.7477067,"1,373.85"
42245,4pt 0.990 CB 10tpi Serr Cur 23 x 90 (177.4mm ID) Reversed Curved,false,17-Feb-2026,P23-2741,02-Feb-2026,Receiving,TRUE,National Steel Rule (NSR) - Consignment,400.00,2.5983817,"1,039.35"
42245,4pt 0.990 CB 10tpi Serr Cur 23 x 90 (177.4mm ID) Reversed Curved,false,30-Jul-2026,P23-2848,31-Mar-2026,Receiving,TRUE,National Steel Rule (NSR) - Consignment,400.00,2.6419122,"1,056.76"
42245,4pt 0.990 CB 10tpi Serr Cur 23 x 90 (177.4mm ID) Reversed Curved,false,21-Oct-2026,P23-3009,17-Jun-2026,Ordered,TRUE,National Steel Rule (NSR) - Consignment,400.00,2.5641003,"1,025.64"
42246,4pt 0.990 CB 10tpi Serr Cur 35 x 90 (240.9mm ID) Reversed Curved,false,30-Sep-2025,P23-2377,26-Aug-2025,Completed,TRUE,National Steel Rule (NSR) - CLDF,100.00,2.0365092,203.65
42246,4pt 0.990 CB 10tpi Serr Cur 35 x 90 (240.9mm ID) Reversed Curved,false,22-Dec-2025,P23-2457,22-Sep-2025,Receiving,TRUE,National Steel Rule (NSR) - Consignment,500.00,2.0068885,"1,003.44"
42246,4pt 0.990 CB 10tpi Serr Cur 35 x 90 (240.9mm ID) Reversed Curved,false,29-Nov-2026,P23-3096,29-Jul-2026,Ordered,TRUE,National Steel Rule (NSR) - Consignment,200.00,1.8925896,378.52
42247,4pt 1.030 CB 10tpi Serr Cur 39.5 x 90 (270mm ID) Reverse Curved No Notch,false,30-Sep-2025,P23-2376,26-Aug-2025,Completed,TRUE,National Steel Rule (NSR) - Consignment,100.00,2.0673654,206.74
42247,4pt 1.030 CB 10tpi Serr Cur 39.5 x 90 (270mm ID) Reverse Curved No Notch,false,22-Dec-2025,P23-2457,22-Sep-2025,Receiving,TRUE,National Steel Rule (NSR) - Consignment,300.00,2.0342138,610.26
42247,4pt 1.030 CB 10tpi Serr Cur 39.5 x 90 (270mm ID) Reverse Curved No Notch,false,28-Feb-2026,P23-2546,07-Nov-2025,Receiving,TRUE,National Steel Rule (NSR) - Consignment,300.00,2.0693888,620.82
42248,4pt 1.040 CB 10tpi Serr Cur 39.5 x 90 (270mm ID) Reverse Curved,false,22-Dec-2025,P23-2457,22-Sep-2025,Receiving,TRUE,National Steel Rule (NSR) - Consignment,100.00,2.0038524,200.39
42248,4pt 1.040 CB 10tpi Serr Cur 39.5 x 90 (270mm ID) Reverse Curved,false,17-Feb-2026,P23-2741,02-Feb-2026,Receiving,TRUE,National Steel Rule (NSR) - Consignment,500.00,1.8949524,947.48
42248,4pt 1.040 CB 10tpi Serr Cur 39.5 x 90 (270mm ID) Reverse Curved,false,23-Feb-2026,P23-2718,23-Jan-2026,Fully billed,TRUE,National Steel Rule (NSR) - Consignment,400.00,2.1088609,843.54
42249,4pt 1.040 CB 10tpi Serr Cur 39.5 x 90 (270mm ID) Reverse Curved No Notch,false,30-Oct-2025,P23-2509,16-Oct-2025,Receiving,TRUE,National Steel Rule (NSR) - Consignment,100.00,2.2476116,224.76
42249,4pt 1.040 CB 10tpi Serr Cur 39.5 x 90 (270mm ID) Reverse Curved No Notch,false,22-Dec-2025,P23-2457,22-Sep-2025,Receiving,TRUE,National Steel Rule (NSR) - Consignment,600.00,2.2163822,"1,329.83"
42249,4pt 1.040 CB 10tpi Serr Cur 39.5 x 90 (270mm ID) Reverse Curved No Notch,false,31-Dec-2025,P23-2583,18-Nov-2025,Fully billed,TRUE,National Steel Rule (NSR) - Consignment,100.00,2.2481311,224.81
42249,4pt 1.040 CB 10tpi Serr Cur 39.5 x 90 (270mm ID) Reverse Curved No Notch,false,28-Feb-2026,P23-2546,07-Nov-2025,Receiving,TRUE,National Steel Rule (NSR) - Consignment,400.00,2.2547072,901.88
42251,4pt 1.000 CB 10tpi Serr Cur 50 x 90 (360mm ID) Reverse Curved,false,29-Nov-2026,P23-3096,29-Jul-2026,Ordered,TRUE,National Steel Rule (NSR) - Consignment,100.00,1.8925896,189.26
42254,4pt 1.040 CB 10tpi Serr Cur 51 x 90 (366mm ID) Reverse Curved,false,21-Oct-2026,P23-3009,17-Jun-2026,Ordered,TRUE,National Steel Rule (NSR) - Consignment,200.00,2.0399472,407.99
42255,4pt 1.040 CB 10tpi Serr Cur 51 x 90 (366mm ID) Reverse Curved No Notch,false,30-Sep-2025,P23-2376,26-Aug-2025,Completed,TRUE,National Steel Rule (NSR) - Consignment,100.00,2.0673654,206.74
42255,4pt 1.040 CB 10tpi Serr Cur 51 x 90 (366mm ID) Reverse Curved No Notch,false,30-Oct-2025,P23-2509,16-Oct-2025,Receiving,TRUE,National Steel Rule (NSR) - Consignment,100.00,2.0628764,206.29
42255,4pt 1.040 CB 10tpi Serr Cur 51 x 90 (366mm ID) Reverse Curved No Notch,false,22-Dec-2025,P23-2457,22-Sep-2025,Receiving,TRUE,National Steel Rule (NSR) - Consignment,200.00,2.0342138,406.84
42255,4pt 1.040 CB 10tpi Serr Cur 51 x 90 (366mm ID) Reverse Curved No Notch,false,28-Feb-2026,P23-2546,07-Nov-2025,Receiving,TRUE,National Steel Rule (NSR) - Consignment,300.00,2.0693888,620.82
42255,4pt 1.040 CB 10tpi Serr Cur 51 x 90 (366mm ID) Reverse Curved No Notch,false,29-Nov-2026,P23-3096,29-Jul-2026,Ordered,TRUE,National Steel Rule (NSR) - Consignment,200.00,1.9212652,384.25
42260,4pt 1.040 CB 10tpi Serr Cur 66 x 90 (487mm ID) Reverse Curved No Notch,false,29-Oct-2025,P23-2478,07-Oct-2025,Completed,TRUE,National Steel Rule (NSR),400.00,2.0109467,804.38
42260,4pt 1.040 CB 10tpi Serr Cur 66 x 90 (487mm ID) Reverse Curved No Notch,false,28-Feb-2026,P23-2546,07-Nov-2025,Receiving,TRUE,National Steel Rule (NSR) - Consignment,200.00,2.0539456,410.79
42260,4pt 1.040 CB 10tpi Serr Cur 66 x 90 (487mm ID) Reverse Curved No Notch,false,14-Apr-2026,P23-2846,31-Mar-2026,Ordered,TRUE,National Steel Rule (NSR) - Consignment,600.00,1.9558908,"1,173.53"
42260,4pt 1.040 CB 10tpi Serr Cur 66 x 90 (487mm ID) Reverse Curved No Notch,false,30-Jul-2026,P23-2848,31-Mar-2026,Receiving,TRUE,National Steel Rule (NSR) - Consignment,500.00,1.9412946,970.65
42261,4pt 1.040 CB 10tpi Serr Cur 66 x 90 (487mm ID) Reverse Curved,false,17-Feb-2026,P23-2741,02-Feb-2026,Receiving,TRUE,National Steel Rule (NSR) - Consignment,100.00,1.8949524,189.50
42535,"4pt 0.990 CB 12tpi Serr Cur 45 x 90 (320mm ID)(12.5"" ID) No Notch Reverse Curved",false,29-Nov-2026,P23-3095,29-Jul-2026,Ordered,FALSE,National Steel Rule (NSR) - CLDF,400.00,2.0646432,825.86
42651,DB8 Rotary Plywood PB 13 x 487 x 2000 Grey Prime,False,02-Sep-2026,P23-2908,28-Apr-2026,Ordered,TRUE,Penta Box SRL,288.00,84.0435456,"24,204.54"
42654,2pt 22.35 (.880) Crease SNN Coil CW,False,,P23-3142,20-Aug-2026,Fully billed,FALSE,Bohler (Voestalpine),100.00,1.0021907,100.22
42655,Lead Edge Guard / Rule Brace (Support Bracket) 2 HOLE HIGH 9mm,False,30-Sep-2025,P23-2424,16-Sep-2025,Received / credited,TRUE,JNL Manufacturing,300.00,0.2099356,62.98
42655,Lead Edge Guard / Rule Brace (Support Bracket) 2 HOLE HIGH 9mm,False,22-Dec-2025,P23-2459,22-Sep-2025,Completed,TRUE,JNL Manufacturing,"1,000.00",0.2125032,212.50
42655,Lead Edge Guard / Rule Brace (Support Bracket) 2 HOLE HIGH 9mm,False,30-Jul-2026,P23-2916,30-Apr-2026,Receiving / credited,TRUE,JNL Manufacturing,"2,000.00",0.1964760,392.95
42664,DB8 Rotary Plywood PB 13 x 487 x 2000 Prime,,14-Jan-2026,P23-2518,20-Oct-2025,Receiving,TRUE,Penta Box SRL,244.00,80.2374602,"19,577.94"
42666,Plywood Flat 15mm UV Coated 2440x1220 FB,False,12-Jan-2026,P23-2545,07-Nov-2025,Completed,FALSE,Yitai,300.00,101.9409600,"30,582.29"
42666,Plywood Flat 15mm UV Coated 2440x1220 FB,False,30-May-2026,P23-2759,10-Feb-2026,Completed,FALSE,Yitai,300.00,93.3286200,"27,998.59"
42694,Diemaking Strapping (length) RED,False,17-Dec-2025,P23-2627,03-Dec-2025,Receiving,FALSE,JNL Manufacturing,200.00,0.9418544,188.37
42694,Diemaking Strapping (length) RED,False,29-Jan-2026,P23-2667,29-Dec-2025,Completed,FALSE,JNL Manufacturing,100.00,0.9226096,92.26
42697,Nail for Perfa Type 17.75mm,false,22-Dec-2025,P23-2459,22-Sep-2025,Completed,FALSE,JNL Manufacturing,"10,000.00",0.0151788,151.79
42697,Nail for Perfa Type 17.75mm,false,11-Feb-2026,P23-2727,29-Jan-2026,Completed,FALSE,JNL Manufacturing,"2,000.00",0.0141972,28.39
42697,Nail for Perfa Type 17.75mm,false,29-Apr-2026,P23-2681,09-Jan-2026,Received / credited,FALSE,JNL Manufacturing,"15,000.00",0.0149386,224.08
42697,Nail for Perfa Type 17.75mm,false,25-Nov-2026,P23-3129,13-Aug-2026,Ordered,FALSE,JNL Manufacturing,"10,000.00",0.0141847,141.85
42703,2pt 23.80 (0.937) CF HF 580 (ID = 400mm) COIL C/WISE,False,,P23-2467,29-Sep-2025,Completed,FALSE,Martin Miller (Voestalpine),"2,400.00",1.1276443,"2,706.35"
42703,2pt 23.80 (0.937) CF HF 580 (ID = 400mm) COIL C/WISE,False,,P23-2693,14-Jan-2026,Credited,FALSE,Bohler (Voestalpine),"3,780.00",1.1005701,"4,160.14"
42703,2pt 23.80 (0.937) CF HF 580 (ID = 400mm) COIL C/WISE,False,,P23-2729,29-Jan-2026,Completed,FALSE,Martin Miller (Voestalpine),"1,000.00",1.0706009,"1,070.60"
42703,2pt 23.80 (0.937) CF HF 580 (ID = 400mm) COIL C/WISE,False,,P23-2730,30-Jan-2026,Completed,FALSE,Martin Miller (Voestalpine),"1,555.00",1.0723987,"1,667.55"
42703,2pt 23.80 (0.937) CF HF 580 (ID = 400mm) COIL C/WISE,False,,P23-2731,30-Jan-2026,Completed,FALSE,Martin Miller (Voestalpine),"1,555.00",1.0719251,"1,666.81"
42703,2pt 23.80 (0.937) CF HF 580 (ID = 400mm) COIL C/WISE,False,,P23-2863,13-Apr-2026,Completed,FALSE,Martin Miller (Voestalpine),"1,500.00",1.0496871,"1,574.55"
42703,2pt 23.80 (0.937) CF HF 580 (ID = 400mm) COIL C/WISE,False,,P23-3001,16-Jun-2026,Fully billed,FALSE,Martin Miller (Voestalpine),"1,500.00",1.0361652,"1,554.25"
42703,2pt 23.80 (0.937) CF HF 580 (ID = 400mm) COIL C/WISE,False,,P23-3002,16-Jun-2026,Completed,FALSE,Martin Miller (Voestalpine),"1,500.00",1.0480882,"1,572.21"
42703,2pt 23.80 (0.937) CF HF 580 (ID = 400mm) COIL C/WISE,False,15-May-2026,P23-2861,13-Apr-2026,Completed,FALSE,Martin Miller (Voestalpine),"1,500.00",1.0503487,"1,575.52"
42719,2pt 23.80 (0.937) A HP35 Universal Autoflex COIL C/WISE (ID = 400mm),,,P23-3143,20-Aug-2026,Fully billed,TRUE,Martin Miller (Voestalpine),"6,000.00",1.5192512,"9,115.50"
42719,2pt 23.80 (0.937) A HP35 Universal Autoflex COIL C/WISE (ID = 400mm),,20-Oct-2026,P23-2985,02-Jun-2026,Ordered,TRUE,Bohler (Voestalpine),"6,000.00",1.4293488,"8,576.09"
42723,8/4pt 23.10 (0.910) Laser Crease Cur 66 x 90,false,31-Dec-2025,P23-2581,18-Nov-2025,Receiving,FALSE,National Steel Rule (NSR) - CLDF,300.00,2.7577814,827.33
42723,8/4pt 23.10 (0.910) Laser Crease Cur 66 x 90,false,04-Mar-2026,P23-2777,18-Feb-2026,Fully billed,FALSE,National Steel Rule (NSR) - CLDF,300.00,2.5319550,759.59
42834,4pt 23.80 (0.937) Crease SNN COIL,false,22-Dec-2025,P23-2457,22-Sep-2025,Receiving,TRUE,National Steel Rule (NSR) - Consignment,200.00,0.4857824,97.16
42834,4pt 23.80 (0.937) Crease SNN COIL,false,17-Feb-2026,P23-2741,02-Feb-2026,Receiving,TRUE,National Steel Rule (NSR) - Consignment,300.00,0.4593824,137.81
42834,4pt 23.80 (0.937) Crease SNN COIL,false,21-Oct-2026,P23-3009,17-Jun-2026,Ordered,TRUE,National Steel Rule (NSR) - Consignment,200.00,0.4533216,90.66
42834,4pt 23.80 (0.937) Crease SNN COIL,false,29-Nov-2026,P23-3096,29-Jul-2026,Ordered,TRUE,National Steel Rule (NSR) - Consignment,200.00,0.4588096,91.76
42843,4pt 1.000 CB 10tpi Serr Cur 50 x 90 (360mm ID) No Notch Reverse Curved,false,30-Sep-2025,P23-2376,26-Aug-2025,Completed,TRUE,National Steel Rule (NSR) - Consignment,100.00,2.0365092,203.65
42843,4pt 1.000 CB 10tpi Serr Cur 50 x 90 (360mm ID) No Notch Reverse Curved,false,22-Dec-2025,P23-2457,22-Sep-2025,Receiving,TRUE,National Steel Rule (NSR) - Consignment,100.00,2.0038524,200.39
42843,4pt 1.000 CB 10tpi Serr Cur 50 x 90 (360mm ID) No Notch Reverse Curved,false,28-Feb-2026,P23-2546,07-Nov-2025,Receiving,TRUE,National Steel Rule (NSR) - Consignment,100.00,2.0385024,203.85
42845,4pt 0.990 CB 10tpi Serr Cur 35 x 90 (240.9mm ID) No Notch Reversed Curved,false,16-Dec-2025,P23-2589,20-Nov-2025,Fully billed,TRUE,National Steel Rule (NSR) - Consignment,100.00,2.2519396,225.19
42845,4pt 0.990 CB 10tpi Serr Cur 35 x 90 (240.9mm ID) No Notch Reversed Curved,false,22-Dec-2025,P23-2457,22-Sep-2025,Receiving,TRUE,National Steel Rule (NSR) - Consignment,200.00,2.2151677,443.03
4290,Pre-stretch Chain Wheel (32 Teeth),,26-Jan-2026,P23-2707,20-Jan-2026,Completed,FALSE,Hangzhou Youngsun Intelligent Company,12.00,0.0000000,0.00
4290,Pre-stretch Chain Wheel (32 Teeth),,08-Apr-2026,P23-2839,25-Mar-2026,Receiving,FALSE,Hangzhou Youngsun Intelligent Company,10.00,1.4341100,14.34
4291,Pre-stretch Chain Wheel (39 Teeth),,26-Jan-2026,P23-2707,20-Jan-2026,Completed,FALSE,Hangzhou Youngsun Intelligent Company,6.00,0.0000000,0.00
4291,Pre-stretch Chain Wheel (39 Teeth),,08-Apr-2026,P23-2839,25-Mar-2026,Receiving,FALSE,Hangzhou Youngsun Intelligent Company,10.00,1.4341100,14.34
43010,Blue Jogger Long,false,17-Dec-2025,P23-2627,03-Dec-2025,Receiving,FALSE,JNL Manufacturing,100.00,1.5495024,154.95
43010,Blue Jogger Long,false,04-May-2026,P23-2893,20-Apr-2026,Receiving,FALSE,JNL Manufacturing,100.00,1.4254194,142.54
43010,Blue Jogger Long,false,25-Nov-2026,P23-3129,13-Aug-2026,Ordered,FALSE,JNL Manufacturing,200.00,2.1277050,425.54
43017,Blue Jogger Short,false,30-Sep-2025,P23-2424,16-Sep-2025,Received / credited,FALSE,JNL Manufacturing,"2,000.00",1.5295308,"3,059.06"
43017,Blue Jogger Short,false,30-Oct-2025,P23-2512,16-Oct-2025,Received / credited,FALSE,JNL Manufacturing,"1,000.00",1.5715854,"1,571.59"
43017,Blue Jogger Short,false,22-Dec-2025,P23-2459,22-Sep-2025,Completed,FALSE,JNL Manufacturing,"3,000.00",1.5482376,"4,644.71"
43017,Blue Jogger Short,false,25-Nov-2026,P23-3129,13-Aug-2026,Ordered,FALSE,JNL Manufacturing,"1,000.00",1.4468394,"1,446.84"
43245,Serviform s.r.l. - 7150004025 - SCREW 04X25,False,17-Aug-2026,P23-3135,17-Aug-2026,Receiving,FALSE,SERVIFORM s.r.l. (ProForm Euro),20.00,0.6516400,13.03
43255,DB366A Rotary Plywood PB 13 x 366 x 2400,false,14-Jan-2026,P23-2518,20-Oct-2025,Receiving,TRUE,Penta Box SRL,36.00,102.9214570,"3,705.17"
43255,DB366A Rotary Plywood PB 13 x 366 x 2400,false,02-Sep-2026,P23-2908,28-Apr-2026,Ordered,TRUE,Penta Box SRL,24.00,93.5539080,"2,245.29"
43256,DB18A Rotary Plywood PB 13 x 241 x 2000,false,14-Jan-2026,P23-2518,20-Oct-2025,Receiving,TRUE,Penta Box SRL,80.00,64.5345352,"5,162.76"
43256,DB18A Rotary Plywood PB 13 x 241 x 2000,false,02-Sep-2026,P23-2908,28-Apr-2026,Ordered,TRUE,Penta Box SRL,25.00,58.6608288,"1,466.52"
43465,4pt 0.937 CB 10tpi Serr Auto Cur 66 x 90 (487mm ID) Reverse Curved - Perf & C/Crease Manuf.,false,30-Oct-2025,P23-2509,16-Oct-2025,Receiving,TRUE,National Steel Rule (NSR) - Consignment,100.00,2.0320872,203.21
43465,4pt 0.937 CB 10tpi Serr Auto Cur 66 x 90 (487mm ID) Reverse Curved - Perf & C/Crease Manuf.,false,22-Dec-2025,P23-2457,22-Sep-2025,Receiving,TRUE,National Steel Rule (NSR) - Consignment,400.00,2.0038524,801.54
43465,4pt 0.937 CB 10tpi Serr Auto Cur 66 x 90 (487mm ID) Reverse Curved - Perf & C/Crease Manuf.,false,28-Feb-2026,P23-2546,07-Nov-2025,Receiving,TRUE,National Steel Rule (NSR) - Consignment,300.00,2.0385024,611.55
43465,4pt 0.937 CB 10tpi Serr Auto Cur 66 x 90 (487mm ID) Reverse Curved - Perf & C/Crease Manuf.,false,19-Aug-2026,P23-3093,29-Jul-2026,Ordered,TRUE,National Steel Rule (NSR) - Consignment,200.00,1.8926424,378.53
43465,4pt 0.937 CB 10tpi Serr Auto Cur 66 x 90 (487mm ID) Reverse Curved - Perf & C/Crease Manuf.,false,21-Oct-2026,P23-3009,17-Jun-2026,Ordered,TRUE,National Steel Rule (NSR) - Consignment,500.00,1.8699516,934.98
43465,4pt 0.937 CB 10tpi Serr Auto Cur 66 x 90 (487mm ID) Reverse Curved - Perf & C/Crease Manuf.,false,29-Nov-2026,P23-3096,29-Jul-2026,Ordered,TRUE,National Steel Rule (NSR) - Consignment,300.00,1.8925896,567.78
43557,".990 4PT CB Serr 10T 10.625"" I.D. (270mm) Reverse Curved Auto",false,30-Oct-2025,P23-2509,16-Oct-2025,Receiving,TRUE,National Steel Rule (NSR) - Consignment,100.00,2.2014278,220.14
43557,".990 4PT CB Serr 10T 10.625"" I.D. (270mm) Reverse Curved Auto",false,22-Dec-2025,P23-2457,22-Sep-2025,Receiving,TRUE,National Steel Rule (NSR) - Consignment,400.00,15.1807000,"6,072.28"
43557,".990 4PT CB Serr 10T 10.625"" I.D. (270mm) Reverse Curved Auto",false,29-Nov-2026,P23-3096,29-Jul-2026,Ordered,TRUE,National Steel Rule (NSR) - Consignment,300.00,2.0503054,615.09
43562,Plywood Flat 12mm 2440x1220 RB,false,12-Jan-2026,P23-2545,07-Nov-2025,Completed,FALSE,Yitai,30.00,83.4062400,"2,502.19"
43562,Plywood Flat 12mm 2440x1220 RB,false,30-May-2026,P23-2759,10-Feb-2026,Completed,FALSE,Yitai,175.00,76.3597800,"13,362.96"
43562,Plywood Flat 12mm 2440x1220 RB,false,29-Sep-2026,P23-3097,29-Jul-2026,Ordered,FALSE,Yitai,175.00,77.6547000,"13,589.57"
43565,DB636 Rotary Plywood PB 16 x 636 x 2400,False,14-Jan-2026,P23-2518,20-Oct-2025,Receiving,FALSE,Penta Box SRL,15.00,297.0634486,"4,455.95"
43566,DB34 Rotary Plywood PB 16 x 621 x 2400,false,14-Jan-2026,P23-2518,20-Oct-2025,Receiving,TRUE,Penta Box SRL,15.00,297.0634486,"4,455.95"
43567,DB35A Rotary Plywood PB 13 x 325 x 2400,false,14-Jan-2026,P23-2518,20-Oct-2025,Receiving,TRUE,Penta Box SRL,30.00,106.4030198,"3,192.09"
43570,DB9L Rotary Plywood PB 487 X 2800 X 13,false,14-Jan-2026,P23-2518,20-Oct-2025,Receiving,FALSE,Penta Box SRL,64.00,122.1059448,"7,814.78"
43571,Rotary Plywood DB9L PB 487 X 2850 X 13 Prime GREY ,false,14-Jan-2026,P23-2518,20-Oct-2025,Receiving,FALSE,Penta Box SRL,32.00,150.0122858,"4,800.39"
43573,Rotary Plywood DB9L PB 487 X 3000 X 13 Prime GREY ,false,14-Jan-2026,P23-2518,20-Oct-2025,Receiving,FALSE,Penta Box SRL,64.00,150.0122858,"9,600.79"
43573,Rotary Plywood DB9L PB 487 X 3000 X 13 Prime GREY ,false,02-Sep-2026,P23-2908,28-Apr-2026,Ordered,FALSE,Penta Box SRL,128.00,136.3586952,"17,453.91"
43584,"Serrated Tube Punch 10 mm (0.394'') x 25.40 (1.000"") x Body 0.500"" CB",false,31-Mar-2026,P23-2828,20-Mar-2026,Completed,FALSE,Pace Punches Inc,200.00,4.8966905,979.34
43612,Polyurethane 12mm x 1000mm x 1000mm Red (90A Shore00),false,04-May-2026,P23-2892,20-Apr-2026,Completed,FALSE,National Plastics & Rubber,5.00,650.0900000,"3,250.45"
43669,12.02mm x 0.5mm H3 Perf 12TPI x 0.80mm C/B COIL CW,false,30-Apr-2026,P23-2853,02-Apr-2026,Completed,FALSE,Essmann+Schaefer GmbH+Co.KG,100.00,8.5094572,850.95
43670,4pt 0.970 Perf Serr All Nick 3mm x 1mm 1/4 Deep SNN COIL,False,05-Nov-2025,P23-2520,21-Oct-2025,Completed,FALSE,National Steel Rule (NSR) - CLDF,200.00,5.1707376,"1,034.15"
43678,790 x 1030 x .30 Sonora XTR (P30),False,,P23-2464,29-Sep-2025,Completed,FALSE,KODAK,10.00,238.0100000,"2,380.10"
43678,790 x 1030 x .30 Sonora XTR (P30),False,,P23-2473,03-Oct-2025,Completed,FALSE,KODAK,10.00,238.0100000,"2,380.10"
43678,790 x 1030 x .30 Sonora XTR (P30),False,,P23-2544,06-Nov-2025,Completed,FALSE,KODAK,10.00,238.0100000,"2,380.10"
43678,790 x 1030 x .30 Sonora XTR (P30),False,,P23-2641,09-Dec-2025,Completed,FALSE,KODAK,15.00,238.0100000,"3,570.15"
43690,800 x 1030 x .30 Sonora XTR (P30),False,,P23-2544,06-Nov-2025,Completed,FALSE,KODAK,5.00,241.0200000,"1,205.10"
43778,Isoflex LDS 18 Special A 400 g cartridge,False,20-Jan-2026,P23-2691,13-Jan-2026,Completed,FALSE,Klüber Lubrication Australia,1.00,238.0500000,238.05
43778,Isoflex LDS 18 Special A 400 g cartridge,False,02-Sep-2026,P23-3139,19-Aug-2026,Fully billed,FALSE,Klüber Lubrication Australia,1.00,280.5000000,280.50
44464,2pt 23.10 (0.909) A UNIVERSAL COIL,,,P23-2729,29-Jan-2026,Completed,FALSE,Martin Miller (Voestalpine),300.00,1.4629568,438.90
44464,2pt 23.10 (0.909) A UNIVERSAL COIL,,,P23-3142,20-Aug-2026,Fully billed,FALSE,Bohler (Voestalpine),100.00,1.4165280,141.65
44465,2pt 23.10 (0.909) A UNIVERSAL COIL,,15-Oct-2025,P23-2466,29-Sep-2025,Completed,FALSE,Bohler (Voestalpine),200.00,1.5409353,308.20
44501,4pt 22.60 (0.890) Crease Cur 66 x 90 Reverse Curved,false,30-Oct-2025,P23-2509,16-Oct-2025,Receiving,TRUE,National Steel Rule (NSR) - Consignment,800.00,1.1238058,899.04
44501,4pt 22.60 (0.890) Crease Cur 66 x 90 Reverse Curved,false,22-Dec-2025,P23-2457,22-Sep-2025,Receiving,TRUE,National Steel Rule (NSR) - Consignment,"1,000.00",1.1081911,"1,108.19"
44501,4pt 22.60 (0.890) Crease Cur 66 x 90 Reverse Curved,false,17-Feb-2026,P23-2741,02-Feb-2026,Receiving,TRUE,National Steel Rule (NSR) - Consignment,500.00,1.0479661,523.98
44501,4pt 22.60 (0.890) Crease Cur 66 x 90 Reverse Curved,false,28-Feb-2026,P23-2546,07-Nov-2025,Receiving,TRUE,National Steel Rule (NSR) - Consignment,"1,200.00",1.1273536,"1,352.82"
44501,4pt 22.60 (0.890) Crease Cur 66 x 90 Reverse Curved,false,21-Oct-2026,P23-3009,17-Jun-2026,Ordered,TRUE,National Steel Rule (NSR) - Consignment,"1,500.00",1.0341399,"1,551.21"
44501,4pt 22.60 (0.890) Crease Cur 66 x 90 Reverse Curved,false,29-Nov-2026,P23-3096,29-Jul-2026,Ordered,TRUE,National Steel Rule (NSR) - Consignment,"1,000.00",1.0466594,"1,046.66"
44502,4pt 1.030 CB 10tpi Serr Cur 66 x 90 (487mm ID) - Reversed curved,false,22-Dec-2025,P23-2457,22-Sep-2025,Receiving,FALSE,National Steel Rule (NSR) - Consignment,100.00,1.9886717,198.87
44502,4pt 1.030 CB 10tpi Serr Cur 66 x 90 (487mm ID) - Reversed curved,false,17-Feb-2026,P23-2741,02-Feb-2026,Receiving,FALSE,National Steel Rule (NSR) - Consignment,200.00,1.8805967,376.12
44502,4pt 1.030 CB 10tpi Serr Cur 66 x 90 (487mm ID) - Reversed curved,false,23-Feb-2026,P23-2718,23-Jan-2026,Fully billed,FALSE,National Steel Rule (NSR) - Consignment,100.00,2.1088609,210.89
44502,4pt 1.030 CB 10tpi Serr Cur 66 x 90 (487mm ID) - Reversed curved,false,14-Apr-2026,P23-2846,31-Mar-2026,Ordered,FALSE,National Steel Rule (NSR) - Consignment,100.00,2.1076913,210.77
44502,4pt 1.030 CB 10tpi Serr Cur 66 x 90 (487mm ID) - Reversed curved,false,30-Jul-2026,P23-2848,31-Mar-2026,Receiving,FALSE,National Steel Rule (NSR) - Consignment,500.00,1.9121022,956.05
44504,4pt 1.000 CB 10tpi Serr Cur 66 x 90 (487mm ID)-Reversed Curved,false,30-Sep-2025,P23-2376,26-Aug-2025,Completed,TRUE,National Steel Rule (NSR) - Consignment,300.00,2.0365092,610.95
44504,4pt 1.000 CB 10tpi Serr Cur 66 x 90 (487mm ID)-Reversed Curved,false,17-Feb-2026,P23-2741,02-Feb-2026,Receiving,TRUE,National Steel Rule (NSR) - Consignment,"1,000.00",1.8949524,"1,894.95"
44504,4pt 1.000 CB 10tpi Serr Cur 66 x 90 (487mm ID)-Reversed Curved,false,30-Jul-2026,P23-2848,31-Mar-2026,Receiving,TRUE,National Steel Rule (NSR) - Consignment,"1,200.00",1.9266984,"2,312.04"
44504,4pt 1.000 CB 10tpi Serr Cur 66 x 90 (487mm ID)-Reversed Curved,false,29-Nov-2026,P23-3096,29-Jul-2026,Ordered,TRUE,National Steel Rule (NSR) - Consignment,800.00,1.8925896,"1,514.07"
44513,0.45mm x 12mm SB H2 EXTRA,false,04-May-2026,P23-2894,20-Apr-2026,Fully billed,FALSE,Essmann+Schaefer GmbH+Co.KG,150.00,3.8241813,573.64
44560,Knife support pin,,30-Sep-2025,P23-2424,16-Sep-2025,Received / credited,FALSE,JNL Manufacturing,"10,000.00",0.1499540,"1,499.54"
44560,Knife support pin,,17-Dec-2025,P23-2627,03-Dec-2025,Receiving,FALSE,JNL Manufacturing,"10,000.00",0.1519120,"1,519.12"
44560,Knife support pin,,22-Dec-2025,P23-2459,22-Sep-2025,Completed,FALSE,JNL Manufacturing,"5,000.00",0.0151788,75.89
44560,Knife support pin,,30-Jul-2026,P23-2916,30-Apr-2026,Receiving / credited,FALSE,JNL Manufacturing,"2,000.00",0.0140340,28.07
44560,Knife support pin,,25-Nov-2026,P23-3129,13-Aug-2026,Ordered,FALSE,JNL Manufacturing,"12,000.00",0.0141847,170.22
44661,POM rotary rule support strip white 465mm,false,,P23-3114,05-Aug-2026,Fully billed,FALSE,JNL Manufacturing,198.00,22.0044200,"4,356.88"
44667,4pt 23.80 (0.937) CB Serr Shallow Profile SNN DP,false,30-Oct-2025,P23-2510,16-Oct-2025,Receiving,FALSE,National Steel Rule (NSR) - CLDF,400.00,1.5773307,630.93
44667,4pt 23.80 (0.937) CB Serr Shallow Profile SNN DP,false,22-Dec-2025,P23-2458,22-Sep-2025,Completed,FALSE,National Steel Rule (NSR) - CLDF,500.00,1.5554145,777.71
44668,4pt 22.35 (0.880) Crease SNN DP Coil,false,21-Oct-2026,P23-3008,17-Jun-2026,Ordered,FALSE,National Steel Rule (NSR) - CLDF,200.00,0.4887374,97.75
44684,M8 Hex Rotary Die Bolts,false,,P23-2774,16-Feb-2026,Completed,FALSE,Ferntree Gully Bolts,100.00,0.2400000,24.00
44713,4pt 22.60 (0.890) Crease Cur 39.5 x 90 FT Reverse Curved,false,22-Dec-2025,P23-2457,22-Sep-2025,Receiving,TRUE,National Steel Rule (NSR) - Consignment,300.00,1.0171069,305.13
44762,4pt 1.030 CB 10tpi Serr Cur 66 x 90 (487mm ID) No Notch - Reversed Curved,true,30-Jul-2026,P23-2848,31-Mar-2026,Receiving,TRUE,National Steel Rule (NSR) - Consignment,600.00,1.9558908,"1,173.53"
44762,4pt 1.030 CB 10tpi Serr Cur 66 x 90 (487mm ID) No Notch - Reversed Curved,true,21-Oct-2026,P23-3009,17-Jun-2026,Ordered,TRUE,National Steel Rule (NSR) - Consignment,"2,000.00",1.8982842,"3,796.57"
44805,Baysek Suction Cup D-28,False,22-Dec-2025,P23-2459,22-Sep-2025,Completed,FALSE,JNL Manufacturing,"2,000.00",0.8955492,"1,791.10"
44805,Baysek Suction Cup D-28,False,30-Jul-2026,P23-2916,30-Apr-2026,Receiving / credited,FALSE,JNL Manufacturing,"2,500.00",0.8280060,"2,070.02"
44807,White Holder Small,False,22-Dec-2025,P23-2459,22-Sep-2025,Completed,FALSE,JNL Manufacturing,"3,000.00",0.3491124,"1,047.34"
44810,Baysek Tube Connector,False,22-Dec-2025,P23-2459,22-Sep-2025,Completed,FALSE,JNL Manufacturing,500.00,0.3794700,189.74
44810,Baysek Tube Connector,False,29-Apr-2026,P23-2681,09-Jan-2026,Received / credited,FALSE,JNL Manufacturing,300.00,0.3734650,112.04
44826,4pt 1.000 CB 10tpi Serr Cur 66 x 90 (487mm ID)-No Notch Reversed Curved Plain Box,False,28-Mar-2026,P23-2666,29-Dec-2025,Fully billed,FALSE,National Steel Rule (NSR),"6,000.00",1.6845582,"10,107.35"
44827,4pt 1.040 CB 10tpi Serr Cur 66 x 90 (487mm ID) No Notch Reverse Curved Plain Box,True,28-Mar-2026,P23-2666,29-Dec-2025,Fully billed,FALSE,National Steel Rule (NSR),"3,600.00",1.6845582,"6,064.41"
44827,4pt 1.040 CB 10tpi Serr Cur 66 x 90 (487mm ID) No Notch Reverse Curved Plain Box,True,23-Apr-2026,P23-2860,09-Apr-2026,Receiving,FALSE,National Steel Rule (NSR),300.00,1.6105446,483.16
44832,White Holder Small 90 Degree,False,22-Dec-2025,P23-2459,22-Sep-2025,Completed,FALSE,JNL Manufacturing,300.00,0.4098276,122.95
44832,White Holder Small 90 Degree,False,29-Apr-2026,P23-2681,09-Jan-2026,Received / credited,FALSE,JNL Manufacturing,300.00,0.4033422,121.00
44832,White Holder Small 90 Degree,False,25-Nov-2026,P23-3129,13-Aug-2026,Ordered,FALSE,JNL Manufacturing,400.00,0.3829869,153.19
44836,1/2 22-42 MR50 Black Sheet,false,30-Apr-2026,P23-2735,30-Jan-2026,Completed,FALSE,Monroe Rubber & Plastic,200.00,50.2599497,"10,051.99"
44836,1/2 22-42 MR50 Black Sheet,false,19-Nov-2026,P23-3137,19-Aug-2026,Ordered,FALSE,Monroe Rubber & Plastic,120.00,49.7301088,"5,967.61"
44853,MR 50 Series 1/2 22-42 Blue Strips 13 mm x 500mm (Approx 228 Strips Per Box),false,26-Feb-2026,P23-2605,26-Nov-2025,Completed,FALSE,Monroe Rubber & Plastic,88.00,184.6883232,"16,252.57"
44854,MR 50 Series 5/8 22-42 Blue Strips 16 mm x 500mm (Approx 144 Strips Per Box),false,26-Feb-2026,P23-2605,26-Nov-2025,Completed,FALSE,Monroe Rubber & Plastic,88.00,166.0442706,"14,611.90"
44866,5/8 22-42 MR50 Blue Sheet + 0.5mm Top Coat,false,,P23-2918,30-Apr-2026,Completed,FALSE,Monroe Rubber & Plastic,10.00,147.5674027,"1,475.67"
44871,5/8 22-42 MR50 Red Sheet + 0.8mm Top Coat,false,,P23-2918,30-Apr-2026,Completed,FALSE,Monroe Rubber & Plastic,10.00,147.5674027,"1,475.67"
4514,0.7 x 12 perf 1.5:1.5 (8tpi) Meter Length,False,,P23-2421,15-Sep-2025,Completed,FALSE,Essmann+Schaefer GmbH+Co.KG,100.00,5.8854140,588.54
4553,LINEN TESTER 25mm 6X,False,,P23-2504,15-Oct-2025,Completed,FALSE,PCS Graphic Arts HK,12.00,27.1140585,325.37
4553,LINEN TESTER 25mm 6X,False,,P23-2944,11-May-2026,Ordered,FALSE,PCS Graphic Arts HK,10.00,24.3935732,243.94
46334,Rotary Cylinder Screw Adapter - 5/16ID M12OD,,21-Apr-2026,P23-2865,13-Apr-2026,Fully billed,FALSE,JNL Manufacturing,200.00,0.9930480,198.61
487548,Torsion spring of blade carrier ,,31-May-2026,P23-2965,21-May-2026,Completed,FALSE,Hangzhou Youngsun Intelligent Company,10.00,0.2802440,2.80
4888,4pt 0.990 12tpi Perf Serr 10 x 10 Deep SNN,false,22-Dec-2025,P23-2456,22-Sep-2025,Completed,FALSE,National Steel Rule (NSR),100.00,2.0038524,200.39
4888,4pt 0.990 12tpi Perf Serr 10 x 10 Deep SNN,false,31-Dec-2025,P23-2582,18-Nov-2025,Fully billed,FALSE,National Steel Rule (NSR),100.00,2.0336712,203.37
4888,4pt 0.990 12tpi Perf Serr 10 x 10 Deep SNN,false,28-Feb-2026,P23-2548,07-Nov-2025,Ordered,FALSE,National Steel Rule (NSR),100.00,2.0385024,203.85
4962,GlueFlap 13.6x25.4x3.6mm,false,29-Oct-2025,P23-2521,22-Oct-2025,Completed,FALSE,CITO-SYSTEM GmbH,400.00,0.2678250,107.13
4962,GlueFlap 13.6x25.4x3.6mm,false,30-Oct-2025,P23-2512,16-Oct-2025,Received / credited,FALSE,JNL Manufacturing,400.00,0.2619309,104.77
4962,GlueFlap 13.6x25.4x3.6mm,false,17-Dec-2025,P23-2627,03-Dec-2025,Receiving,FALSE,JNL Manufacturing,500.00,0.2582504,129.13
4962,GlueFlap 13.6x25.4x3.6mm,false,29-Jan-2026,P23-2667,29-Dec-2025,Completed,FALSE,JNL Manufacturing,500.00,0.2529736,126.49
4966,"3/4"" Number 1 Perfatype",false,22-Dec-2025,P23-2459,22-Sep-2025,Completed,FALSE,JNL Manufacturing,500.00,0.2125032,106.25
4966,"3/4"" Number 1 Perfatype",false,11-Feb-2026,P23-2727,29-Jan-2026,Completed,FALSE,JNL Manufacturing,300.00,0.1987608,59.63
4966,"3/4"" Number 1 Perfatype",false,29-Apr-2026,P23-2681,09-Jan-2026,Received / credited,FALSE,JNL Manufacturing,500.00,0.2091404,104.57
4966,"3/4"" Number 1 Perfatype",false,30-Jul-2026,P23-2916,30-Apr-2026,Receiving / credited,FALSE,JNL Manufacturing,400.00,0.1964760,78.59
4966,"3/4"" Number 1 Perfatype",false,25-Nov-2026,P23-3129,13-Aug-2026,Ordered,FALSE,JNL Manufacturing,"1,000.00",0.1985858,198.59
4967,"3/4"" Number 2 Perfatype",false,22-Dec-2025,P23-2459,22-Sep-2025,Completed,FALSE,JNL Manufacturing,500.00,0.2125032,106.25
4967,"3/4"" Number 2 Perfatype",false,11-Feb-2026,P23-2727,29-Jan-2026,Completed,FALSE,JNL Manufacturing,300.00,0.1987608,59.63
4967,"3/4"" Number 2 Perfatype",false,29-Apr-2026,P23-2681,09-Jan-2026,Received / credited,FALSE,JNL Manufacturing,700.00,0.2091404,146.40
4967,"3/4"" Number 2 Perfatype",false,30-Jul-2026,P23-2916,30-Apr-2026,Receiving / credited,FALSE,JNL Manufacturing,50.00,0.1964760,9.82
4967,"3/4"" Number 2 Perfatype",false,25-Nov-2026,P23-3129,13-Aug-2026,Ordered,FALSE,JNL Manufacturing,"1,200.00",0.1985858,238.30
4968,"3/4"" Number 3 Perfatype",false,22-Dec-2025,P23-2459,22-Sep-2025,Completed,FALSE,JNL Manufacturing,150.00,0.2125032,31.88
4968,"3/4"" Number 3 Perfatype",false,11-Feb-2026,P23-2727,29-Jan-2026,Completed,FALSE,JNL Manufacturing,300.00,0.1987608,59.63
4968,"3/4"" Number 3 Perfatype",false,29-Apr-2026,P23-2681,09-Jan-2026,Received / credited,FALSE,JNL Manufacturing,500.00,0.2091404,104.57
4968,"3/4"" Number 3 Perfatype",false,30-Jul-2026,P23-2916,30-Apr-2026,Receiving / credited,FALSE,JNL Manufacturing,150.00,0.1964760,29.47
4968,"3/4"" Number 3 Perfatype",false,25-Nov-2026,P23-3129,13-Aug-2026,Ordered,FALSE,JNL Manufacturing,800.00,0.1985858,158.87
4969,"3/4"" Number 4 Perfatype",false,22-Dec-2025,P23-2459,22-Sep-2025,Completed,FALSE,JNL Manufacturing,25.00,0.2580396,6.45
4969,"3/4"" Number 4 Perfatype",false,29-Apr-2026,P23-2681,09-Jan-2026,Received / credited,FALSE,JNL Manufacturing,400.00,0.2539562,101.58
4969,"3/4"" Number 4 Perfatype",false,30-Jul-2026,P23-2916,30-Apr-2026,Receiving / credited,FALSE,JNL Manufacturing,50.00,0.2385780,11.93
4970,3/4' Number 5 Perfatype,false,29-Apr-2026,P23-2681,09-Jan-2026,Received / credited,FALSE,JNL Manufacturing,300.00,0.2240790,67.22
4970,3/4' Number 5 Perfatype,false,30-Jul-2026,P23-2916,30-Apr-2026,Receiving / credited,FALSE,JNL Manufacturing,100.00,0.2105100,21.05
4970,3/4' Number 5 Perfatype,false,25-Nov-2026,P23-3129,13-Aug-2026,Ordered,FALSE,JNL Manufacturing,500.00,0.2127705,106.39
4971,3/4' Number 6(9) Perfatype,false,22-Dec-2025,P23-2459,22-Sep-2025,Completed,FALSE,JNL Manufacturing,25.00,0.2580396,6.45
4971,3/4' Number 6(9) Perfatype,false,29-Jan-2026,P23-2667,29-Dec-2025,Completed,FALSE,JNL Manufacturing,300.00,0.2529736,75.89
4971,3/4' Number 6(9) Perfatype,false,29-Apr-2026,P23-2681,09-Jan-2026,Received / credited,FALSE,JNL Manufacturing,300.00,0.2539562,76.19
4971,3/4' Number 6(9) Perfatype,false,25-Nov-2026,P23-3129,13-Aug-2026,Ordered,FALSE,JNL Manufacturing,500.00,0.2411399,120.57
4972,3/4' Number 7 Perfatype,false,29-Apr-2026,P23-2681,09-Jan-2026,Received / credited,FALSE,JNL Manufacturing,100.00,0.2539562,25.40
4972,3/4' Number 7 Perfatype,false,25-Nov-2026,P23-3129,13-Aug-2026,Ordered,FALSE,JNL Manufacturing,200.00,0.2411399,48.23
4973,"3/4"" Number 8 Perfatype",false,30-Jul-2026,P23-2916,30-Apr-2026,Receiving / credited,FALSE,JNL Manufacturing,200.00,0.2385780,47.72
4973,"3/4"" Number 8 Perfatype",false,25-Nov-2026,P23-3129,13-Aug-2026,Ordered,FALSE,JNL Manufacturing,100.00,0.2411399,24.11
4975,3/4' Letter A Perfatype,false,11-Feb-2026,P23-2727,29-Jan-2026,Completed,FALSE,JNL Manufacturing,300.00,0.2129580,63.89
4976,"3/4"" Letter B Perfatype",false,11-Feb-2026,P23-2727,29-Jan-2026,Completed,FALSE,JNL Manufacturing,300.00,0.2129580,63.89
4976,"3/4"" Letter B Perfatype",false,29-Apr-2026,P23-2681,09-Jan-2026,Received / credited,FALSE,JNL Manufacturing,200.00,0.2240790,44.82
4977,3/4' Letter C Perfatype,False,11-Feb-2026,P23-2727,29-Jan-2026,Completed,FALSE,JNL Manufacturing,300.00,0.2129580,63.89
4978,3/4' Letter D Perfatype,False,11-Feb-2026,P23-2727,29-Jan-2026,Completed,FALSE,JNL Manufacturing,300.00,0.2129580,63.89
4980,3/4' Letter E Perfatype,False,29-Jan-2026,P23-2667,29-Dec-2025,Completed,FALSE,JNL Manufacturing,200.00,0.2232120,44.64
4980,3/4' Letter E Perfatype,False,29-Apr-2026,P23-2681,09-Jan-2026,Received / credited,FALSE,JNL Manufacturing,100.00,0.2240790,22.41
4980,3/4' Letter E Perfatype,False,27-Aug-2026,P23-3130,13-Aug-2026,Received,FALSE,JNL Manufacturing,50.00,0.2127705,10.64
4980,3/4' Letter E Perfatype,False,25-Nov-2026,P23-3129,13-Aug-2026,Ordered,FALSE,JNL Manufacturing,150.00,0.2127705,31.92
4981,3/4' Letter F Perfatype,False,29-Jan-2026,P23-2667,29-Dec-2025,Completed,FALSE,JNL Manufacturing,50.00,0.2232120,11.16
4981,3/4' Letter F Perfatype,False,11-Feb-2026,P23-2727,29-Jan-2026,Completed,FALSE,JNL Manufacturing,200.00,0.2129580,42.59
4981,3/4' Letter F Perfatype,False,04-May-2026,P23-2893,20-Apr-2026,Receiving,FALSE,JNL Manufacturing,200.00,0.2096205,41.92
4981,3/4' Letter F Perfatype,False,30-Jul-2026,P23-2916,30-Apr-2026,Receiving / credited,FALSE,JNL Manufacturing,50.00,0.2105100,10.53
4982,"3/4"" Letter G Perfatype",false,11-Feb-2026,P23-2727,29-Jan-2026,Completed,FALSE,JNL Manufacturing,200.00,0.2129580,42.59
4982,"3/4"" Letter G Perfatype",false,04-May-2026,P23-2893,20-Apr-2026,Receiving,FALSE,JNL Manufacturing,100.00,0.2096205,20.96
4982,"3/4"" Letter G Perfatype",false,30-Jul-2026,P23-2916,30-Apr-2026,Receiving / credited,FALSE,JNL Manufacturing,50.00,0.2105100,10.53
4984,"3/4"" Letter I Perfatype",False,29-Jan-2026,P23-2667,29-Dec-2025,Completed,FALSE,JNL Manufacturing,100.00,0.2232120,22.32
4984,"3/4"" Letter I Perfatype",False,11-Feb-2026,P23-2727,29-Jan-2026,Completed,FALSE,JNL Manufacturing,300.00,0.2129580,63.89
4984,"3/4"" Letter I Perfatype",False,29-Apr-2026,P23-2681,09-Jan-2026,Received / credited,FALSE,JNL Manufacturing,50.00,0.2240790,11.20
4986,3/4' Letter K Perfatype,False,29-Jan-2026,P23-2667,29-Dec-2025,Completed,FALSE,JNL Manufacturing,50.00,0.2232120,11.16
4986,3/4' Letter K Perfatype,False,29-Apr-2026,P23-2681,09-Jan-2026,Received / credited,FALSE,JNL Manufacturing,25.00,0.2240790,5.60
4986,3/4' Letter K Perfatype,False,25-Nov-2026,P23-3129,13-Aug-2026,Ordered,FALSE,JNL Manufacturing,150.00,0.2127705,31.92
4987,3/4' Letter L Perfatype,false,29-Jan-2026,P23-2667,29-Dec-2025,Completed,FALSE,JNL Manufacturing,50.00,0.2232120,11.16
4987,3/4' Letter L Perfatype,false,11-Feb-2026,P23-2727,29-Jan-2026,Completed,FALSE,JNL Manufacturing,100.00,0.2129580,21.30
4987,3/4' Letter L Perfatype,false,29-Apr-2026,P23-2681,09-Jan-2026,Received / credited,FALSE,JNL Manufacturing,25.00,0.2240790,5.60
4987,3/4' Letter L Perfatype,false,04-May-2026,P23-2893,20-Apr-2026,Receiving,FALSE,JNL Manufacturing,300.00,0.2096205,62.89
4987,3/4' Letter L Perfatype,false,30-Jul-2026,P23-2916,30-Apr-2026,Receiving / credited,FALSE,JNL Manufacturing,200.00,0.2105100,42.10
4988,"3/4"" Letter M/W Perfatype",false,22-Dec-2025,P23-2459,22-Sep-2025,Completed,FALSE,JNL Manufacturing,150.00,0.2276820,34.15
4988,"3/4"" Letter M/W Perfatype",false,30-Jul-2026,P23-2916,30-Apr-2026,Receiving / credited,FALSE,JNL Manufacturing,50.00,0.2105100,10.53
4988,"3/4"" Letter M/W Perfatype",false,27-Aug-2026,P23-3130,13-Aug-2026,Received,FALSE,JNL Manufacturing,50.00,0.2127705,10.64
4988,"3/4"" Letter M/W Perfatype",false,25-Nov-2026,P23-3129,13-Aug-2026,Ordered,FALSE,JNL Manufacturing,150.00,0.2127705,31.92
4989,3/4' Letter N Perfatype,false,30-Sep-2025,P23-2424,16-Sep-2025,Received / credited,FALSE,JNL Manufacturing,200.00,0.2249310,44.99
4989,3/4' Letter N Perfatype,false,22-Dec-2025,P23-2459,22-Sep-2025,Completed,FALSE,JNL Manufacturing,150.00,0.2276820,34.15
4990,"3/4"" Letter O / Number 0 Perfatype",false,30-Sep-2025,P23-2424,16-Sep-2025,Received / credited,FALSE,JNL Manufacturing,50.00,0.2249310,11.25
4990,"3/4"" Letter O / Number 0 Perfatype",false,22-Dec-2025,P23-2459,22-Sep-2025,Completed,FALSE,JNL Manufacturing,50.00,0.2276820,11.38
4990,"3/4"" Letter O / Number 0 Perfatype",false,30-Jul-2026,P23-2916,30-Apr-2026,Receiving / credited,FALSE,JNL Manufacturing,50.00,0.2105100,10.53
4990,"3/4"" Letter O / Number 0 Perfatype",false,27-Aug-2026,P23-3130,13-Aug-2026,Received,FALSE,JNL Manufacturing,50.00,0.2127705,10.64
4990,"3/4"" Letter O / Number 0 Perfatype",false,25-Nov-2026,P23-3129,13-Aug-2026,Ordered,FALSE,JNL Manufacturing,200.00,0.2127705,42.55
4993,3/4' Letter R Perfatype,false,04-May-2026,P23-2893,20-Apr-2026,Receiving,FALSE,JNL Manufacturing,100.00,0.2096205,20.96
4993,3/4' Letter R Perfatype,false,30-Jul-2026,P23-2916,30-Apr-2026,Receiving / credited,FALSE,JNL Manufacturing,100.00,0.2105100,21.05
4994,3/4' Letter S Perfatype,False,11-Feb-2026,P23-2727,29-Jan-2026,Completed,FALSE,JNL Manufacturing,100.00,0.2129580,21.30
4995,3/4' Letter T Perfatype,False,22-Dec-2025,P23-2459,22-Sep-2025,Completed,FALSE,JNL Manufacturing,50.00,0.2276820,11.38
4995,3/4' Letter T Perfatype,False,30-Jul-2026,P23-2916,30-Apr-2026,Receiving / credited,FALSE,JNL Manufacturing,50.00,0.2105100,10.53
4997,3/4' Letter V Perfatype,false,22-Dec-2025,P23-2459,22-Sep-2025,Completed,FALSE,JNL Manufacturing,500.00,0.2276820,113.84
4999,3/4' Letter X Perfatype,false,30-Oct-2025,P23-2512,16-Oct-2025,Received / credited,FALSE,JNL Manufacturing,100.00,0.2311155,23.11
4999,3/4' Letter X Perfatype,false,29-Jan-2026,P23-2667,29-Dec-2025,Completed,FALSE,JNL Manufacturing,300.00,0.2232120,66.96
4999,3/4' Letter X Perfatype,false,11-Feb-2026,P23-2727,29-Jan-2026,Completed,FALSE,JNL Manufacturing,300.00,0.2129580,63.89
4999,3/4' Letter X Perfatype,false,29-Apr-2026,P23-2681,09-Jan-2026,Received / credited,FALSE,JNL Manufacturing,500.00,0.2240790,112.04
4999,3/4' Letter X Perfatype,false,27-Aug-2026,P23-3130,13-Aug-2026,Received,FALSE,JNL Manufacturing,300.00,0.2127705,63.83
4999,3/4' Letter X Perfatype,false,25-Nov-2026,P23-3129,13-Aug-2026,Ordered,FALSE,JNL Manufacturing,"1,000.00",0.2127705,212.77
502D,Emmoco 502D Carton Sealer,false,30-Mar-2026,P23-2821,16-Mar-2026,Partially billed,,Hangzhou Youngsun Intelligent Company,1.00,"3,423.4080000","3,423.41"
5054,Elastomer 12 x 250 x 500mm RG45,false,21-Jul-2026,P23-2792,03-Mar-2026,Fully billed,TRUE,Kuesta,15.00,26.0412768,390.62
5058,Elastomer 16 x 250 x 500mm RG45,false,21-Jul-2026,P23-2792,03-Mar-2026,Fully billed,TRUE,Kuesta,270.00,34.5244200,"9,321.59"
5163,"Ejection Sponge Tan 1/4"" (6mm) [B30]",False,16-Jan-2026,P23-2423,16-Sep-2025,Completed,FALSE,Diansuply,70.00,14.3705748,"1,005.94"
5163,"Ejection Sponge Tan 1/4"" (6mm) [B30]",False,17-Aug-2026,P23-2917,30-Apr-2026,Fully billed,FALSE,Diansuply,10.00,13.4590056,134.59
52212,Tension Chain Wheel,,08-Apr-2026,P23-2839,25-Mar-2026,Receiving,FALSE,Hangzhou Youngsun Intelligent Company,10.00,1.4341100,14.34
5234,Quoin Standard 54Lx17Wx17H 4.5 Extension (mm),,11-Sep-2025,P23-2402,05-Sep-2025,Credited,FALSE,JNL Manufacturing,6.00,10.2808150,61.68
5234,Quoin Standard 54Lx17Wx17H 4.5 Extension (mm),,17-Dec-2025,P23-2627,03-Dec-2025,Receiving,FALSE,JNL Manufacturing,12.00,10.1781040,122.14
5247,SMBobst Bolt 43mm Yellow,False,29-Apr-2026,P23-2681,09-Jan-2026,Received / credited,FALSE,JNL Manufacturing,500.00,0.4033422,201.67
5247,SMBobst Bolt 43mm Yellow,False,30-Jul-2026,P23-2916,30-Apr-2026,Receiving / credited,FALSE,JNL Manufacturing,600.00,0.3789180,227.35
5248,SMBobst Bolt 50mm Blue SH - (Square/Wave Back),False,22-Dec-2025,P23-2459,22-Sep-2025,Completed,FALSE,JNL Manufacturing,500.00,0.2732184,136.61
5248,SMBobst Bolt 50mm Blue SH - (Square/Wave Back),False,30-Jul-2026,P23-2916,30-Apr-2026,Receiving / credited,FALSE,JNL Manufacturing,300.00,0.2526120,75.78
5248,SMBobst Bolt 50mm Blue SH - (Square/Wave Back),False,25-Nov-2026,P23-3129,13-Aug-2026,Ordered,FALSE,JNL Manufacturing,100.00,0.2553246,25.53
5251,Bobst Centreline Block-1 Black,false,25-Nov-2026,P23-3129,13-Aug-2026,Ordered,TRUE,JNL Manufacturing,150.00,0.2127705,31.92
5253,Clamp Block - Red,false,30-Oct-2025,P23-2512,16-Oct-2025,Received / credited,TRUE,JNL Manufacturing,100.00,1.4175084,141.75
5253,Clamp Block - Red,false,17-Dec-2025,P23-2627,03-Dec-2025,Receiving,TRUE,JNL Manufacturing,400.00,1.3975904,559.04
5253,Clamp Block - Red,false,29-Jan-2026,P23-2667,29-Dec-2025,Completed,TRUE,JNL Manufacturing,300.00,1.3690336,410.71
5253,Clamp Block - Red,false,29-Apr-2026,P23-2681,09-Jan-2026,Received / credited,TRUE,JNL Manufacturing,500.00,1.3743512,687.18
5253,Clamp Block - Red,false,25-Nov-2026,P23-3129,13-Aug-2026,Ordered,TRUE,JNL Manufacturing,200.00,1.3049924,261.00
5254,SMBobst Nut 43mm Yellow,False,29-Apr-2026,P23-2681,09-Jan-2026,Received / credited,FALSE,JNL Manufacturing,"1,000.00",0.1195088,119.51
5255,SMBobst Nut 50mm Blue - Compatible with Flat back and Square/Wave Back,False,29-Apr-2026,P23-2681,09-Jan-2026,Received / credited,FALSE,JNL Manufacturing,200.00,0.2390176,47.80
5255,SMBobst Nut 50mm Blue - Compatible with Flat back and Square/Wave Back,False,30-Jul-2026,P23-2916,30-Apr-2026,Receiving / credited,FALSE,JNL Manufacturing,200.00,0.2245440,44.91
5255,SMBobst Nut 50mm Blue - Compatible with Flat back and Square/Wave Back,False,25-Nov-2026,P23-3129,13-Aug-2026,Ordered,FALSE,JNL Manufacturing,100.00,0.2269552,22.70
5256,New Bobst Centring Block -BLUE,False,22-Dec-2025,P23-2459,22-Sep-2025,Completed,FALSE,JNL Manufacturing,"1,000.00",0.1821456,182.15
5256,New Bobst Centring Block -BLUE,False,29-Apr-2026,P23-2681,09-Jan-2026,Received / credited,FALSE,JNL Manufacturing,"1,000.00",0.1792632,179.26
5256,New Bobst Centring Block -BLUE,False,30-Jul-2026,P23-2916,30-Apr-2026,Receiving / credited,FALSE,JNL Manufacturing,"1,000.00",0.1684080,168.41
5264,Aluminium C Channel 50mm x 25mm x 80mm Long,False,29-Apr-2026,P23-2681,09-Jan-2026,Received / credited,FALSE,JNL Manufacturing,100.00,1.0008862,100.09
5264,Aluminium C Channel 50mm x 25mm x 80mm Long,False,30-Jul-2026,P23-2916,30-Apr-2026,Receiving / credited,FALSE,JNL Manufacturing,200.00,0.9402780,188.06
5265,Separating Knife,False,30-Oct-2025,P23-2512,16-Oct-2025,Received / credited,FALSE,JNL Manufacturing,200.00,0.6163080,123.26
5265,Separating Knife,False,17-Dec-2025,P23-2627,03-Dec-2025,Receiving,FALSE,JNL Manufacturing,300.00,0.6076480,182.29
5265,Separating Knife,False,29-Jan-2026,P23-2667,29-Dec-2025,Completed,FALSE,JNL Manufacturing,500.00,0.5952320,297.62
5265,Separating Knife,False,11-Feb-2026,P23-2727,29-Jan-2026,Completed,FALSE,JNL Manufacturing,300.00,0.5678880,170.37
5265,Separating Knife,False,29-Apr-2026,P23-2681,09-Jan-2026,Received / credited,FALSE,JNL Manufacturing,300.00,0.5975440,179.26
5265,Separating Knife,False,04-May-2026,P23-2893,20-Apr-2026,Receiving,FALSE,JNL Manufacturing,300.00,0.5589880,167.70
5265,Separating Knife,False,30-Jul-2026,P23-2916,30-Apr-2026,Receiving / credited,FALSE,JNL Manufacturing,"1,000.00",0.5613600,561.36
5309,Spacer Black 23mm,false,30-Sep-2025,P23-2424,16-Sep-2025,Received / credited,TRUE,JNL Manufacturing,"10,000.00",0.0749770,749.77
5309,Spacer Black 23mm,false,22-Dec-2025,P23-2459,22-Sep-2025,Completed,TRUE,JNL Manufacturing,"37,000.00",0.0758940,"2,808.08"
5309,Spacer Black 23mm,false,29-Apr-2026,P23-2681,09-Jan-2026,Received / credited,TRUE,JNL Manufacturing,"40,000.00",0.0746930,"2,987.72"
5312,Washer for Tie Rod,False,22-Dec-2025,P23-2459,22-Sep-2025,Completed,TRUE,JNL Manufacturing,"1,600.00",0.2428608,388.58
5312,Washer for Tie Rod,False,29-Apr-2026,P23-2681,09-Jan-2026,Received / credited,TRUE,JNL Manufacturing,"1,000.00",0.2390176,239.02
5312,Washer for Tie Rod,False,25-Nov-2026,P23-3129,13-Aug-2026,Ordered,TRUE,JNL Manufacturing,700.00,0.2269552,158.87
53166,Spacer Blue 40mm,false,04-May-2026,P23-2893,20-Apr-2026,Receiving,TRUE,JNL Manufacturing,"1,000.00",0.0978229,97.82
5335,NIKKA SPRAY POWDER REGULAR 30-50mic 1KG,False,,P23-2838,25-Mar-2026,Completed,FALSE,Dic International (usage),60.00,12.4800000,748.80
542,TAPE FILAMENT TWO-WAY 72mm [C16],False,,P23-3126,11-Aug-2026,Fully billed,FALSE,ATA Distributors,24.00,11.2750000,270.60
5673,"HANDI-PADS 4"" x 4"" PKT 100",False,,P23-2472,03-Oct-2025,Completed,FALSE,Archival Survival Pty Ltd,1.00,599.0000000,599.00
5673,"HANDI-PADS 4"" x 4"" PKT 100",False,,P23-2712,21-Jan-2026,Completed,FALSE,Archival Survival Pty Ltd,1.00,559.0000000,559.00
5673,"HANDI-PADS 4"" x 4"" PKT 100",False,,P23-2856,07-Apr-2026,Completed,FALSE,Archival Survival Pty Ltd,1.00,559.0000000,559.00
5673,"HANDI-PADS 4"" x 4"" PKT 100",False,,P23-3084,27-Jul-2026,Completed,FALSE,Archival Survival Pty Ltd,2.00,559.0000000,"1,118.00"
5673,"HANDI-PADS 4"" x 4"" PKT 100",False,,P23-3116,06-Aug-2026,Completed,FALSE,Archival Survival Pty Ltd,2.00,559.0000000,"1,118.00"
5881,"PRAGO PLAST - Contains 3 sheets of PRAGOPLAST, 29 x 40cm",False,19-Feb-2026,P23-2767,12-Feb-2026,Completed,FALSE,TCL-Solutions GmbH,2.00,100.9495630,201.90
5881,"PRAGO PLAST - Contains 3 sheets of PRAGOPLAST, 29 x 40cm",False,26-Aug-2026,P23-3127,12-Aug-2026,Fully billed,FALSE,TCL-Solutions GmbH,3.00,124.0308215,297.68
5888,AEROS\STOP SET CAN,false,,P23-2801,06-Mar-2026,Completed,FALSE,Aerosolve Pty Ltd,24.00,7.3200000,175.68
5925,"Ejection Sponge Tan 3/8"" (10mm) [B20]",false,16-Jan-2026,P23-2423,16-Sep-2025,Completed,TRUE,Diansuply,280.00,22.7709108,"6,375.86"
5925,"Ejection Sponge Tan 3/8"" (10mm) [B20]",false,17-Aug-2026,P23-2917,30-Apr-2026,Fully billed,TRUE,Diansuply,300.00,21.3179354,"6,395.38"
5942,3pt 23.10 (.909) Crease SNN,False,,P23-3003,16-Jun-2026,Completed,TRUE,Martin Miller (Voestalpine),70.00,1.3801471,96.61
60099,EZ Back Dovetail die holder 1.25,false,15-Apr-2026,P23-2851,01-Apr-2026,Completed,FALSE,Voestalpine USA,1.00,762.8486895,762.85
601078,Limit Switch,,08-Apr-2026,P23-2839,25-Mar-2026,Receiving,FALSE,Hangzhou Youngsun Intelligent Company,10.00,1.4341100,14.34
601088,PLC,,25-Mar-2026,P23-2813,11-Mar-2026,Completed,FALSE,Hangzhou Youngsun Intelligent Company,1.00,132.5193000,132.52
601088,PLC,,29-Apr-2026,P23-2887,15-Apr-2026,Completed,FALSE,Hangzhou Youngsun Intelligent Company,1.00,147.1984500,147.20
601088,PLC,,31-May-2026,P23-2965,21-May-2026,Completed,FALSE,Hangzhou Youngsun Intelligent Company,2.00,147.1281000,294.26
601089,Electromagnetic Brake ,,26-Jan-2026,P23-2707,20-Jan-2026,Completed,FALSE,Hangzhou Youngsun Intelligent Company,1.00,178.8420000,178.84
601089,Electromagnetic Brake ,,08-Apr-2026,P23-2839,25-Mar-2026,Receiving,FALSE,Hangzhou Youngsun Intelligent Company,2.00,1.4341100,2.87
64410,Micro-Active Switch,,08-Apr-2026,P23-2839,25-Mar-2026,Receiving,FALSE,Hangzhou Youngsun Intelligent Company,10.00,1.4341100,14.34
65031,Cutting Wire 1650mm,,08-Apr-2026,P23-2839,25-Mar-2026,Receiving,FALSE,Hangzhou Youngsun Intelligent Company,10.00,1.4341100,14.34
65896,Drive Motor (3A),,25-Mar-2026,P23-2813,11-Mar-2026,Completed,FALSE,Hangzhou Youngsun Intelligent Company,1.00,174.3675000,174.37
7101001005,Single Ball bearing 6004-2RS,,22-Jul-2026,P23-3067,15-Jul-2026,Fully billed,FALSE,SERVIFORM s.r.l. (ProForm Euro),6.00,16.4488350,98.69
7101001020,Ball bearing 61805-2RS 25x37x7,,22-Jul-2026,P23-3067,15-Jul-2026,Fully billed,FALSE,SERVIFORM s.r.l. (ProForm Euro),2.00,31.6210440,63.24
7101001042,BEARING 626-2RS,,22-Jul-2026,P23-3067,15-Jul-2026,Fully billed,FALSE,SERVIFORM s.r.l. (ProForm Euro),4.00,2.8396745,11.36
7101001065,Needle roller bearing (INA) HK0609,,22-Jul-2026,P23-3067,15-Jul-2026,Fully billed,FALSE,SERVIFORM s.r.l. (ProForm Euro),18.00,7.3060468,131.51
7101001110,Ball bearing 625-2Z,,22-Jul-2026,P23-3067,15-Jul-2026,Fully billed,FALSE,SERVIFORM s.r.l. (ProForm Euro),4.00,7.2669480,29.07
7101001139,HK0812-2RS (INA),,26-Nov-2025,P23-2586,19-Nov-2025,Completed,,SERVIFORM s.r.l. (ProForm Euro),2.00,22.9540920,36.73
7101001139,HK0812-2RS (INA),,22-Jul-2026,P23-3067,15-Jul-2026,Fully billed,,SERVIFORM s.r.l. (ProForm Euro),6.00,17.7063661,106.24
7101001150,ROTELLA A SFERE (INA) Cod: LR608-2RSR. Descrizione: �e=24 �i=8 Sp.=7. Info: TENUTE SU ENTRAMBI I LATI.,,22-Jul-2026,P23-3067,15-Jul-2026,Fully billed,FALSE,SERVIFORM s.r.l. (ProForm Euro),4.00,34.7880585,139.15
7101001202,Track roller INA LR605-2RSR,,22-Jul-2026,P23-3067,15-Jul-2026,Fully billed,FALSE,SERVIFORM s.r.l. (ProForm Euro),4.00,40.9420505,163.77
7105401002,"Hard metal ULTRANICK 0.2 mm - 1533 �40X0,2X�10 Z=128",false,11-Nov-2025,P23-2498,14-Oct-2025,Completed,FALSE,SERVIFORM s.r.l. (ProForm Euro),4.00,75.1637056,300.65
7105401003,"Hard metal ULTRANICK 0.3 mm - 1533 �40X0,3X�10 Z=100",false,11-Nov-2025,P23-2498,14-Oct-2025,Completed,FALSE,SERVIFORM s.r.l. (ProForm Euro),4.00,75.1637056,300.65
7105401004,"Hard metal ULTRANICK 0.4 mm - 1533 �40X0,4X�10 Z=100",false,11-Nov-2025,P23-2498,14-Oct-2025,Completed,FALSE,SERVIFORM s.r.l. (ProForm Euro),4.00,81.6996800,326.80
7105401005,"Hard metal ULTRANICK 0.5 mm - 1533 �40X0,5X�10 Z=80",false,11-Nov-2025,P23-2498,14-Oct-2025,Completed,FALSE,SERVIFORM s.r.l. (ProForm Euro),3.00,83.3336736,250.00
7105401006,"Hard metal grinding wheel 0.6 mm - 1533 �40X0,6X�10 Z=80",false,11-Nov-2025,P23-2498,14-Oct-2025,Completed,FALSE,SERVIFORM s.r.l. (ProForm Euro),3.00,86.6016608,259.80
7105401007,"Hard metal grinding wheel 0.7 mm - 1533 �40X0,7X�10 Z=80",false,11-Nov-2025,P23-2498,14-Oct-2025,Completed,FALSE,SERVIFORM s.r.l. (ProForm Euro),4.00,94.7716288,379.09
7105401008,"Hard metal grinding wheel 0.8 mm -1533 �40X0,8X�10 Z=80",false,11-Nov-2025,P23-2498,14-Oct-2025,Completed,FALSE,SERVIFORM s.r.l. (ProForm Euro),4.00,98.0396160,392.16
7105401009,"Hard metal grinding wheel 0.9 mm - 1533 �40X0,9X�10 Z=80",false,11-Nov-2025,P23-2498,14-Oct-2025,Completed,FALSE,SERVIFORM s.r.l. (ProForm Euro),2.00,102.9415968,205.88
7105401012,"*R.GN. *Hard metal grinding wheel 1.2 mm - 1533 �40X1,2X�10 Z=64",false,11-Nov-2025,P23-2498,14-Oct-2025,Completed,FALSE,SERVIFORM s.r.l. (ProForm Euro),1.00,116.0135456,116.01
7106301011,Servo elastic coupling (FAVARI TRASMISSIONI) FV-KUPPLUNG Series. Code FV-WSV-25-K-10-10-AL,,,P23-2955,14-May-2026,Completed,FALSE,SERVIFORM s.r.l. (ProForm Euro),1.00,101.3964315,101.40
7106301011,Servo elastic coupling (FAVARI TRASMISSIONI) FV-KUPPLUNG Series. Code FV-WSV-25-K-10-10-AL,,09-Jul-2026,P23-3011,18-Jun-2026,Completed,FALSE,SERVIFORM s.r.l. (ProForm Euro),1.00,102.8186250,102.82
7109001010,SEEGER PER ALBERO DA Ø10mm (SERIE NORMALE  UNI-7435),false,22-Jul-2026,P23-3067,15-Jul-2026,Fully billed,FALSE,SERVIFORM s.r.l. (ProForm Euro),7.00,0.3928080,2.75
7109001013,Retaining ring for shaft �13mm,,22-Jul-2026,P23-3067,15-Jul-2026,Fully billed,FALSE,SERVIFORM s.r.l. (ProForm Euro),9.00,0.6274016,5.65
7109001016,UNI 7435 - 16,,22-Jul-2026,P23-3067,15-Jul-2026,Fully billed,FALSE,SERVIFORM s.r.l. (ProForm Euro),5.00,0.7856160,3.93
7109002019,Retaining ring for bore 19mm,False,22-Jul-2026,P23-3067,15-Jul-2026,Fully billed,FALSE,SERVIFORM s.r.l. (ProForm Euro),2.00,0.1636700,0.33
7111001082,Compression spring Music wire (DIM),,22-Jul-2026,P23-3067,15-Jul-2026,Fully billed,FALSE,SERVIFORM s.r.l. (ProForm Euro),1.00,16.5961380,16.60
7114003032,Pin 03x10 (h6),false,22-Jul-2026,P23-3067,15-Jul-2026,Fully billed,FALSE,SERVIFORM s.r.l. (ProForm Euro),4.00,0.1554865,0.62
7114006021,Pin �6x20 m6 hole thr. M4 (UNI-EN28735),,22-Jul-2026,P23-3067,15-Jul-2026,Fully billed,,SERVIFORM s.r.l. (ProForm Euro),3.00,1.8822050,5.65
7114008025,Pin �8x25,False,22-Jul-2026,P23-3067,15-Jul-2026,Fully billed,FALSE,SERVIFORM s.r.l. (ProForm Euro),2.00,1.4239290,2.85
7114008028,Pin 8x28 (m6) SPINA 8X28 (M6),False,22-Jul-2026,P23-3067,15-Jul-2026,Fully billed,FALSE,SERVIFORM s.r.l. (ProForm Euro),1.00,0.8674510,0.87
7114103014,Elastic Pins 03 x 14,,17-Aug-2026,P23-3135,17-Aug-2026,Receiving,,SERVIFORM s.r.l. (ProForm Euro),20.00,0.3127872,6.26
7114104014,Spring pin 04 X 14,,17-Aug-2026,P23-3135,17-Aug-2026,Receiving,,SERVIFORM s.r.l. (ProForm Euro),20.00,0.3127872,6.26
7115100006,bearing,,22-Jul-2026,P23-3067,15-Jul-2026,Fully billed,FALSE,SERVIFORM s.r.l. (ProForm Euro),7.00,5.4338440,38.04
7116001013,Shoulder screw �6x20 (M5 thread),,22-Jul-2026,P23-3067,15-Jul-2026,Fully billed,FALSE,SERVIFORM s.r.l. (ProForm Euro),11.00,3.1707342,34.88
7116005019,Collet screw �8 x H20 (M6 thread),,26-Nov-2025,P23-2586,19-Nov-2025,Completed,,SERVIFORM s.r.l. (ProForm Euro),2.00,9.5345025,15.26
7116005019,Collet screw �8 x H20 (M6 thread),,22-Jul-2026,P23-3067,15-Jul-2026,Fully billed,,SERVIFORM s.r.l. (ProForm Euro),6.00,7.3433272,44.06
7116005046,Low head stepped screw �5 x H8 (M3 thread),,22-Jul-2026,P23-3067,15-Jul-2026,Fully billed,FALSE,SERVIFORM s.r.l. (ProForm Euro),4.00,14.5461713,58.18
7150004010,SCREW TCEI M04X10 UNI5931,false,22-Jul-2026,P23-3067,15-Jul-2026,Fully billed,FALSE,SERVIFORM s.r.l. (ProForm Euro),10.00,0.0785616,0.79
7150004016,SCREW TCEI M04X16 UNI5931,,22-Jul-2026,P23-3067,15-Jul-2026,Fully billed,FALSE,SERVIFORM s.r.l. (ProForm Euro),8.00,0.0777433,0.62
7150004020,VITE TCEI M04X20 UNI 5931 NERA,,22-Jul-2026,P23-3067,15-Jul-2026,Fully billed,FALSE,SERVIFORM s.r.l. (ProForm Euro),4.00,0.1554865,0.62
7150006025,Socket head screw M6x25,False,22-Jul-2026,P23-3067,15-Jul-2026,Fully billed,FALSE,SERVIFORM s.r.l. (ProForm Euro),8.00,0.9431484,7.55
7150104008,Countersunk head screw M4x08,,22-Jul-2026,P23-3067,15-Jul-2026,Fully billed,FALSE,SERVIFORM s.r.l. (ProForm Euro),3.00,3.7971440,11.39
718,4pt 0.990 CB 12tpi Serr SNotch COIL,false,30-Sep-2025,P23-2377,26-Aug-2025,Completed,FALSE,National Steel Rule (NSR) - CLDF,100.00,1.7588034,175.88
718,4pt 0.990 CB 12tpi Serr SNotch COIL,false,22-Dec-2025,P23-2458,22-Sep-2025,Completed,FALSE,National Steel Rule (NSR) - CLDF,100.00,1.7305998,173.06
718,4pt 0.990 CB 12tpi Serr SNotch COIL,false,28-Feb-2026,P23-2547,07-Nov-2025,Receiving,FALSE,National Steel Rule (NSR) - CLDF,100.00,1.7605248,176.05
7204003018,Strip 5HT 20 PPN N.020 V.N.,,22-Jul-2026,P23-3067,15-Jul-2026,Fully billed,FALSE,SERVIFORM s.r.l. (ProForm Euro),0.16,38.4624500,6.15
7206008018,Rod Lock,,04-Mar-2026,P23-2776,18-Feb-2026,Completed,FALSE,SERVIFORM s.r.l. (ProForm Euro),1.00,841.5869280,841.59
726,4pt 0.970 / 0.860 12tpi Serr Cut Crease 10x30 SNN COIL,false,22-Dec-2025,P23-2458,22-Sep-2025,Completed,FALSE,National Steel Rule (NSR) - CLDF,100.00,1.8672261,186.72
726,4pt 0.970 / 0.860 12tpi Serr Cut Crease 10x30 SNN COIL,false,23-Feb-2026,P23-2719,23-Jan-2026,Fully billed,FALSE,National Steel Rule (NSR) - CLDF,300.00,1.7963289,538.90
726,4pt 0.970 / 0.860 12tpi Serr Cut Crease 10x30 SNN COIL,false,28-Feb-2026,P23-2547,07-Nov-2025,Receiving,FALSE,National Steel Rule (NSR) - CLDF,100.00,1.8995136,189.95
726,4pt 0.970 / 0.860 12tpi Serr Cut Crease 10x30 SNN COIL,false,05-May-2026,P23-2740,02-Feb-2026,Receiving,FALSE,National Steel Rule (NSR) - CLDF,300.00,1.7657511,529.73
728,4pt 0.937 CB 12tpi Serr SNotch COIL,false,31-Dec-2025,P23-2581,18-Nov-2025,Receiving,FALSE,National Steel Rule (NSR) - CLDF,300.00,1.7563524,526.91
728,4pt 0.937 CB 12tpi Serr SNotch COIL,false,23-Feb-2026,P23-2719,23-Jan-2026,Fully billed,FALSE,National Steel Rule (NSR) - CLDF,100.00,1.6648902,166.49
728,4pt 0.937 CB 12tpi Serr SNotch COIL,false,28-Feb-2026,P23-2547,07-Nov-2025,Receiving,FALSE,National Steel Rule (NSR) - CLDF,500.00,1.7605248,880.26
729,4pt 0.970 Perf Serr All Nick 3mm x 1.5mm 1/4 Deep Cur 66 x 90,false,22-Dec-2025,P23-2458,22-Sep-2025,Completed,FALSE,National Steel Rule (NSR) - CLDF,300.00,6.8009536,"2,040.29"
729,4pt 0.970 Perf Serr All Nick 3mm x 1.5mm 1/4 Deep Cur 66 x 90,false,31-Dec-2025,P23-2581,18-Nov-2025,Receiving,FALSE,National Steel Rule (NSR) - CLDF,100.00,6.9021568,690.22
729,4pt 0.970 Perf Serr All Nick 3mm x 1.5mm 1/4 Deep Cur 66 x 90,false,28-Feb-2026,P23-2547,07-Nov-2025,Receiving,FALSE,National Steel Rule (NSR) - CLDF,100.00,6.9185536,691.86
729,4pt 0.970 Perf Serr All Nick 3mm x 1.5mm 1/4 Deep Cur 66 x 90,false,29-Nov-2026,P23-3095,29-Jul-2026,Ordered,FALSE,National Steel Rule (NSR) - CLDF,300.00,6.4233344,"1,927.00"
730,4pt 1.030 CB 8tpi Serr Ultra 8 SNN COIL,false,30-Sep-2025,P23-2377,26-Aug-2025,Completed,FALSE,National Steel Rule (NSR) - CLDF,300.00,1.4502414,435.07
730,4pt 1.030 CB 8tpi Serr Ultra 8 SNN COIL,false,23-Feb-2026,P23-2719,23-Jan-2026,Fully billed,FALSE,National Steel Rule (NSR) - CLDF,300.00,1.3728042,411.84
730,4pt 1.030 CB 8tpi Serr Ultra 8 SNN COIL,false,28-Feb-2026,P23-2547,07-Nov-2025,Receiving,FALSE,National Steel Rule (NSR) - CLDF,200.00,1.4516608,290.33
730,4pt 1.030 CB 8tpi Serr Ultra 8 SNN COIL,false,05-May-2026,P23-2740,02-Feb-2026,Receiving,FALSE,National Steel Rule (NSR) - CLDF,"1,200.00",1.3494358,"1,619.32"
730,4pt 1.030 CB 8tpi Serr Ultra 8 SNN COIL,false,30-Jul-2026,P23-2847,31-Mar-2026,Receiving,FALSE,National Steel Rule (NSR) - CLDF,600.00,1.3720428,823.23
730,4pt 1.030 CB 8tpi Serr Ultra 8 SNN COIL,false,29-Nov-2026,P23-3095,29-Jul-2026,Ordered,FALSE,National Steel Rule (NSR) - CLDF,600.00,1.3477532,808.65
732,4pt 0.970 Perf Serr All Nick 3mm x 2mm 1/4 Deep Cur 66 x 90,false,30-Jul-2026,P23-2847,31-Mar-2026,Receiving,FALSE,National Steel Rule (NSR) - CLDF,100.00,2.5397388,253.97
732,4pt 0.970 Perf Serr All Nick 3mm x 2mm 1/4 Deep Cur 66 x 90,false,26-Aug-2026,P23-3092,29-Jul-2026,Ordered,FALSE,National Steel Rule (NSR) - CLDF,200.00,2.5005821,500.12
732,4pt 0.970 Perf Serr All Nick 3mm x 2mm 1/4 Deep Cur 66 x 90,false,21-Oct-2026,P23-3008,17-Jun-2026,Ordered,FALSE,National Steel Rule (NSR) - CLDF,400.00,2.4649362,985.97
732,4pt 0.970 Perf Serr All Nick 3mm x 2mm 1/4 Deep Cur 66 x 90,false,29-Nov-2026,P23-3095,29-Jul-2026,Ordered,FALSE,National Steel Rule (NSR) - CLDF,200.00,2.4947772,498.96
734,4pt 0.970 / 0.860 12tpi Serr Cut Crease 10x10 SNN COIL,false,22-Dec-2025,P23-2458,22-Sep-2025,Completed,FALSE,National Steel Rule (NSR) - CLDF,400.00,1.8672261,746.89
734,4pt 0.970 / 0.860 12tpi Serr Cut Crease 10x10 SNN COIL,false,21-Apr-2026,P23-2845,31-Mar-2026,Receiving,FALSE,National Steel Rule (NSR) - CLDF,300.00,1.7953326,538.60
734,4pt 0.970 / 0.860 12tpi Serr Cut Crease 10x10 SNN COIL,false,05-May-2026,P23-2740,02-Feb-2026,Receiving,FALSE,National Steel Rule (NSR) - CLDF,800.00,1.7657511,"1,412.60"
734,4pt 0.970 / 0.860 12tpi Serr Cut Crease 10x10 SNN COIL,false,30-Jul-2026,P23-2847,31-Mar-2026,Receiving,FALSE,National Steel Rule (NSR) - CLDF,"2,000.00",1.7953326,"3,590.67"
734,4pt 0.970 / 0.860 12tpi Serr Cut Crease 10x10 SNN COIL,false,29-Nov-2026,P23-3095,29-Jul-2026,Ordered,FALSE,National Steel Rule (NSR) - CLDF,800.00,1.7635494,"1,410.84"
735,4pt 0.970 / 0.860 12tpi Serr Cut Crease 10x10 Cur 66 x 90,false,05-May-2026,P23-2740,02-Feb-2026,Receiving,FALSE,National Steel Rule (NSR) - CLDF,"1,000.00",2.4978918,"2,497.89"
735,4pt 0.970 / 0.860 12tpi Serr Cut Crease 10x10 Cur 66 x 90,false,30-Jul-2026,P23-2847,31-Mar-2026,Receiving,FALSE,National Steel Rule (NSR) - CLDF,"2,500.00",2.5397388,"6,349.35"
735,4pt 0.970 / 0.860 12tpi Serr Cut Crease 10x10 Cur 66 x 90,false,21-Oct-2026,P23-3008,17-Jun-2026,Ordered,FALSE,National Steel Rule (NSR) - CLDF,800.00,2.4649362,"1,971.95"
735,4pt 0.970 / 0.860 12tpi Serr Cut Crease 10x10 Cur 66 x 90,false,29-Nov-2026,P23-3095,29-Jul-2026,Ordered,FALSE,National Steel Rule (NSR) - CLDF,"1,200.00",2.4947772,"2,993.73"
7401001812,103-H7823-1714 (SANYO - R.T.A.) Stepping motor (SANYO - R.T.A.) 103-H7823-1714,,21-Jan-2026,P23-2699,16-Jan-2026,Completed,FALSE,SERVIFORM s.r.l. (ProForm Euro),1.00,223.1331200,223.13
7402001007,Encoder RI58-O/10000EQ.42KX-S (HENGSTLER) 0524711,,,P23-2955,14-May-2026,Completed,FALSE,SERVIFORM s.r.l. (ProForm Euro),1.00,792.4553405,792.46
7402001007,Encoder RI58-O/10000EQ.42KX-S (HENGSTLER) 0524711,,09-Jul-2026,P23-3011,18-Jun-2026,Completed,FALSE,SERVIFORM s.r.l. (ProForm Euro),1.00,803.5703750,803.57
7407101019,Encoder connector cod. RC0800XXXX.500005000,,,P23-2955,14-May-2026,Completed,FALSE,SERVIFORM s.r.l. (ProForm Euro),1.00,266.4341015,266.43
7407101019,Encoder connector cod. RC0800XXXX.500005000,,09-Jul-2026,P23-3011,18-Jun-2026,Completed,FALSE,SERVIFORM s.r.l. (ProForm Euro),1.00,270.1711250,270.17
7411255,Main Drive Shaft (1AW),,31-May-2026,P23-2965,21-May-2026,Completed,FALSE,Hangzhou Youngsun Intelligent Company,8.00,6.9360390,55.49
74123,"1 EQ P Cutter Upper Cutting Knife 1.500 Knife is 1 3/4"" long",false,27-Jul-2026,P23-3065,13-Jul-2026,Fully billed,FALSE,Voestalpine USA,4.00,99.0777680,396.31
74124,"1 EQ P Cutter Lower Cutting Knife 1.500 Knife is 1 3/4"" long",false,27-Jul-2026,P23-3065,13-Jul-2026,Fully billed,FALSE,Voestalpine USA,4.00,99.0777680,396.31
745874,Short Roller Assembly Type W (1AW),,31-May-2026,P23-2965,21-May-2026,Completed,FALSE,Hangzhou Youngsun Intelligent Company,4.00,9.4862594,37.95
746,2PT .130 X .120 X .024 X 8T X 4-7/8 Laborsaber Saw Blade,,12-Dec-2025,P23-2626,03-Dec-2025,Completed,FALSE,Freeman Manufacturing & Supply Co.,120.00,1.2456784,149.48
7933,DB40 Rotary Plywood SG 13 x 178 x 1800,false,30-Jul-2026,P23-2816,13-Mar-2026,Fully billed,TRUE,Yitai,180.00,43.6001720,"7,848.03"
7943,DB8 Rotary Plywood SG 13 x 487 x 2000,false,30-Jul-2026,P23-2816,13-Mar-2026,Fully billed,TRUE,Yitai,180.00,73.6106800,"13,249.92"
7951,DB41 Rotary Plywood SG 13 x 270 x 2000,false,30-Jul-2026,P23-2816,13-Mar-2026,Fully billed,TRUE,Yitai,80.00,47.1816147,"3,774.53"
8156,4pt 0.970 / 0.860 12tpi Serr Cut Crease 10x20 SNN COIL,false,22-Dec-2025,P23-2458,22-Sep-2025,Completed,FALSE,National Steel Rule (NSR) - CLDF,400.00,1.8672261,746.89
8156,4pt 0.970 / 0.860 12tpi Serr Cut Crease 10x20 SNN COIL,false,28-Feb-2026,P23-2547,07-Nov-2025,Receiving,FALSE,National Steel Rule (NSR) - CLDF,300.00,1.8995136,569.85
8156,4pt 0.970 / 0.860 12tpi Serr Cut Crease 10x20 SNN COIL,false,21-Apr-2026,P23-2845,31-Mar-2026,Receiving,FALSE,National Steel Rule (NSR) - CLDF,500.00,1.7953326,897.67
8156,4pt 0.970 / 0.860 12tpi Serr Cut Crease 10x20 SNN COIL,false,05-May-2026,P23-2740,02-Feb-2026,Receiving,FALSE,National Steel Rule (NSR) - CLDF,400.00,1.7657511,706.30
8156,4pt 0.970 / 0.860 12tpi Serr Cut Crease 10x20 SNN COIL,false,30-Jul-2026,P23-2847,31-Mar-2026,Receiving,FALSE,National Steel Rule (NSR) - CLDF,"1,000.00",1.7953326,"1,795.33"
8161,4pt 0.970 / 0.860 12tpi Serr Cut Crease 06x06 SNN COIL,false,23-Feb-2026,P23-2719,23-Jan-2026,Fully billed,FALSE,National Steel Rule (NSR) - CLDF,500.00,1.9569762,978.49
8161,4pt 0.970 / 0.860 12tpi Serr Cut Crease 06x06 SNN COIL,false,05-May-2026,P23-2740,02-Feb-2026,Receiving,FALSE,National Steel Rule (NSR) - CLDF,700.00,1.9236638,"1,346.56"
8172,4pt 0.970 Perf Serr All Nick 3mm x 2mm 1/4 Deep SNN COIL,false,30-Jul-2026,P23-2847,31-Mar-2026,Receiving,FALSE,National Steel Rule (NSR) - CLDF,100.00,1.9558908,195.59
8172,4pt 0.970 Perf Serr All Nick 3mm x 2mm 1/4 Deep SNN COIL,false,29-Nov-2026,P23-3095,29-Jul-2026,Ordered,FALSE,National Steel Rule (NSR) - CLDF,100.00,1.9212652,192.13
8187,4pt 1.500 CB 8tpi Serr Ultra 8 Cur 85 x 90 (622mm ID),false,21-Oct-2026,P23-3007,17-Jun-2026,Ordered,FALSE,National Steel Rule (NSR),100.00,3.9382314,393.82
8202,CrownH/StrippingPin 3.0 Narrow ZPlate,false,30-Oct-2025,P23-2512,16-Oct-2025,Received / credited,TRUE,JNL Manufacturing,200.00,0.2003001,40.06
8202,CrownH/StrippingPin 3.0 Narrow ZPlate,false,22-Dec-2025,P23-2459,22-Sep-2025,Completed,TRUE,JNL Manufacturing,400.00,0.1973244,78.93
8202,CrownH/StrippingPin 3.0 Narrow ZPlate,false,27-Aug-2026,P23-3130,13-Aug-2026,Received,TRUE,JNL Manufacturing,200.00,0.1844011,36.88
8202,CrownH/StrippingPin 3.0 Narrow ZPlate,false,25-Nov-2026,P23-3129,13-Aug-2026,Ordered,TRUE,JNL Manufacturing,500.00,0.1844011,92.20
8203,CrownH/StrippingPin 4.0 Narrow ZPlate,false,30-Jul-2026,P23-2916,30-Apr-2026,Receiving / credited,TRUE,JNL Manufacturing,400.00,0.1684080,67.36
8302,CrownH/StrippingPin 5.0 Narrow ZPlate,,30-Oct-2025,P23-2512,16-Oct-2025,Received / credited,FALSE,JNL Manufacturing,100.00,0.2003001,20.03
8320,"4pt 0.990 CB 12tpi Serr Cur 175mm ID (6.9"" ID) Reverse Curved",false,22-Dec-2025,P23-2458,22-Sep-2025,Completed,FALSE,National Steel Rule (NSR) - CLDF,100.00,2.7173453,271.73
8320,"4pt 0.990 CB 12tpi Serr Cur 175mm ID (6.9"" ID) Reverse Curved",false,21-Oct-2026,P23-3008,17-Jun-2026,Ordered,FALSE,National Steel Rule (NSR) - CLDF,200.00,2.5357677,507.15
8321,4pt 0.970 / 0.860 12tpi Serr Cut Crease 10x30 Cur 66 x 90,false,05-May-2026,P23-2740,02-Feb-2026,Receiving,FALSE,National Steel Rule (NSR) - CLDF,500.00,2.4978918,"1,248.95"
8321,4pt 0.970 / 0.860 12tpi Serr Cut Crease 10x30 Cur 66 x 90,false,30-Jul-2026,P23-2847,31-Mar-2026,Receiving,FALSE,National Steel Rule (NSR) - CLDF,600.00,2.5397388,"1,523.84"
8323,4pt 0.970 / 0.860 12tpi Serr Cut Crease 10x20 Cur 66 x 90,false,30-Sep-2025,P23-2377,26-Aug-2025,Completed,FALSE,National Steel Rule (NSR) - CLDF,200.00,2.4684960,493.70
8323,4pt 0.970 / 0.860 12tpi Serr Cut Crease 10x20 Cur 66 x 90,false,30-Oct-2025,P23-2510,16-Oct-2025,Receiving,FALSE,National Steel Rule (NSR) - CLDF,200.00,2.4631360,492.63
8323,4pt 0.970 / 0.860 12tpi Serr Cut Crease 10x20 Cur 66 x 90,false,22-Dec-2025,P23-2458,22-Sep-2025,Completed,FALSE,National Steel Rule (NSR) - CLDF,"1,000.00",2.4289120,"2,428.91"
8323,4pt 0.970 / 0.860 12tpi Serr Cut Crease 10x20 Cur 66 x 90,false,31-Dec-2025,P23-2581,18-Nov-2025,Receiving,FALSE,National Steel Rule (NSR) - CLDF,400.00,2.4650560,986.02
8323,4pt 0.970 / 0.860 12tpi Serr Cut Crease 10x20 Cur 66 x 90,false,28-Feb-2026,P23-2547,07-Nov-2025,Receiving,FALSE,National Steel Rule (NSR) - CLDF,800.00,2.4709120,"1,976.73"
8323,4pt 0.970 / 0.860 12tpi Serr Cut Crease 10x20 Cur 66 x 90,false,30-Jul-2026,P23-2847,31-Mar-2026,Receiving,FALSE,National Steel Rule (NSR) - CLDF,200.00,2.3353920,467.08
8323,4pt 0.970 / 0.860 12tpi Serr Cut Crease 10x20 Cur 66 x 90,false,21-Oct-2026,P23-3008,17-Jun-2026,Ordered,FALSE,National Steel Rule (NSR) - CLDF,500.00,2.2666080,"1,133.30"
8323,4pt 0.970 / 0.860 12tpi Serr Cut Crease 10x20 Cur 66 x 90,false,29-Nov-2026,P23-3095,29-Jul-2026,Ordered,FALSE,National Steel Rule (NSR) - CLDF,300.00,2.2940480,688.21
8325,4pt 0.970 12tpi Perf Serr 03 x 03 SNotch COIL,false,22-Dec-2025,P23-2458,22-Sep-2025,Completed,FALSE,National Steel Rule (NSR) - CLDF,100.00,1.9734910,197.35
8325,4pt 0.970 12tpi Perf Serr 03 x 03 SNotch COIL,false,05-May-2026,P23-2740,02-Feb-2026,Receiving,FALSE,National Steel Rule (NSR) - CLDF,100.00,1.8662410,186.62
8325,4pt 0.970 12tpi Perf Serr 03 x 03 SNotch COIL,false,30-Jul-2026,P23-2847,31-Mar-2026,Receiving,FALSE,National Steel Rule (NSR) - CLDF,100.00,1.8975060,189.75
8332,"4pt 0.937 CB 12tpi Serr Cur 175mm ID (6.9"" ID) Reverse Curved",false,29-Nov-2026,P23-3095,29-Jul-2026,Ordered,FALSE,National Steel Rule (NSR) - CLDF,500.00,2.7815332,"1,390.77"
8333,4pt 0.970 / 0.860 12tpi Serr Cut Crease 06x06 Cur 66 x 90,false,30-Oct-2025,P23-2510,16-Oct-2025,Receiving,FALSE,National Steel Rule (NSR) - CLDF,200.00,2.4631360,492.63
8333,4pt 0.970 / 0.860 12tpi Serr Cut Crease 06x06 Cur 66 x 90,false,22-Dec-2025,P23-2458,22-Sep-2025,Completed,FALSE,National Steel Rule (NSR) - CLDF,200.00,2.4289120,485.78
8333,4pt 0.970 / 0.860 12tpi Serr Cut Crease 06x06 Cur 66 x 90,false,28-Feb-2026,P23-2547,07-Nov-2025,Receiving,FALSE,National Steel Rule (NSR) - CLDF,300.00,2.4709120,741.27
8333,4pt 0.970 / 0.860 12tpi Serr Cut Crease 06x06 Cur 66 x 90,false,22-Jul-2026,P23-3028,24-Jun-2026,Ordered,FALSE,National Steel Rule (NSR) - CLDF,200.00,2.5205509,504.11
8333,4pt 0.970 / 0.860 12tpi Serr Cut Crease 06x06 Cur 66 x 90,false,30-Jul-2026,P23-2847,31-Mar-2026,Receiving,FALSE,National Steel Rule (NSR) - CLDF,200.00,2.3353920,467.08
8333,4pt 0.970 / 0.860 12tpi Serr Cut Crease 06x06 Cur 66 x 90,false,26-Aug-2026,P23-3092,29-Jul-2026,Ordered,FALSE,National Steel Rule (NSR) - CLDF,200.00,2.5005821,500.12
8333,4pt 0.970 / 0.860 12tpi Serr Cut Crease 06x06 Cur 66 x 90,false,21-Oct-2026,P23-3008,17-Jun-2026,Ordered,FALSE,National Steel Rule (NSR) - CLDF,600.00,2.2666080,"1,359.96"
8407,Diecutting Plate - Asahi 1629 x 1090 x 1.00 HRC 35-39,false,17-Mar-2026,P23-2659,19-Dec-2025,Completed,FALSE,Perivo B.V.,80.00,194.5761180,"15,566.09"
8477,4pt 1.000 CB 10tpi Serr SNN DP COIL,false,17-Feb-2026,P23-2741,02-Feb-2026,Receiving,TRUE,National Steel Rule (NSR) - Consignment,"8,000.00",1.4642814,"11,714.25"
8477,4pt 1.000 CB 10tpi Serr SNN DP COIL,false,30-Jul-2026,P23-2848,31-Mar-2026,Receiving,TRUE,National Steel Rule (NSR) - Consignment,"4,000.00",1.4888124,"5,955.25"
8477,4pt 1.000 CB 10tpi Serr SNN DP COIL,false,21-Oct-2026,P23-3009,17-Jun-2026,Ordered,TRUE,National Steel Rule (NSR) - Consignment,"2,000.00",1.4449626,"2,889.93"
8477,4pt 1.000 CB 10tpi Serr SNN DP COIL,false,29-Nov-2026,P23-3096,29-Jul-2026,Ordered,TRUE,National Steel Rule (NSR) - Consignment,"6,000.00",1.4624556,"8,774.73"
8479,DB40s Rotary Plywood SG 13 x 175 x 1800,false,30-Jul-2026,P23-2816,13-Mar-2026,Fully billed,TRUE,Yitai,18.00,43.6001720,784.80
8500,6/4pt 22.10 (0.870) Laser Crease Tru Fold SNN Coil,false,21-Oct-2026,P23-3008,17-Jun-2026,Ordered,FALSE,National Steel Rule (NSR) - CLDF,400.00,2.5074351,"1,002.97"
85236,Long Roller Assembly Type W (1AW),,31-May-2026,P23-2965,21-May-2026,Completed,FALSE,Hangzhou Youngsun Intelligent Company,6.00,9.4862594,56.92
8559,2pt 23.80 (.937) CB UNI Autoflex,False,,P23-2729,29-Jan-2026,Completed,TRUE,Martin Miller (Voestalpine),200.00,1.5700451,314.01
8559,2pt 23.80 (.937) CB UNI Autoflex,False,,P23-3143,20-Aug-2026,Fully billed,TRUE,Martin Miller (Voestalpine),300.00,1.5214387,456.44
8559,2pt 23.80 (.937) CB UNI Autoflex,False,15-May-2026,P23-2861,13-Apr-2026,Completed,TRUE,Martin Miller (Voestalpine),200.00,1.5403451,308.07
860,Elastomer Mallet Large Head [70mm dia x 120mm long],false,22-Dec-2025,P23-2459,22-Sep-2025,Completed,TRUE,JNL Manufacturing,30.00,17.4556200,523.67
860,Elastomer Mallet Large Head [70mm dia x 120mm long],false,29-Apr-2026,P23-2681,09-Jan-2026,Received / credited,TRUE,JNL Manufacturing,30.00,17.1793900,515.38
860,Elastomer Mallet Large Head [70mm dia x 120mm long],false,30-Jul-2026,P23-2916,30-Apr-2026,Receiving / credited,TRUE,JNL Manufacturing,60.00,16.1391000,968.35
8616,3pt 23.80 (.937) MM34 B COIL CC/WISE,,,P23-2729,29-Jan-2026,Completed,FALSE,Martin Miller (Voestalpine),100.00,1.7663643,176.64
8618,Elastomer Mallet Small Head HARD [50mm dia x 100mm long],False,30-Sep-2025,P23-2424,16-Sep-2025,Received / credited,FALSE,JNL Manufacturing,10.00,11.9963200,119.96
8618,Elastomer Mallet Small Head HARD [50mm dia x 100mm long],False,22-Dec-2025,P23-2459,22-Sep-2025,Completed,FALSE,JNL Manufacturing,60.00,12.1430400,728.58
8618,Elastomer Mallet Small Head HARD [50mm dia x 100mm long],False,29-Apr-2026,P23-2681,09-Jan-2026,Received / credited,FALSE,JNL Manufacturing,30.00,11.9508800,358.53
8618,Elastomer Mallet Small Head HARD [50mm dia x 100mm long],False,30-Jul-2026,P23-2916,30-Apr-2026,Receiving / credited,FALSE,JNL Manufacturing,40.00,11.2272000,449.09
864,Elastomer Mallet Yellow [70mm dia x 120mm long],,22-Dec-2025,P23-2459,22-Sep-2025,Completed,,JNL Manufacturing,50.00,27.3218400,"1,366.09"
864,Elastomer Mallet Yellow [70mm dia x 120mm long],,29-Apr-2026,P23-2681,09-Jan-2026,Received / credited,,JNL Manufacturing,50.00,26.8894800,"1,344.47"
864,Elastomer Mallet Yellow [70mm dia x 120mm long],,30-Jul-2026,P23-2916,30-Apr-2026,Receiving / credited,,JNL Manufacturing,150.00,25.2612000,"3,789.18"
864,Elastomer Mallet Yellow [70mm dia x 120mm long],,25-Nov-2026,P23-3129,13-Aug-2026,Ordered,,JNL Manufacturing,200.00,25.5324600,"5,106.49"
8710,4pt 0.937 12tpi Perf Serr 03 x 03 SNotch COIL,false,23-Feb-2026,P23-2719,23-Jan-2026,Fully billed,FALSE,National Steel Rule (NSR) - CLDF,200.00,1.8985590,379.71
8710,4pt 0.937 12tpi Perf Serr 03 x 03 SNotch COIL,false,28-Feb-2026,P23-2547,07-Nov-2025,Receiving,FALSE,National Steel Rule (NSR) - CLDF,100.00,2.0076160,200.76
8710,4pt 0.937 12tpi Perf Serr 03 x 03 SNotch COIL,false,05-May-2026,P23-2740,02-Feb-2026,Receiving,FALSE,National Steel Rule (NSR) - CLDF,300.00,1.8662410,559.87
8761,Martin Hoops - 170 mm Diameter (Martin 661 / 718),false,29-Apr-2026,P23-2681,09-Jan-2026,Received / credited,FALSE,JNL Manufacturing,700.00,6.7970630,"4,757.94"
8793,Spacer Maroon 32mm,False,29-Apr-2026,P23-2681,09-Jan-2026,Received / credited,FALSE,JNL Manufacturing,"1,000.00",0.1493860,149.39
8793,Spacer Maroon 32mm,False,04-May-2026,P23-2893,20-Apr-2026,Receiving,FALSE,JNL Manufacturing,100.00,0.1397470,13.97
8793,Spacer Maroon 32mm,False,27-Aug-2026,P23-3130,13-Aug-2026,Received,FALSE,JNL Manufacturing,200.00,0.1418470,28.37
8793,Spacer Maroon 32mm,False,25-Nov-2026,P23-3129,13-Aug-2026,Ordered,FALSE,JNL Manufacturing,800.00,0.1418470,113.48
8826,3pt 23.80 (0.937) Perf Rule 3.0 x 3.0 SNN,false,29-Oct-2025,P23-2479,07-Oct-2025,Completed,FALSE,National Steel Rule (NSR) - CLDF,500.00,1.2851915,642.60
8839,Drafting Film 76mic 1118mm x 50M Matte (outside) / Gloss (Reverse Wound),false,25-Nov-2026,P23-3129,13-Aug-2026,Ordered,TRUE,JNL Manufacturing,8.00,89.6473040,717.18
8842,Drafting Film 76mic 1500mm X 50M Gloss (Inside) Matt (Outside),False,22-Dec-2025,P23-2459,22-Sep-2025,Completed,FALSE,JNL Manufacturing,16.00,117.3321240,"1,877.31"
8842,Drafting Film 76mic 1500mm X 50M Gloss (Inside) Matt (Outside),False,29-Apr-2026,P23-2681,09-Jan-2026,Received / credited,FALSE,JNL Manufacturing,20.00,115.4753780,"2,309.51"
8842,Drafting Film 76mic 1500mm X 50M Gloss (Inside) Matt (Outside),False,30-Jul-2026,P23-2916,30-Apr-2026,Receiving / credited,FALSE,JNL Manufacturing,30.00,108.4828200,"3,254.48"
8842,Drafting Film 76mic 1500mm X 50M Gloss (Inside) Matt (Outside),False,25-Nov-2026,P23-3129,13-Aug-2026,Ordered,FALSE,JNL Manufacturing,8.00,109.6477310,877.18
8885,4pt 0.970 12tpi Perf Serr 03 x 03 SNN COIL,false,22-Dec-2025,P23-2458,22-Sep-2025,Completed,FALSE,National Steel Rule (NSR) - CLDF,100.00,1.8368647,183.69
8885,4pt 0.970 12tpi Perf Serr 03 x 03 SNN COIL,false,28-Feb-2026,P23-2547,07-Nov-2025,Receiving,FALSE,National Steel Rule (NSR) - CLDF,300.00,1.8686272,560.59
8885,4pt 0.970 12tpi Perf Serr 03 x 03 SNN COIL,false,21-Apr-2026,P23-2845,31-Mar-2026,Receiving,FALSE,National Steel Rule (NSR) - CLDF,100.00,1.7661402,176.61
8885,4pt 0.970 12tpi Perf Serr 03 x 03 SNN COIL,false,30-Jul-2026,P23-2847,31-Mar-2026,Receiving,FALSE,National Steel Rule (NSR) - CLDF,300.00,1.7661402,529.84
8886,4pt 0.970 12tpi Perf Serr 03 x 03 Cur 66 x 90,false,22-Dec-2025,P23-2458,22-Sep-2025,Completed,FALSE,National Steel Rule (NSR) - CLDF,200.00,2.4440927,488.82
8886,4pt 0.970 12tpi Perf Serr 03 x 03 Cur 66 x 90,false,28-Feb-2026,P23-2547,07-Nov-2025,Receiving,FALSE,National Steel Rule (NSR) - CLDF,200.00,2.4863552,497.27
8909,6/4pt 23.10 (0.910) Laser Crease Tru Fold SNN DP COIL,false,21-Apr-2026,P23-2845,31-Mar-2026,Receiving,FALSE,National Steel Rule (NSR) - CLDF,100.00,2.5835274,258.35
8909,6/4pt 23.10 (0.910) Laser Crease Tru Fold SNN DP COIL,false,05-May-2026,P23-2740,02-Feb-2026,Receiving,FALSE,National Steel Rule (NSR) - CLDF,100.00,2.5409589,254.10
8909,6/4pt 23.10 (0.910) Laser Crease Tru Fold SNN DP COIL,false,30-Jul-2026,P23-2847,31-Mar-2026,Receiving,FALSE,National Steel Rule (NSR) - CLDF,200.00,2.5835274,516.71
9017,CrownH/StrippingPin 10.0 Narrow ZPlate,false,30-Jul-2026,P23-2916,30-Apr-2026,Receiving / credited,TRUE,JNL Manufacturing,400.00,0.1824420,72.98
9044,3pt 22.60 (0.890) Crease SNN COIL,,,P23-2467,29-Sep-2025,Completed,FALSE,Martin Miller (Voestalpine),203.00,1.4847763,301.40
9044,3pt 22.60 (0.890) Crease SNN COIL,,,P23-2729,29-Jan-2026,Completed,FALSE,Martin Miller (Voestalpine),200.00,1.4097517,281.97
9044,3pt 22.60 (0.890) Crease SNN COIL,,,P23-3143,20-Aug-2026,Fully billed,FALSE,Martin Miller (Voestalpine),210.00,1.3650291,286.66
9044,3pt 22.60 (0.890) Crease SNN COIL,,15-May-2026,P23-2861,13-Apr-2026,Completed,FALSE,Martin Miller (Voestalpine),140.00,1.3830007,193.62
9046,3pt 23.10 (0.909) Crease SNN COIL C/WISE,False,,P23-3001,16-Jun-2026,Fully billed,FALSE,Martin Miller (Voestalpine),140.00,1.3643252,191.01
9046,3pt 23.10 (0.909) Crease SNN COIL C/WISE,False,,P23-3002,16-Jun-2026,Completed,FALSE,Martin Miller (Voestalpine),140.00,1.3817879,193.43
9046,3pt 23.10 (0.909) Crease SNN COIL C/WISE,False,,P23-3003,16-Jun-2026,Completed,FALSE,Martin Miller (Voestalpine),140.00,1.3807332,193.30
9046,3pt 23.10 (0.909) Crease SNN COIL C/WISE,False,,P23-3142,20-Aug-2026,Fully billed,FALSE,Bohler (Voestalpine),140.00,1.3649821,191.10
9046,3pt 23.10 (0.909) Crease SNN COIL C/WISE,False,,P23-3143,20-Aug-2026,Fully billed,FALSE,Martin Miller (Voestalpine),"2,021.00",1.3641767,"2,757.00"
9046,3pt 23.10 (0.909) Crease SNN COIL C/WISE,False,15-Oct-2025,P23-2466,29-Sep-2025,Completed,FALSE,Bohler (Voestalpine),140.00,1.4840110,207.76
9046,3pt 23.10 (0.909) Crease SNN COIL C/WISE,False,15-May-2026,P23-2861,13-Apr-2026,Completed,FALSE,Martin Miller (Voestalpine),140.00,1.3830007,193.62
9047,4pt 23.10 (0.909) Crease SNN COIL C/WISE,False,,P23-3001,16-Jun-2026,Fully billed,FALSE,Martin Miller (Voestalpine),200.00,1.7788733,355.79
9047,4pt 23.10 (0.909) Crease SNN COIL C/WISE,False,,P23-3003,16-Jun-2026,Completed,FALSE,Martin Miller (Voestalpine),300.00,1.8003950,540.13
9047,4pt 23.10 (0.909) Crease SNN COIL C/WISE,False,15-Oct-2025,P23-2466,29-Sep-2025,Completed,FALSE,Bohler (Voestalpine),100.00,1.9349412,193.49
9078,2pt 23.30 (.917) A UNI Autoflex COIL C/WISE,False,,P23-2467,29-Sep-2025,Completed,FALSE,Martin Miller (Voestalpine),600.00,1.6535212,992.11
9078,2pt 23.30 (.917) A UNI Autoflex COIL C/WISE,False,,P23-2729,29-Jan-2026,Completed,FALSE,Martin Miller (Voestalpine),"4,820.00",1.5699752,"7,567.61"
9078,2pt 23.30 (.917) A UNI Autoflex COIL C/WISE,False,,P23-2730,30-Jan-2026,Completed,FALSE,Martin Miller (Voestalpine),"1,400.00",1.5720793,"2,201.01"
9078,2pt 23.30 (.917) A UNI Autoflex COIL C/WISE,False,,P23-2731,30-Jan-2026,Completed,FALSE,Martin Miller (Voestalpine),"1,500.00",1.5718942,"2,357.94"
9078,2pt 23.30 (.917) A UNI Autoflex COIL C/WISE,False,,P23-2863,13-Apr-2026,Completed,FALSE,Martin Miller (Voestalpine),"1,250.00",1.5393048,"1,924.03"
9078,2pt 23.30 (.917) A UNI Autoflex COIL C/WISE,False,,P23-3001,16-Jun-2026,Fully billed,FALSE,Martin Miller (Voestalpine),"1,100.00",1.5194702,"1,671.50"
9078,2pt 23.30 (.917) A UNI Autoflex COIL C/WISE,False,,P23-3002,16-Jun-2026,Completed,FALSE,Martin Miller (Voestalpine),"1,200.00",1.5376893,"1,845.31"
9078,2pt 23.30 (.917) A UNI Autoflex COIL C/WISE,False,,P23-3003,16-Jun-2026,Completed,FALSE,Martin Miller (Voestalpine),600.00,1.5365544,921.97
9078,2pt 23.30 (.917) A UNI Autoflex COIL C/WISE,False,,P23-3142,20-Aug-2026,Fully billed,FALSE,Bohler (Voestalpine),"3,342.00",1.5199836,"5,079.77"
9078,2pt 23.30 (.917) A UNI Autoflex COIL C/WISE,False,15-Oct-2025,P23-2466,29-Sep-2025,Completed,FALSE,Bohler (Voestalpine),"1,365.00",1.6536754,"2,257.31"
9078,2pt 23.30 (.917) A UNI Autoflex COIL C/WISE,False,15-May-2026,P23-2861,13-Apr-2026,Completed,FALSE,Martin Miller (Voestalpine),"1,694.00",1.5403255,"2,609.34"
9079,2pt 23.80 (0.937) A HP35 Universal Autoflex COIL C/WISE,False,,P23-2467,29-Sep-2025,Completed,TRUE,Martin Miller (Voestalpine),297.00,1.6538128,491.18
9079,2pt 23.80 (0.937) A HP35 Universal Autoflex COIL C/WISE,False,,P23-2693,14-Jan-2026,Credited,TRUE,Bohler (Voestalpine),300.00,1.6138724,484.16
9079,2pt 23.80 (0.937) A HP35 Universal Autoflex COIL C/WISE,False,,P23-2729,29-Jan-2026,Completed,TRUE,Martin Miller (Voestalpine),100.00,1.5700451,157.00
9079,2pt 23.80 (0.937) A HP35 Universal Autoflex COIL C/WISE,False,,P23-2730,30-Jan-2026,Completed,TRUE,Martin Miller (Voestalpine),200.00,1.5725718,314.53
9079,2pt 23.80 (0.937) A HP35 Universal Autoflex COIL C/WISE,False,,P23-2731,30-Jan-2026,Completed,TRUE,Martin Miller (Voestalpine),200.00,1.5718773,314.39
9079,2pt 23.80 (0.937) A HP35 Universal Autoflex COIL C/WISE,False,,P23-2863,13-Apr-2026,Completed,TRUE,Martin Miller (Voestalpine),200.00,1.5393081,307.88
9079,2pt 23.80 (0.937) A HP35 Universal Autoflex COIL C/WISE,False,,P23-3001,16-Jun-2026,Fully billed,TRUE,Martin Miller (Voestalpine),200.00,1.5194628,303.91
9079,2pt 23.80 (0.937) A HP35 Universal Autoflex COIL C/WISE,False,,P23-3002,16-Jun-2026,Completed,TRUE,Martin Miller (Voestalpine),200.00,1.5375116,307.52
9079,2pt 23.80 (0.937) A HP35 Universal Autoflex COIL C/WISE,False,,P23-3142,20-Aug-2026,Fully billed,TRUE,Bohler (Voestalpine),"1,662.00",1.5201300,"2,526.40"
9079,2pt 23.80 (0.937) A HP35 Universal Autoflex COIL C/WISE,False,,P23-3143,20-Aug-2026,Fully billed,TRUE,Martin Miller (Voestalpine),"2,989.00",1.5192512,"4,541.04"
9079,2pt 23.80 (0.937) A HP35 Universal Autoflex COIL C/WISE,False,15-Oct-2025,P23-2466,29-Sep-2025,Completed,TRUE,Bohler (Voestalpine),200.00,1.6536997,330.74
9079,2pt 23.80 (0.937) A HP35 Universal Autoflex COIL C/WISE,False,15-May-2026,P23-2861,13-Apr-2026,Completed,TRUE,Martin Miller (Voestalpine),200.00,1.5403451,308.07
9079,2pt 23.80 (0.937) A HP35 Universal Autoflex COIL C/WISE,False,27-Jul-2026,P23-2931,05-May-2026,Ordered,TRUE,Bohler (Voestalpine),"2,000.00",1.4390904,"2,878.18"
9109,4pt 23.80 (0.937) A HP40 Viking Flex A SNN COIL C/WISE,False,,P23-2693,14-Jan-2026,Credited,TRUE,Bohler (Voestalpine),194.00,2.8061452,544.41
9109,4pt 23.80 (0.937) A HP40 Viking Flex A SNN COIL C/WISE,False,,P23-2731,30-Jan-2026,Completed,TRUE,Martin Miller (Voestalpine),200.00,2.7330686,546.63
9109,4pt 23.80 (0.937) A HP40 Viking Flex A SNN COIL C/WISE,False,,P23-3002,16-Jun-2026,Completed,TRUE,Martin Miller (Voestalpine),230.00,2.6742185,615.05
9109,4pt 23.80 (0.937) A HP40 Viking Flex A SNN COIL C/WISE,False,15-May-2026,P23-2861,13-Apr-2026,Completed,TRUE,Martin Miller (Voestalpine),200.00,2.6781813,535.64
9117,2pt 23.40 (.921) Crease SNN COIL,False,,P23-2729,29-Jan-2026,Completed,FALSE,Martin Miller (Voestalpine),200.00,1.0349142,207.00
9181,4pt 1.250 CB 8tpi Serr Ultra 8 Cur 85 x 90,false,21-Apr-2026,P23-2845,31-Mar-2026,Receiving,FALSE,National Steel Rule (NSR) - CLDF,300.00,3.1660617,949.82
9181,4pt 1.250 CB 8tpi Serr Ultra 8 Cur 85 x 90,false,30-Jul-2026,P23-2847,31-Mar-2026,Receiving,FALSE,National Steel Rule (NSR) - CLDF,500.00,3.1660617,"1,583.03"
9182,4pt 1.250 CB 8tpi Serr Ultra 8 SNN COIL,false,06-May-2026,P23-2888,15-Apr-2026,Ordered,FALSE,National Steel Rule (NSR) - CLDF,300.00,2.1525615,645.77
9182,4pt 1.250 CB 8tpi Serr Ultra 8 SNN COIL,false,19-Aug-2026,P23-2889,15-Apr-2026,Receiving,FALSE,National Steel Rule (NSR) - CLDF,"1,000.00",2.1525615,"2,152.56"
9198,Nail Heavy Duty Retainer,False,22-Dec-2025,P23-2459,22-Sep-2025,Completed,FALSE,JNL Manufacturing,500.00,0.0758940,37.95
922,Rotary Die Joiner Set w/screws [50 Set],false,22-Dec-2025,P23-2459,22-Sep-2025,Completed,FALSE,JNL Manufacturing,400.00,1.2446616,497.86
9228,4pt 0.970 12tpi Perf Serr 02 x 02 SNotch COIL,false,28-Feb-2026,P23-2547,07-Nov-2025,Receiving,FALSE,National Steel Rule (NSR) - CLDF,100.00,2.0076160,200.76
9228,4pt 0.970 12tpi Perf Serr 02 x 02 SNotch COIL,false,30-Jul-2026,P23-2847,31-Mar-2026,Receiving,FALSE,National Steel Rule (NSR) - CLDF,100.00,1.8975060,189.75
9232,Bending Die Sets (34 pieces / set ),false,25-Sep-2025,P23-2443,19-Sep-2025,Completed,FALSE,Yitai,1.00,605.8880000,605.89
9298,2pt 23.30 (.917) A UNI Autoflex COIL CC/WISE,False,,P23-2467,29-Sep-2025,Completed,FALSE,Martin Miller (Voestalpine),484.00,1.6535212,800.30
9298,2pt 23.30 (.917) A UNI Autoflex COIL CC/WISE,False,,P23-2693,14-Jan-2026,Credited,FALSE,Bohler (Voestalpine),800.00,1.6138143,"1,291.06"
9298,2pt 23.30 (.917) A UNI Autoflex COIL CC/WISE,False,,P23-2729,29-Jan-2026,Completed,FALSE,Martin Miller (Voestalpine),200.00,1.5699603,314.01
9298,2pt 23.30 (.917) A UNI Autoflex COIL CC/WISE,False,,P23-2730,30-Jan-2026,Completed,FALSE,Martin Miller (Voestalpine),268.00,1.5725548,421.43
9298,2pt 23.30 (.917) A UNI Autoflex COIL CC/WISE,False,,P23-2731,30-Jan-2026,Completed,FALSE,Martin Miller (Voestalpine),300.00,1.5719112,471.59
9298,2pt 23.30 (.917) A UNI Autoflex COIL CC/WISE,False,,P23-2863,13-Apr-2026,Completed,FALSE,Martin Miller (Voestalpine),253.00,1.5393038,389.43
9298,2pt 23.30 (.917) A UNI Autoflex COIL CC/WISE,False,,P23-3001,16-Jun-2026,Fully billed,FALSE,Martin Miller (Voestalpine),300.00,1.5194901,455.86
9298,2pt 23.30 (.917) A UNI Autoflex COIL CC/WISE,False,,P23-3002,16-Jun-2026,Completed,FALSE,Martin Miller (Voestalpine),300.00,1.5374296,461.23
9298,2pt 23.30 (.917) A UNI Autoflex COIL CC/WISE,False,,P23-3142,20-Aug-2026,Fully billed,FALSE,Bohler (Voestalpine),850.00,1.5200157,"1,292.00"
9298,2pt 23.30 (.917) A UNI Autoflex COIL CC/WISE,False,,P23-3143,20-Aug-2026,Fully billed,FALSE,Martin Miller (Voestalpine),800.00,1.5192512,"1,215.40"
9298,2pt 23.30 (.917) A UNI Autoflex COIL CC/WISE,False,15-Oct-2025,P23-2466,29-Sep-2025,Completed,FALSE,Bohler (Voestalpine),400.00,1.6536104,661.48
9298,2pt 23.30 (.917) A UNI Autoflex COIL CC/WISE,False,15-May-2026,P23-2861,13-Apr-2026,Completed,FALSE,Martin Miller (Voestalpine),800.00,1.5403451,"1,232.27"
9300,2pt 23.80 (.937) A UNI Autoflex COIL CC/WISE,False,,P23-2467,29-Sep-2025,Completed,FALSE,Martin Miller (Voestalpine),800.00,1.6536551,"1,322.92"
9300,2pt 23.80 (.937) A UNI Autoflex COIL CC/WISE,False,,P23-2693,14-Jan-2026,Credited,FALSE,Bohler (Voestalpine),300.00,1.6139303,484.20
9300,2pt 23.80 (.937) A UNI Autoflex COIL CC/WISE,False,,P23-2729,29-Jan-2026,Completed,FALSE,Martin Miller (Voestalpine),200.00,1.5699603,314.01
9300,2pt 23.80 (.937) A UNI Autoflex COIL CC/WISE,False,,P23-2730,30-Jan-2026,Completed,FALSE,Martin Miller (Voestalpine),300.00,1.5726058,471.80
9300,2pt 23.80 (.937) A UNI Autoflex COIL CC/WISE,False,,P23-2731,30-Jan-2026,Completed,FALSE,Martin Miller (Voestalpine),300.00,1.5719112,471.59
9300,2pt 23.80 (.937) A UNI Autoflex COIL CC/WISE,False,,P23-2863,13-Apr-2026,Completed,FALSE,Martin Miller (Voestalpine),300.00,1.5393357,461.82
9300,2pt 23.80 (.937) A UNI Autoflex COIL CC/WISE,False,,P23-3001,16-Jun-2026,Fully billed,FALSE,Martin Miller (Voestalpine),300.00,1.5194901,455.86
9300,2pt 23.80 (.937) A UNI Autoflex COIL CC/WISE,False,,P23-3002,16-Jun-2026,Completed,FALSE,Martin Miller (Voestalpine),250.00,1.5374296,384.36
9300,2pt 23.80 (.937) A UNI Autoflex COIL CC/WISE,False,,P23-3003,16-Jun-2026,Completed,FALSE,Martin Miller (Voestalpine),898.00,1.5366877,"1,379.93"
9300,2pt 23.80 (.937) A UNI Autoflex COIL CC/WISE,False,,P23-3142,20-Aug-2026,Fully billed,FALSE,Bohler (Voestalpine),300.00,1.5197292,455.94
9300,2pt 23.80 (.937) A UNI Autoflex COIL CC/WISE,False,15-May-2026,P23-2861,13-Apr-2026,Completed,FALSE,Martin Miller (Voestalpine),900.00,1.5403451,"1,386.31"
9300,2pt 23.80 (.937) A UNI Autoflex COIL CC/WISE,False,20-May-2026,P23-2935,06-May-2026,Completed,FALSE,Bohler (Voestalpine),600.00,1.4262160,855.73
943,Grinding Disc 50mmD x 0.5mmT,,22-Dec-2025,P23-2459,22-Sep-2025,Completed,FALSE,JNL Manufacturing,25.00,0.7589400,18.97
948,Grinding Disc 50mmD x 2.0mmT,,30-Sep-2025,P23-2424,16-Sep-2025,Received / credited,FALSE,JNL Manufacturing,25.00,0.5248390,13.12
9587458,Diecutting impression counter (non reset),,29-Apr-2026,P23-2886,15-Apr-2026,Completed,,JAMECO,12.00,38.8053925,465.66
97205,One way roller shaft,,08-Apr-2026,P23-2839,25-Mar-2026,Receiving,FALSE,Hangzhou Youngsun Intelligent Company,5.00,1.4341100,7.17
974,Martin Hoops - 270 mm Diameter with Notches Both Sides (Martin 922 - 924),false,22-Dec-2025,P23-2459,22-Sep-2025,Completed,FALSE,JNL Manufacturing,700.00,6.9063540,"4,834.45"
974,Martin Hoops - 270 mm Diameter with Notches Both Sides (Martin 922 - 924),false,29-Apr-2026,P23-2681,09-Jan-2026,Received / credited,FALSE,JNL Manufacturing,600.00,6.7970630,"4,078.24"
974,Martin Hoops - 270 mm Diameter with Notches Both Sides (Martin 922 - 924),false,30-Jul-2026,P23-2916,30-Apr-2026,Receiving / credited,FALSE,JNL Manufacturing,300.00,6.3854700,"1,915.64"
974,Martin Hoops - 270 mm Diameter with Notches Both Sides (Martin 922 - 924),false,25-Nov-2026,P23-3129,13-Aug-2026,Ordered,FALSE,JNL Manufacturing,400.00,6.4540385,"2,581.62"
975,Martin Hoops - 360mm Diameter (Martin 1228 - 1330),false,29-Jan-2026,P23-2667,29-Dec-2025,Completed,FALSE,JNL Manufacturing,200.00,7.3659960,"1,473.20"
975,Martin Hoops - 360mm Diameter (Martin 1228 - 1330),false,29-Apr-2026,P23-2681,09-Jan-2026,Received / credited,FALSE,JNL Manufacturing,500.00,7.3946070,"3,697.30"
976,Martin Hoops - 486mm Diameter (Martin DRO1624; 1628; 1636),false,22-Dec-2025,P23-2459,22-Sep-2025,Completed,FALSE,JNL Manufacturing,500.00,10.3822992,"5,191.15"
976,Martin Hoops - 486mm Diameter (Martin DRO1624; 1628; 1636),false,29-Apr-2026,P23-2681,09-Jan-2026,Received / credited,FALSE,JNL Manufacturing,400.00,10.2180024,"4,087.20"
976,Martin Hoops - 486mm Diameter (Martin DRO1624; 1628; 1636),false,30-Jul-2026,P23-2916,30-Apr-2026,Receiving / credited,FALSE,JNL Manufacturing,400.00,9.5992560,"3,839.70"
98278,Micro-switch touch block,,11-Aug-2026,P23-3099,30-Jul-2026,Ordered,FALSE,Hangzhou Youngsun Intelligent Company,10.00,2.2564825,22.56
98376,Main Chain Wheel,,26-Jan-2026,P23-2707,20-Jan-2026,Completed,FALSE,Hangzhou Youngsun Intelligent Company,26.00,0.0000000,0.00
98376,Main Chain Wheel,,08-Apr-2026,P23-2839,25-Mar-2026,Receiving,FALSE,Hangzhou Youngsun Intelligent Company,25.00,1.4341100,35.85
990124,Core Locator,,26-Jan-2026,P23-2707,20-Jan-2026,Completed,FALSE,Hangzhou Youngsun Intelligent Company,20.00,9.7617925,195.24
990124,Core Locator,,25-Mar-2026,P23-2813,11-Mar-2026,Completed,FALSE,Hangzhou Youngsun Intelligent Company,20.00,9.1368570,182.74
990124,Core Locator,,08-Apr-2026,P23-2839,25-Mar-2026,Receiving,FALSE,Hangzhou Youngsun Intelligent Company,100.00,1.4341100,143.41
990135,Pre-Stretch Roller,,08-Apr-2026,P23-2839,25-Mar-2026,Receiving,FALSE,Hangzhou Youngsun Intelligent Company,20.00,1.4341100,28.68
990137,Main roller,,08-Apr-2026,P23-2839,25-Mar-2026,Receiving,FALSE,Hangzhou Youngsun Intelligent Company,20.00,1.4341100,28.68
990144,Big Chain Wheel,,08-Apr-2026,P23-2839,25-Mar-2026,Receiving,FALSE,Hangzhou Youngsun Intelligent Company,4.00,1.4341100,5.74
990146,PRE STRETCH ROLLER SPRING,,11-Aug-2026,P23-3099,30-Jul-2026,Ordered,FALSE,Hangzhou Youngsun Intelligent Company,10.00,0.6180175,6.18
998,POWER LOCK,false,22-Dec-2025,P23-2459,22-Sep-2025,Completed,TRUE,JNL Manufacturing,500.00,0.5312580,265.63
998,POWER LOCK,false,29-Apr-2026,P23-2681,09-Jan-2026,Received / credited,TRUE,JNL Manufacturing,"2,200.00",0.5228510,"1,150.27"
99801,Black eye Sensor,,08-Apr-2026,P23-2839,25-Mar-2026,Receiving,FALSE,Hangzhou Youngsun Intelligent Company,5.00,1.4341100,7.17
99802,2000 Series Control panel screen,,08-Apr-2026,P23-2839,25-Mar-2026,Receiving,FALSE,Hangzhou Youngsun Intelligent Company,2.00,1.4341100,2.87
99804,Compressed spring offront roller wheel,,08-Apr-2026,P23-2839,25-Mar-2026,Receiving,FALSE,Hangzhou Youngsun Intelligent Company,50.00,1.4341100,71.70
99805,Washer of front roller wheel,,08-Apr-2026,P23-2839,25-Mar-2026,Receiving,FALSE,Hangzhou Youngsun Intelligent Company,10.00,1.4341100,14.34
99806,Lower tension spring of knife carrier,,08-Apr-2026,P23-2839,25-Mar-2026,Receiving,FALSE,Hangzhou Youngsun Intelligent Company,20.00,1.4341100,28.68
99807,Tension spring of lower taping head ,,25-Mar-2026,P23-2813,11-Mar-2026,Completed,FALSE,Hangzhou Youngsun Intelligent Company,20.00,0.2231904,4.46
999,Laser bed support pin (Copper),,30-Sep-2025,P23-2424,16-Sep-2025,Received / credited,FALSE,JNL Manufacturing,500.00,5.2483900,"2,624.20"
999,Laser bed support pin (Copper),,31-Jan-2026,P23-2703,19-Jan-2026,Completed,FALSE,JNL Manufacturing,200.00,5.2364550,"1,047.29"
A6116619,VH87 PP STRAPPING TAPE 19X66M BLACK (96 rolls),false,,P23-2645,12-Dec-2025,Completed,,Venus Hartung Pty Ltd,20.00,116.1600000,"2,323.20"
ACA00001,"0.80 x 2.60 CITO PLAST plus ""blue"" 105/2-3 (28 m / box)",,30-Oct-2025,P23-2511,16-Oct-2025,Receiving,0.80 x 2.60 mm,CITO-SYSTEM GmbH,2.00,46.0930580,92.19
ACA00001,"0.80 x 2.60 CITO PLAST plus ""blue"" 105/2-3 (28 m / box)",,13-Jan-2026,P23-2418,11-Sep-2025,Completed,0.80 x 2.60 mm,CITO-SYSTEM GmbH,2.00,45.3622612,90.72
ACA00001,"0.80 x 2.60 CITO PLAST plus ""blue"" 105/2-3 (28 m / box)",,26-Feb-2026,P23-2549,07-Nov-2025,Completed,0.80 x 2.60 mm,CITO-SYSTEM GmbH,3.00,45.7222710,137.17
ACA00001,"0.80 x 2.60 CITO PLAST plus ""blue"" 105/2-3 (28 m / box)",,25-May-2026,P23-2682,09-Jan-2026,Completed,0.80 x 2.60 mm,CITO-SYSTEM GmbH,2.00,44.6673884,89.33
ACA00001,"0.80 x 2.60 CITO PLAST plus ""blue"" 105/2-3 (28 m / box)",,13-Aug-2026,P23-2864,13-Apr-2026,Fully billed,0.80 x 2.60 mm,CITO-SYSTEM GmbH,5.00,42.5655778,212.83
ACA00001,"0.80 x 2.60 CITO PLAST plus ""blue"" 105/2-3 (28 m / box)",,25-Nov-2026,P23-3131,13-Aug-2026,Ordered,0.80 x 2.60 mm,CITO-SYSTEM GmbH,4.00,41.9304928,167.72
ACA00005,"0.38 x 0.55 CITO PLAST plus ""mauve"" 20/1-1.5 (28 m / box)",,25-May-2026,P23-2682,09-Jan-2026,Completed,0.38 x 0.55 mm,CITO-SYSTEM GmbH,4.00,44.6673884,178.67
ACA00005,"0.38 x 0.55 CITO PLAST plus ""mauve"" 20/1-1.5 (28 m / box)",,25-Nov-2026,P23-3131,13-Aug-2026,Ordered,0.38 x 0.55 mm,CITO-SYSTEM GmbH,4.00,41.9304928,167.72
ACA00006,"0.38 x 0.8 CITO PLAST plus ""orange"" 32/1.5-2 (28 m / box)",False,25-May-2026,P23-2682,09-Jan-2026,Completed,0.38 x 0.8 mm,CITO-SYSTEM GmbH,2.00,44.6673884,89.33
ACA00006,"0.38 x 0.8 CITO PLAST plus ""orange"" 32/1.5-2 (28 m / box)",False,25-Nov-2026,P23-3131,13-Aug-2026,Ordered,0.38 x 0.8 mm,CITO-SYSTEM GmbH,2.00,41.9304928,83.86
ACA00007,"0.38 x 1.0 CITO PLAST plus ""buff"" 40/2-3 (28 m / box)",False,13-Jan-2026,P23-2418,11-Sep-2025,Completed,0.38 x 1.0 mm,CITO-SYSTEM GmbH,5.00,45.3622612,226.81
ACA00007,"0.38 x 1.0 CITO PLAST plus ""buff"" 40/2-3 (28 m / box)",False,26-Feb-2026,P23-2549,07-Nov-2025,Completed,0.38 x 1.0 mm,CITO-SYSTEM GmbH,7.00,45.7222710,320.06
ACA00007,"0.38 x 1.0 CITO PLAST plus ""buff"" 40/2-3 (28 m / box)",False,25-May-2026,P23-2682,09-Jan-2026,Completed,0.38 x 1.0 mm,CITO-SYSTEM GmbH,15.00,44.6673884,670.01
ACA00007,"0.38 x 1.0 CITO PLAST plus ""buff"" 40/2-3 (28 m / box)",False,13-Aug-2026,P23-2864,13-Apr-2026,Fully billed,0.38 x 1.0 mm,CITO-SYSTEM GmbH,10.00,42.5655778,425.66
ACA00007,"0.38 x 1.0 CITO PLAST plus ""buff"" 40/2-3 (28 m / box)",False,25-Nov-2026,P23-3131,13-Aug-2026,Ordered,0.38 x 1.0 mm,CITO-SYSTEM GmbH,10.00,41.9304928,419.30
ACA00008,"0.38 x 1.20 CITO PLAST plus ""violet"" 45/2-3 (28 m / box)",,25-May-2026,P23-2682,09-Jan-2026,Completed,0.38 x 1.20 mm,CITO-SYSTEM GmbH,1.00,40.6636864,40.66
ACA00009,"0.45 x 1.3 CITO PLAST plus ""white"" 50/2-3 (28 m / box)",False,22-Sep-2025,P23-2409,08-Sep-2025,Completed,0.45 x 1.3 mm,CITO-SYSTEM GmbH,12.00,45.7946322,549.54
ACA00009,"0.45 x 1.3 CITO PLAST plus ""white"" 50/2-3 (28 m / box)",False,13-Jan-2026,P23-2418,11-Sep-2025,Completed,0.45 x 1.3 mm,CITO-SYSTEM GmbH,140.00,45.3622612,"6,350.72"
ACA00009,"0.45 x 1.3 CITO PLAST plus ""white"" 50/2-3 (28 m / box)",False,25-Nov-2026,P23-3131,13-Aug-2026,Ordered,0.45 x 1.3 mm,CITO-SYSTEM GmbH,20.00,41.9304928,838.61
ACA00010,"0.45 x 1.4 CITO PLAST plus ""light blue"" 55/2-3 (28 m / box)",,26-Feb-2026,P23-2549,07-Nov-2025,Completed,0.45 x 1.4 mm,CITO-SYSTEM GmbH,1.00,44.9560755,44.96
ACA00011,"0.45 x 1.5 CITO PLAST plus ""lime"" 57/2-3 (28 m / box)",,14-Jan-2026,P23-2671,30-Dec-2025,Completed,0.45 x 1.5 mm,CITO-SYSTEM GmbH,1.00,45.1028386,45.10
ACA00011,"0.45 x 1.5 CITO PLAST plus ""lime"" 57/2-3 (28 m / box)",,20-May-2026,P23-2938,08-May-2026,Fully billed,0.45 x 1.5 mm,CITO-SYSTEM GmbH,1.00,41.0048052,41.00
ACA00011,"0.45 x 1.5 CITO PLAST plus ""lime"" 57/2-3 (28 m / box)",,25-May-2026,P23-2682,09-Jan-2026,Completed,0.45 x 1.5 mm,CITO-SYSTEM GmbH,2.00,44.6673884,89.33
ACA00011,"0.45 x 1.5 CITO PLAST plus ""lime"" 57/2-3 (28 m / box)",,25-Nov-2026,P23-3131,13-Aug-2026,Ordered,0.45 x 1.5 mm,CITO-SYSTEM GmbH,2.00,41.9304928,83.86
ACA00012,"0.50 x 1.6 CITO PLAST plus ""yellow"" 60/2-3 (28 m / box)",,22-Sep-2025,P23-2409,08-Sep-2025,Completed,0.50 x 1.6 mm,CITO-SYSTEM GmbH,4.00,45.7946322,183.18
ACA00012,"0.50 x 1.6 CITO PLAST plus ""yellow"" 60/2-3 (28 m / box)",,30-Oct-2025,P23-2511,16-Oct-2025,Receiving,0.50 x 1.6 mm,CITO-SYSTEM GmbH,12.00,46.0930580,553.12
ACA00012,"0.50 x 1.6 CITO PLAST plus ""yellow"" 60/2-3 (28 m / box)",,13-Jan-2026,P23-2418,11-Sep-2025,Completed,0.50 x 1.6 mm,CITO-SYSTEM GmbH,45.00,45.3622612,"2,041.30"
ACA00012,"0.50 x 1.6 CITO PLAST plus ""yellow"" 60/2-3 (28 m / box)",,25-May-2026,P23-2682,09-Jan-2026,Completed,0.50 x 1.6 mm,CITO-SYSTEM GmbH,22.00,44.6673884,982.68
ACA00012,"0.50 x 1.6 CITO PLAST plus ""yellow"" 60/2-3 (28 m / box)",,13-Aug-2026,P23-2864,13-Apr-2026,Fully billed,0.50 x 1.6 mm,CITO-SYSTEM GmbH,10.00,42.5655778,425.66
ACA00012,"0.50 x 1.6 CITO PLAST plus ""yellow"" 60/2-3 (28 m / box)",,21-Oct-2026,P23-3010,17-Jun-2026,Ordered,0.50 x 1.6 mm,CITO-SYSTEM GmbH,10.00,42.2163452,422.16
ACA00012,"0.50 x 1.6 CITO PLAST plus ""yellow"" 60/2-3 (28 m / box)",,25-Nov-2026,P23-3131,13-Aug-2026,Ordered,0.50 x 1.6 mm,CITO-SYSTEM GmbH,24.00,41.9304928,"1,006.33"
ACA00015,"0.60 x 2.0 CITO PLAST plus ""green"" 75/2-3 (28 m / box)",False,13-Jan-2026,P23-2418,11-Sep-2025,Completed,0.60 x 2.0 mm,CITO-SYSTEM GmbH,5.00,45.3622612,226.81
ACA00015,"0.60 x 2.0 CITO PLAST plus ""green"" 75/2-3 (28 m / box)",False,25-May-2026,P23-2682,09-Jan-2026,Completed,0.60 x 2.0 mm,CITO-SYSTEM GmbH,2.00,44.6673884,89.33
ACA00017,"0.7 x 2.3 CITO PLAST plus ""red"" 90/2-3 (28 m / box)",False,13-Jan-2026,P23-2418,11-Sep-2025,Completed,0.7 x 2.3 mm,CITO-SYSTEM GmbH,4.00,45.3622612,181.45
ACA00017,"0.7 x 2.3 CITO PLAST plus ""red"" 90/2-3 (28 m / box)",False,24-Feb-2026,P23-2758,10-Feb-2026,Completed,0.7 x 2.3 mm,CITO-SYSTEM GmbH,2.00,43.1932214,86.39
ACA00017,"0.7 x 2.3 CITO PLAST plus ""red"" 90/2-3 (28 m / box)",False,20-May-2026,P23-2938,08-May-2026,Fully billed,0.7 x 2.3 mm,CITO-SYSTEM GmbH,2.00,41.7036584,83.41
ACA00017,"0.7 x 2.3 CITO PLAST plus ""red"" 90/2-3 (28 m / box)",False,25-May-2026,P23-2682,09-Jan-2026,Completed,0.7 x 2.3 mm,CITO-SYSTEM GmbH,10.00,44.6673884,446.67
ACA00017,"0.7 x 2.3 CITO PLAST plus ""red"" 90/2-3 (28 m / box)",False,21-Oct-2026,P23-3010,17-Jun-2026,Ordered,0.7 x 2.3 mm,CITO-SYSTEM GmbH,5.00,42.2163452,211.08
ACA01003,"1.50 x 5.00 CITO PLAST plus ""black"" 200/4 (14 m / box)",,27-Nov-2025,P23-2557,13-Nov-2025,Completed,1.50 x 5.00 mm,CITO-SYSTEM GmbH,1.00,45.3743214,45.37
ACA01003,"1.50 x 5.00 CITO PLAST plus ""black"" 200/4 (14 m / box)",,26-Feb-2026,P23-2549,07-Nov-2025,Completed,1.50 x 5.00 mm,CITO-SYSTEM GmbH,2.00,45.7222710,91.44
ACA01003,"1.50 x 5.00 CITO PLAST plus ""black"" 200/4 (14 m / box)",,15-Apr-2026,P23-2849,01-Apr-2026,Completed,1.50 x 5.00 mm,CITO-SYSTEM GmbH,1.00,42.1247649,42.12
ACA01003,"1.50 x 5.00 CITO PLAST plus ""black"" 200/4 (14 m / box)",,20-May-2026,P23-2938,08-May-2026,Fully billed,1.50 x 5.00 mm,CITO-SYSTEM GmbH,3.00,41.0048052,123.01
ACA01003,"1.50 x 5.00 CITO PLAST plus ""black"" 200/4 (14 m / box)",,28-Jul-2026,P23-3066,14-Jul-2026,Fully billed,1.50 x 5.00 mm,CITO-SYSTEM GmbH,2.00,42.1552744,84.31
ACA01003,"1.50 x 5.00 CITO PLAST plus ""black"" 200/4 (14 m / box)",,21-Oct-2026,P23-3010,17-Jun-2026,Ordered,1.50 x 5.00 mm,CITO-SYSTEM GmbH,4.00,42.2163452,168.87
ACB00001,"0.38 x 1.0 CITO PLAST off-center ""buff"" 40/2-3 (28 m / box)",False,25-May-2026,P23-2682,09-Jan-2026,Completed,0.38 x 1.0 mm,CITO-SYSTEM GmbH,3.00,44.6673884,134.00
ACB00001,"0.38 x 1.0 CITO PLAST off-center ""buff"" 40/2-3 (28 m / box)",False,25-Nov-2026,P23-3131,13-Aug-2026,Ordered,0.38 x 1.0 mm,CITO-SYSTEM GmbH,5.00,41.9304928,209.65
ACB00002,"0.45 x 1.3 CITO PLAST off-center ""white"" 50/2-3 (28 m / box)",False,13-Jan-2026,P23-2418,11-Sep-2025,Completed,0.45 x 1.3 mm,CITO-SYSTEM GmbH,25.00,45.3622612,"1,134.06"
ACB00002,"0.45 x 1.3 CITO PLAST off-center ""white"" 50/2-3 (28 m / box)",False,24-Feb-2026,P23-2758,10-Feb-2026,Completed,0.45 x 1.3 mm,CITO-SYSTEM GmbH,10.00,43.1932214,431.93
ACB00002,"0.45 x 1.3 CITO PLAST off-center ""white"" 50/2-3 (28 m / box)",False,26-Feb-2026,P23-2549,07-Nov-2025,Completed,0.45 x 1.3 mm,CITO-SYSTEM GmbH,1.00,45.7222710,45.72
ACB00002,"0.45 x 1.3 CITO PLAST off-center ""white"" 50/2-3 (28 m / box)",False,20-May-2026,P23-2938,08-May-2026,Fully billed,0.45 x 1.3 mm,CITO-SYSTEM GmbH,10.00,41.7036584,417.04
ACB00002,"0.45 x 1.3 CITO PLAST off-center ""white"" 50/2-3 (28 m / box)",False,25-May-2026,P23-2682,09-Jan-2026,Completed,0.45 x 1.3 mm,CITO-SYSTEM GmbH,30.00,44.6673884,"1,340.02"
ACB00002,"0.45 x 1.3 CITO PLAST off-center ""white"" 50/2-3 (28 m / box)",False,13-Aug-2026,P23-2864,13-Apr-2026,Fully billed,0.45 x 1.3 mm,CITO-SYSTEM GmbH,20.00,42.5655778,851.31
ACB00002,"0.45 x 1.3 CITO PLAST off-center ""white"" 50/2-3 (28 m / box)",False,25-Nov-2026,P23-3131,13-Aug-2026,Ordered,0.45 x 1.3 mm,CITO-SYSTEM GmbH,10.00,41.9304928,419.30
ACB00003,"0.50 x 1.6 CITO PLAST off-center ""yellow"" 60/2-3 (28 m / box)",,13-Jan-2026,P23-2418,11-Sep-2025,Completed,0.50 x 1.6 mm,CITO-SYSTEM GmbH,10.00,45.3622612,453.62
ACB00003,"0.50 x 1.6 CITO PLAST off-center ""yellow"" 60/2-3 (28 m / box)",,24-Feb-2026,P23-2758,10-Feb-2026,Completed,0.50 x 1.6 mm,CITO-SYSTEM GmbH,8.00,43.1932214,345.55
ACB00003,"0.50 x 1.6 CITO PLAST off-center ""yellow"" 60/2-3 (28 m / box)",,20-May-2026,P23-2938,08-May-2026,Fully billed,0.50 x 1.6 mm,CITO-SYSTEM GmbH,8.00,41.7036584,333.63
ACB00003,"0.50 x 1.6 CITO PLAST off-center ""yellow"" 60/2-3 (28 m / box)",,25-May-2026,P23-2682,09-Jan-2026,Completed,0.50 x 1.6 mm,CITO-SYSTEM GmbH,10.00,44.6673884,446.67
ACB00003,"0.50 x 1.6 CITO PLAST off-center ""yellow"" 60/2-3 (28 m / box)",,13-Aug-2026,P23-2864,13-Apr-2026,Fully billed,0.50 x 1.6 mm,CITO-SYSTEM GmbH,15.00,42.5655778,638.48
ACB00003,"0.50 x 1.6 CITO PLAST off-center ""yellow"" 60/2-3 (28 m / box)",,21-Oct-2026,P23-3010,17-Jun-2026,Ordered,0.50 x 1.6 mm,CITO-SYSTEM GmbH,3.00,42.2163452,126.65
ACC01003,"0.45 x 1.3 CITO PLAST double crease ""white"" 4 mm (14 m / box)",,24-Feb-2026,P23-2758,10-Feb-2026,Completed,0.45 x 1.3 mm,CITO-SYSTEM GmbH,2.00,43.1932214,86.39
ACC01003,"0.45 x 1.3 CITO PLAST double crease ""white"" 4 mm (14 m / box)",,26-Feb-2026,P23-2549,07-Nov-2025,Completed,0.45 x 1.3 mm,CITO-SYSTEM GmbH,1.00,45.7222710,45.72
ACC01003,"0.45 x 1.3 CITO PLAST double crease ""white"" 4 mm (14 m / box)",,25-May-2026,P23-2682,09-Jan-2026,Completed,0.45 x 1.3 mm,CITO-SYSTEM GmbH,5.00,44.6673884,223.34
ACC01003,"0.45 x 1.3 CITO PLAST double crease ""white"" 4 mm (14 m / box)",,21-Oct-2026,P23-3010,17-Jun-2026,Ordered,0.45 x 1.3 mm,CITO-SYSTEM GmbH,1.00,42.2163452,42.22
ACC01003,"0.45 x 1.3 CITO PLAST double crease ""white"" 4 mm (14 m / box)",,25-Nov-2026,P23-3131,13-Aug-2026,Ordered,0.45 x 1.3 mm,CITO-SYSTEM GmbH,7.00,41.9304928,293.51
ACC01004,"0.45 x 1.3 CITO PLAST double crease ""white"" 5 mm (14 m / box)",,13-Jan-2026,P23-2418,11-Sep-2025,Completed,0.45 x 1.3 mm,CITO-SYSTEM GmbH,10.00,45.3622612,453.62
ACC01004,"0.45 x 1.3 CITO PLAST double crease ""white"" 5 mm (14 m / box)",,20-May-2026,P23-2938,08-May-2026,Fully billed,0.45 x 1.3 mm,CITO-SYSTEM GmbH,9.00,41.7036584,375.33
ACC01004,"0.45 x 1.3 CITO PLAST double crease ""white"" 5 mm (14 m / box)",,25-May-2026,P23-2682,09-Jan-2026,Completed,0.45 x 1.3 mm,CITO-SYSTEM GmbH,18.00,44.6673884,804.01
ACC01004,"0.45 x 1.3 CITO PLAST double crease ""white"" 5 mm (14 m / box)",,13-Aug-2026,P23-2864,13-Apr-2026,Fully billed,0.45 x 1.3 mm,CITO-SYSTEM GmbH,4.00,42.5655778,170.26
ACC01004,"0.45 x 1.3 CITO PLAST double crease ""white"" 5 mm (14 m / box)",,21-Oct-2026,P23-3010,17-Jun-2026,Ordered,0.45 x 1.3 mm,CITO-SYSTEM GmbH,10.00,42.2163452,422.16
ACC01004,"0.45 x 1.3 CITO PLAST double crease ""white"" 5 mm (14 m / box)",,25-Nov-2026,P23-3131,13-Aug-2026,Ordered,0.45 x 1.3 mm,CITO-SYSTEM GmbH,2.00,41.9304928,83.86
ADC00005,CITO Cutting Plates - AC 3 cutting plate (10 pcs.),false,15-Apr-2026,P23-2849,01-Apr-2026,Completed,FALSE,CITO-SYSTEM GmbH,1.00,82.5965961,82.60
AFA16224,1.6 x 5.0 mm CITO BASIC 4-6 pt. (28 m/box),,30-Oct-2025,P23-2511,16-Oct-2025,Receiving,1.6 x 5.0 mm,CITO-SYSTEM GmbH,2.00,41.2789740,82.56
AFFILATURA385MATRICE,SHARPENING 385 FEMALE TOOL ROTAX PLUS-ROTANEXT-ROTAPRO,,29-Oct-2025,P23-2475,06-Oct-2025,Completed,FALSE,SERVIFORM s.r.l. (ProForm Euro),7.00,177.5440000,"1,242.81"
AFFILATURA385PUNZONE,SHARPENING 385 MALE TOOL ROTAX PLUS-ROTANEXT-ROTAPRO,,29-Oct-2025,P23-2475,06-Oct-2025,Completed,FALSE,SERVIFORM s.r.l. (ProForm Euro),23.00,44.3860000,"1,020.88"
AFFILATURA700PONTI_P,SHARPENING 700 BRIDGE MALE TOOL IDEA-ECOPLUS-ECOGIANT-LINEA  MACHINE,,29-Oct-2025,P23-2475,06-Oct-2025,Completed,FALSE,SERVIFORM s.r.l. (ProForm Euro),2.00,49.7123200,99.42
AFFILATURA700TAGLIO_M,SHARPENING 700 CUTTING FEMALE TOOL IDEA/ECOPLUS/ECOGIANT/LINEA MACHINE,,29-Oct-2025,P23-2475,06-Oct-2025,Completed,FALSE,SERVIFORM s.r.l. (ProForm Euro),1.00,310.7020000,310.70
AFFILATURA700TAGLIO_P,SHARPENING 700 CUTTING MALE TOOL IDEA/ECOPLUS/ECOGIANT/LINEA MACHINE,,29-Oct-2025,P23-2475,06-Oct-2025,Completed,,SERVIFORM s.r.l. (ProForm Euro),4.00,62.1404000,248.56
AFFILATURAMATRICETTE,SHARPENING FEMALE TOOL MODULAR CARTRIDGE,False,29-Oct-2025,P23-2475,06-Oct-2025,Completed,FALSE,SERVIFORM s.r.l. (ProForm Euro),4.00,106.5264000,426.11
AGA03081,0.3 x 1.4 mm CITO DYNAMIC (35 m / box),,13-Jan-2026,P23-2418,11-Sep-2025,Completed,0.3 x 1.4 mm,CITO-SYSTEM GmbH,1.00,51.4789184,51.48
AGA04031,0.4 x 0.8 mm CITO DYNAMIC (35 m / box),,13-Jan-2026,P23-2418,11-Sep-2025,Completed,0.4 x 0.8 mm,CITO-SYSTEM GmbH,1.00,50.6126866,50.61
AGA04031,0.4 x 0.8 mm CITO DYNAMIC (35 m / box),,28-Jul-2026,P23-3066,14-Jul-2026,Fully billed,0.4 x 0.8 mm,CITO-SYSTEM GmbH,1.00,47.0345092,47.03
AGA04031,0.4 x 0.8 mm CITO DYNAMIC (35 m / box),,21-Oct-2026,P23-3010,17-Jun-2026,Ordered,0.4 x 0.8 mm,CITO-SYSTEM GmbH,2.00,47.1026486,94.21
AGA04041,0.4 x 1.0 mm CITO DYNAMIC (35 m / box),False,14-Jan-2026,P23-2671,30-Dec-2025,Completed,0.4 x 1.0 mm,CITO-SYSTEM GmbH,1.00,51.1845152,51.18
AGA04041,0.4 x 1.0 mm CITO DYNAMIC (35 m / box),False,20-May-2026,P23-2938,08-May-2026,Fully billed,0.4 x 1.0 mm,CITO-SYSTEM GmbH,2.00,47.3269888,94.65
AGA04041,0.4 x 1.0 mm CITO DYNAMIC (35 m / box),False,25-May-2026,P23-2682,09-Jan-2026,Completed,0.4 x 1.0 mm,CITO-SYSTEM GmbH,5.00,50.6903488,253.45
AGA04071,0.4 x 1.3 mm CITO DYNAMIC (35 m / box),,13-Jan-2026,P23-2418,11-Sep-2025,Completed,0.4 x 1.3 mm,CITO-SYSTEM GmbH,8.00,51.4789184,411.83
AGA04071,0.4 x 1.3 mm CITO DYNAMIC (35 m / box),,25-May-2026,P23-2682,09-Jan-2026,Completed,0.4 x 1.3 mm,CITO-SYSTEM GmbH,5.00,50.6903488,253.45
AGA04071,0.4 x 1.3 mm CITO DYNAMIC (35 m / box),,21-Oct-2026,P23-3010,17-Jun-2026,Ordered,0.4 x 1.3 mm,CITO-SYSTEM GmbH,4.00,47.9088064,191.64
AGA04091,0.4 x 1.5 mm CITO DYNAMIC (35 m / box),,22-Sep-2025,P23-2409,08-Sep-2025,Completed,0.4 x 1.5 mm,CITO-SYSTEM GmbH,16.00,51.9695904,831.51
AGA04091,0.4 x 1.5 mm CITO DYNAMIC (35 m / box),,13-Jan-2026,P23-2418,11-Sep-2025,Completed,0.4 x 1.5 mm,CITO-SYSTEM GmbH,32.00,51.4789184,"1,647.33"
AGA04091,0.4 x 1.5 mm CITO DYNAMIC (35 m / box),,21-Oct-2026,P23-3010,17-Jun-2026,Ordered,0.4 x 1.5 mm,CITO-SYSTEM GmbH,15.00,47.9088064,718.63
AGA04091,0.4 x 1.5 mm CITO DYNAMIC (35 m / box),,25-Nov-2026,P23-3131,13-Aug-2026,Ordered,0.4 x 1.5 mm,CITO-SYSTEM GmbH,15.00,47.5844096,713.77
AGA04121,0.4 x 1.9 mm CITO DYNAMIC (35 m / box),,21-Oct-2026,P23-3010,17-Jun-2026,Ordered,0.4 x 1.9 mm,CITO-SYSTEM GmbH,1.00,47.1026486,47.10
AGA05041,0.5 x 1.0 mm CITO DYNAMIC (35 m / box),,25-May-2026,P23-2682,09-Jan-2026,Completed,0.5 x 1.0 mm,CITO-SYSTEM GmbH,2.00,50.6903488,101.38
AGA05041,0.5 x 1.0 mm CITO DYNAMIC (35 m / box),,13-Aug-2026,P23-2864,13-Apr-2026,Fully billed,0.5 x 1.0 mm,CITO-SYSTEM GmbH,3.00,48.3051296,144.92
AGA05041,0.5 x 1.0 mm CITO DYNAMIC (35 m / box),,25-Nov-2026,P23-3131,13-Aug-2026,Ordered,0.5 x 1.0 mm,CITO-SYSTEM GmbH,1.00,47.5844096,47.58
AGA05061,0.5 x 1.2 mm CITO DYNAMIC (35 m / box),False,22-Sep-2025,P23-2422,15-Sep-2025,Completed,0.5 x 1.2 mm,CITO-SYSTEM GmbH,1.00,50.4048328,50.40
AGA05071,0.5 x 1.3 mm CITO DYNAMIC (35 m / box),,27-Nov-2025,P23-2557,13-Nov-2025,Completed,0.5 x 1.3 mm,CITO-SYSTEM GmbH,3.00,51.4926048,154.48
AGA05071,0.5 x 1.3 mm CITO DYNAMIC (35 m / box),,13-Jan-2026,P23-2418,11-Sep-2025,Completed,0.5 x 1.3 mm,CITO-SYSTEM GmbH,3.00,51.4789184,154.44
AGA05071,0.5 x 1.3 mm CITO DYNAMIC (35 m / box),,14-Jan-2026,P23-2671,30-Dec-2025,Completed,0.5 x 1.3 mm,CITO-SYSTEM GmbH,1.00,51.1845152,51.18
AGA05071,0.5 x 1.3 mm CITO DYNAMIC (35 m / box),,24-Feb-2026,P23-2758,10-Feb-2026,Completed,0.5 x 1.3 mm,CITO-SYSTEM GmbH,2.00,49.0174048,98.03
AGA05071,0.5 x 1.3 mm CITO DYNAMIC (35 m / box),,26-Feb-2026,P23-2549,07-Nov-2025,Completed,0.5 x 1.3 mm,CITO-SYSTEM GmbH,2.00,51.8874720,103.77
AGA05071,0.5 x 1.3 mm CITO DYNAMIC (35 m / box),,20-May-2026,P23-2938,08-May-2026,Fully billed,0.5 x 1.3 mm,CITO-SYSTEM GmbH,6.00,47.3269888,283.96
AGA05071,0.5 x 1.3 mm CITO DYNAMIC (35 m / box),,25-May-2026,P23-2682,09-Jan-2026,Completed,0.5 x 1.3 mm,CITO-SYSTEM GmbH,12.00,50.6903488,608.28
AGA05071,0.5 x 1.3 mm CITO DYNAMIC (35 m / box),,21-Oct-2026,P23-3010,17-Jun-2026,Ordered,0.5 x 1.3 mm,CITO-SYSTEM GmbH,8.00,47.9088064,383.27
AGA05081,0.5 x 1.4 mm CITO DYNAMIC (35 m / box),,14-Jan-2026,P23-2671,30-Dec-2025,Completed,0.5 x 1.4 mm,CITO-SYSTEM GmbH,1.00,51.1845152,51.18
AGA05081,0.5 x 1.4 mm CITO DYNAMIC (35 m / box),,15-Apr-2026,P23-2849,01-Apr-2026,Completed,0.5 x 1.4 mm,CITO-SYSTEM GmbH,1.00,47.8015069,47.80
AGA05081,0.5 x 1.4 mm CITO DYNAMIC (35 m / box),,20-May-2026,P23-2938,08-May-2026,Fully billed,0.5 x 1.4 mm,CITO-SYSTEM GmbH,2.00,46.9288050,93.86
AGA05081,0.5 x 1.4 mm CITO DYNAMIC (35 m / box),,25-May-2026,P23-2682,09-Jan-2026,Completed,0.5 x 1.4 mm,CITO-SYSTEM GmbH,1.00,50.6903488,50.69
AGA05091,0.5 x 1.5 mm CITO DYNAMIC (35 m / box),,22-Sep-2025,P23-2409,08-Sep-2025,Completed,0.5 x 1.5 mm,CITO-SYSTEM GmbH,4.00,51.9695904,207.88
AGA05091,0.5 x 1.5 mm CITO DYNAMIC (35 m / box),,30-Oct-2025,P23-2511,16-Oct-2025,Receiving,0.5 x 1.5 mm,CITO-SYSTEM GmbH,20.00,52.3082560,"1,046.17"
AGA05091,0.5 x 1.5 mm CITO DYNAMIC (35 m / box),,13-Jan-2026,P23-2418,11-Sep-2025,Completed,0.5 x 1.5 mm,CITO-SYSTEM GmbH,26.00,51.4789184,"1,338.45"
AGA05091,0.5 x 1.5 mm CITO DYNAMIC (35 m / box),,20-May-2026,P23-2938,08-May-2026,Fully billed,0.5 x 1.5 mm,CITO-SYSTEM GmbH,10.00,47.3269888,473.27
AGA05091,0.5 x 1.5 mm CITO DYNAMIC (35 m / box),,25-May-2026,P23-2682,09-Jan-2026,Completed,0.5 x 1.5 mm,CITO-SYSTEM GmbH,10.00,50.6903488,506.90
AGA05091,0.5 x 1.5 mm CITO DYNAMIC (35 m / box),,13-Aug-2026,P23-2864,13-Apr-2026,Fully billed,0.5 x 1.5 mm,CITO-SYSTEM GmbH,16.00,48.3051296,772.88
AGA05091,0.5 x 1.5 mm CITO DYNAMIC (35 m / box),,21-Oct-2026,P23-3010,17-Jun-2026,Ordered,0.5 x 1.5 mm,CITO-SYSTEM GmbH,12.00,47.9088064,574.91
AGA05101,0.5 x 1.6 mm CITO DYNAMIC (35 m / box),,27-Nov-2025,P23-2557,13-Nov-2025,Completed,0.5 x 1.6 mm,CITO-SYSTEM GmbH,1.00,51.4926048,51.49
AGA05101,0.5 x 1.6 mm CITO DYNAMIC (35 m / box),,13-Jan-2026,P23-2418,11-Sep-2025,Completed,0.5 x 1.6 mm,CITO-SYSTEM GmbH,1.00,51.4789184,51.48
AGA05101,0.5 x 1.6 mm CITO DYNAMIC (35 m / box),,26-Feb-2026,P23-2549,07-Nov-2025,Completed,0.5 x 1.6 mm,CITO-SYSTEM GmbH,1.00,51.8874720,51.89
AGA05101,0.5 x 1.6 mm CITO DYNAMIC (35 m / box),,25-May-2026,P23-2682,09-Jan-2026,Completed,0.5 x 1.6 mm,CITO-SYSTEM GmbH,2.00,50.6903488,101.38
AGA05101,0.5 x 1.6 mm CITO DYNAMIC (35 m / box),,25-Nov-2026,P23-3131,13-Aug-2026,Ordered,0.5 x 1.6 mm,CITO-SYSTEM GmbH,4.00,47.5844096,190.34
AGA05111,0.5 x 1.7 mm CITO DYNAMIC (35 m / box),,30-Oct-2025,P23-2511,16-Oct-2025,Receiving,0.5 x 1.7 mm,CITO-SYSTEM GmbH,5.00,52.3082560,261.54
AGA05111,0.5 x 1.7 mm CITO DYNAMIC (35 m / box),,13-Jan-2026,P23-2418,11-Sep-2025,Completed,0.5 x 1.7 mm,CITO-SYSTEM GmbH,6.00,51.4789184,308.87
AGA05111,0.5 x 1.7 mm CITO DYNAMIC (35 m / box),,14-Jan-2026,P23-2671,30-Dec-2025,Completed,0.5 x 1.7 mm,CITO-SYSTEM GmbH,2.00,51.1845152,102.37
AGA05111,0.5 x 1.7 mm CITO DYNAMIC (35 m / box),,26-Feb-2026,P23-2549,07-Nov-2025,Completed,0.5 x 1.7 mm,CITO-SYSTEM GmbH,3.00,51.8874720,155.66
AGA05111,0.5 x 1.7 mm CITO DYNAMIC (35 m / box),,20-May-2026,P23-2938,08-May-2026,Fully billed,0.5 x 1.7 mm,CITO-SYSTEM GmbH,3.00,47.3269888,141.98
AGA05111,0.5 x 1.7 mm CITO DYNAMIC (35 m / box),,25-May-2026,P23-2682,09-Jan-2026,Completed,0.5 x 1.7 mm,CITO-SYSTEM GmbH,12.00,50.6903488,608.28
AGA05121,0.5 x 1.9 mm CITO DYNAMIC (35 m / box),,26-Feb-2026,P23-2549,07-Nov-2025,Completed,0.5 x 1.9 mm,CITO-SYSTEM GmbH,2.00,51.8874720,103.77
AGA05121,0.5 x 1.9 mm CITO DYNAMIC (35 m / box),,25-May-2026,P23-2682,09-Jan-2026,Completed,0.5 x 1.9 mm,CITO-SYSTEM GmbH,3.00,50.6903488,152.07
AGA05131,0.5 x 2.1 mm CITO DYNAMIC (35 m / box),,22-Sep-2025,P23-2409,08-Sep-2025,Completed,0.5 x 2.1 mm,CITO-SYSTEM GmbH,1.00,48.4359438,48.44
AGA05131,0.5 x 2.1 mm CITO DYNAMIC (35 m / box),,24-Feb-2026,P23-2758,10-Feb-2026,Completed,0.5 x 2.1 mm,CITO-SYSTEM GmbH,1.00,45.6844906,45.68
AGA05131,0.5 x 2.1 mm CITO DYNAMIC (35 m / box),,15-Apr-2026,P23-2849,01-Apr-2026,Completed,0.5 x 2.1 mm,CITO-SYSTEM GmbH,1.00,45.3137582,45.31
AGA05131,0.5 x 2.1 mm CITO DYNAMIC (35 m / box),,21-Oct-2026,P23-3010,17-Jun-2026,Ordered,0.5 x 2.1 mm,CITO-SYSTEM GmbH,2.00,44.6512708,89.30
AGA06071,0.6 x 1.3 mm CITO DYNAMIC (35 m / box),,14-Jan-2026,P23-2671,30-Dec-2025,Completed,0.6 x 1.3 mm,CITO-SYSTEM GmbH,1.00,50.3232373,50.32
AGA06071,0.6 x 1.3 mm CITO DYNAMIC (35 m / box),,21-Oct-2026,P23-3010,17-Jun-2026,Ordered,0.6 x 1.3 mm,CITO-SYSTEM GmbH,1.00,47.1026486,47.10
AGA06081,0.6 x 1.4 mm CITO DYNAMIC (35 m / box),,15-Apr-2026,P23-2849,01-Apr-2026,Completed,0.6 x 1.4 mm,CITO-SYSTEM GmbH,1.00,47.8015069,47.80
AGA06091,0.6 x 1.5 mm CITO DYNAMIC (35 m / box),,27-Nov-2025,P23-2557,13-Nov-2025,Completed,0.6 x 1.5 mm,CITO-SYSTEM GmbH,3.00,51.4926048,154.48
AGA06091,0.6 x 1.5 mm CITO DYNAMIC (35 m / box),,14-Jan-2026,P23-2671,30-Dec-2025,Completed,0.6 x 1.5 mm,CITO-SYSTEM GmbH,2.00,51.1845152,102.37
AGA06091,0.6 x 1.5 mm CITO DYNAMIC (35 m / box),,25-May-2026,P23-2682,09-Jan-2026,Completed,0.6 x 1.5 mm,CITO-SYSTEM GmbH,2.00,50.6903488,101.38
AGA06111,0.6 x 1.7 mm CITO DYNAMIC (35 m / box),,15-Apr-2026,P23-2849,01-Apr-2026,Completed,0.6 x 1.7 mm,CITO-SYSTEM GmbH,1.00,48.6196256,48.62
AGA06111,0.6 x 1.7 mm CITO DYNAMIC (35 m / box),,13-Aug-2026,P23-2864,13-Apr-2026,Fully billed,0.6 x 1.7 mm,CITO-SYSTEM GmbH,5.00,48.3051296,241.53
AGA06121,0.6 x 1.9 mm CITO DYNAMIC (35 m / box),,25-Nov-2026,P23-3131,13-Aug-2026,Ordered,0.6 x 1.9 mm,CITO-SYSTEM GmbH,3.00,47.5844096,142.75
AGA06151,0.6 x 2.5 mm CITO DYNAMIC (35 m / box),False,22-Sep-2025,P23-2409,08-Sep-2025,Completed,0.6 x 2.5 mm,CITO-SYSTEM GmbH,2.00,51.9695904,103.94
AGA06151,0.6 x 2.5 mm CITO DYNAMIC (35 m / box),False,30-Oct-2025,P23-2511,16-Oct-2025,Receiving,0.6 x 2.5 mm,CITO-SYSTEM GmbH,4.00,52.3082560,209.23
AGA06151,0.6 x 2.5 mm CITO DYNAMIC (35 m / box),False,13-Jan-2026,P23-2418,11-Sep-2025,Completed,0.6 x 2.5 mm,CITO-SYSTEM GmbH,10.00,51.4789184,514.79
AGA06151,0.6 x 2.5 mm CITO DYNAMIC (35 m / box),False,20-May-2026,P23-2938,08-May-2026,Fully billed,0.6 x 2.5 mm,CITO-SYSTEM GmbH,4.00,47.3269888,189.31
AGA06151,0.6 x 2.5 mm CITO DYNAMIC (35 m / box),False,13-Aug-2026,P23-2864,13-Apr-2026,Fully billed,0.6 x 2.5 mm,CITO-SYSTEM GmbH,5.00,48.3051296,241.53
AGA06151,0.6 x 2.5 mm CITO DYNAMIC (35 m / box),False,21-Oct-2026,P23-3010,17-Jun-2026,Ordered,0.6 x 2.5 mm,CITO-SYSTEM GmbH,6.00,47.9088064,287.45
AGA06151,0.6 x 2.5 mm CITO DYNAMIC (35 m / box),False,25-Nov-2026,P23-3131,13-Aug-2026,Ordered,0.6 x 2.5 mm,CITO-SYSTEM GmbH,3.00,47.5844096,142.75
AGA06161,0.6 x 2.7 mm CITO DYNAMIC (35 m / box),False,13-Jan-2026,P23-2418,11-Sep-2025,Completed,0.6 x 2.7 mm,CITO-SYSTEM GmbH,16.00,51.4789184,823.66
AGA06161,0.6 x 2.7 mm CITO DYNAMIC (35 m / box),False,24-Feb-2026,P23-2758,10-Feb-2026,Completed,0.6 x 2.7 mm,CITO-SYSTEM GmbH,20.00,49.0174048,980.35
AGA06161,0.6 x 2.7 mm CITO DYNAMIC (35 m / box),False,26-Feb-2026,P23-2549,07-Nov-2025,Completed,0.6 x 2.7 mm,CITO-SYSTEM GmbH,8.00,51.8874720,415.10
AGA06161,0.6 x 2.7 mm CITO DYNAMIC (35 m / box),False,20-May-2026,P23-2938,08-May-2026,Fully billed,0.6 x 2.7 mm,CITO-SYSTEM GmbH,10.00,47.3269888,473.27
AGA06161,0.6 x 2.7 mm CITO DYNAMIC (35 m / box),False,25-May-2026,P23-2682,09-Jan-2026,Completed,0.6 x 2.7 mm,CITO-SYSTEM GmbH,35.00,50.6903488,"1,774.16"
AGA06161,0.6 x 2.7 mm CITO DYNAMIC (35 m / box),False,13-Aug-2026,P23-2864,13-Apr-2026,Fully billed,0.6 x 2.7 mm,CITO-SYSTEM GmbH,30.00,48.3051296,"1,449.15"
AGA06171,0.6 x 3.0 mm CITO DYNAMIC (35 m / box),,22-Sep-2025,P23-2422,15-Sep-2025,Completed,0.6 x 3.0 mm,CITO-SYSTEM GmbH,3.00,50.4048328,151.21
AGA06171,0.6 x 3.0 mm CITO DYNAMIC (35 m / box),,27-Nov-2025,P23-2557,13-Nov-2025,Completed,0.6 x 3.0 mm,CITO-SYSTEM GmbH,2.00,51.4926048,102.99
AGA06171,0.6 x 3.0 mm CITO DYNAMIC (35 m / box),,15-Apr-2026,P23-2849,01-Apr-2026,Completed,0.6 x 3.0 mm,CITO-SYSTEM GmbH,1.00,48.6196256,48.62
AGA06171,0.6 x 3.0 mm CITO DYNAMIC (35 m / box),,13-Aug-2026,P23-2864,13-Apr-2026,Fully billed,0.6 x 3.0 mm,CITO-SYSTEM GmbH,13.00,48.3051296,627.97
AGA06191,0.6 x 3.5 mm CITO DYNAMIC (35 m/box.),,30-Oct-2025,P23-2511,16-Oct-2025,Receiving,0.6 x 3.5 mm,CITO-SYSTEM GmbH,1.00,51.4280690,51.43
AGA06191,0.6 x 3.5 mm CITO DYNAMIC (35 m/box.),,14-Jan-2026,P23-2671,30-Dec-2025,Completed,0.6 x 3.5 mm,CITO-SYSTEM GmbH,3.00,50.3232373,150.97
AGA06191,0.6 x 3.5 mm CITO DYNAMIC (35 m/box.),,25-May-2026,P23-2682,09-Jan-2026,Completed,0.6 x 3.5 mm,CITO-SYSTEM GmbH,3.00,49.8373862,149.51
AGA08131,0.8 x 2.1 mm CITO DYNAMIC (35 m / box),,13-Jan-2026,P23-2418,11-Sep-2025,Completed,0.8 x 2.1 mm,CITO-SYSTEM GmbH,10.00,58.7623368,587.62
AGA08161,0.8 x 2.7 mm CITO DYNAMIC (35 m / box),,13-Jan-2026,P23-2418,11-Sep-2025,Completed,0.8 x 2.7 mm,CITO-SYSTEM GmbH,9.00,59.7699942,537.93
AGA08171,0.8 x 3.0 mm CITO DYNAMIC (35 m / box),,26-Feb-2026,P23-2549,07-Nov-2025,Completed,0.8 x 3.0 mm,CITO-SYSTEM GmbH,2.00,60.2443485,120.49
AGA08171,0.8 x 3.0 mm CITO DYNAMIC (35 m / box),,25-May-2026,P23-2682,09-Jan-2026,Completed,0.8 x 3.0 mm,CITO-SYSTEM GmbH,2.00,58.8544194,117.71
AGA08191,0.8 x 3.5 mm CITO DYNAMIC (35 m / box),,22-Sep-2025,P23-2409,08-Sep-2025,Completed,0.8 x 3.5 mm,CITO-SYSTEM GmbH,2.00,60.3396927,120.68
AGA08191,0.8 x 3.5 mm CITO DYNAMIC (35 m / box),,13-Jan-2026,P23-2418,11-Sep-2025,Completed,0.8 x 3.5 mm,CITO-SYSTEM GmbH,2.00,59.7699942,119.54
AGA08191,0.8 x 3.5 mm CITO DYNAMIC (35 m / box),,14-Jan-2026,P23-2671,30-Dec-2025,Completed,0.8 x 3.5 mm,CITO-SYSTEM GmbH,1.00,59.4281751,59.43
AGA08191,0.8 x 3.5 mm CITO DYNAMIC (35 m / box),,26-Feb-2026,P23-2549,07-Nov-2025,Completed,0.8 x 3.5 mm,CITO-SYSTEM GmbH,1.00,60.2443485,60.24
AGA08191,0.8 x 3.5 mm CITO DYNAMIC (35 m / box),,25-May-2026,P23-2682,09-Jan-2026,Completed,0.8 x 3.5 mm,CITO-SYSTEM GmbH,4.00,58.8544194,235.42
AGA08191,0.8 x 3.5 mm CITO DYNAMIC (35 m / box),,21-Oct-2026,P23-3010,17-Jun-2026,Ordered,0.8 x 3.5 mm,CITO-SYSTEM GmbH,3.00,55.6248882,166.87
AGA08201,0.8 x 4.0 mm CITO DYNAMIC (35 m / box),False,25-Nov-2026,P23-3131,13-Aug-2026,Ordered,0.8 x 4.0 mm,CITO-SYSTEM GmbH,1.00,55.2482448,55.25
AGA10171,1.0 x 3.0 mm CITO DYNAMIC (35 m / box),,27-Nov-2025,P23-2557,13-Nov-2025,Completed,1.0 x 3.0 mm,CITO-SYSTEM GmbH,4.00,58.7779596,235.11
AGA10171,1.0 x 3.0 mm CITO DYNAMIC (35 m / box),,14-Jan-2026,P23-2671,30-Dec-2025,Completed,1.0 x 3.0 mm,CITO-SYSTEM GmbH,4.00,58.4262804,233.71
AGA10171,1.0 x 3.0 mm CITO DYNAMIC (35 m / box),,26-Feb-2026,P23-2549,07-Nov-2025,Completed,1.0 x 3.0 mm,CITO-SYSTEM GmbH,5.00,59.2286940,296.14
AGA10171,1.0 x 3.0 mm CITO DYNAMIC (35 m / box),,25-May-2026,P23-2682,09-Jan-2026,Completed,1.0 x 3.0 mm,CITO-SYSTEM GmbH,5.00,57.8621976,289.31
AGA10191,1.0 x 3.5 mm CITO DYNAMIC (35 m / box),,04-Mar-2026,P23-2778,18-Feb-2026,Receiving,1.0 x 3.5 mm,CITO-SYSTEM GmbH,1.00,55.6909608,55.69
AGA10201,1.0 x 4.0 mm CITO DYNAMIC (35 m / box),,04-Mar-2026,P23-2778,18-Feb-2026,Receiving,1.0 x 4.0 mm,CITO-SYSTEM GmbH,1.00,55.6909608,55.69
AGA10221,1.0 x 5.0 mm CITO DYNAMIC (28 m / box),,22-Sep-2025,P23-2409,08-Sep-2025,Completed,1.0 x 5.0 mm,CITO-SYSTEM GmbH,3.00,47.4543753,142.36
AGA10221,1.0 x 5.0 mm CITO DYNAMIC (28 m / box),,14-Jan-2026,P23-2671,30-Dec-2025,Completed,1.0 x 5.0 mm,CITO-SYSTEM GmbH,2.00,46.7375089,93.48
AGA10221,1.0 x 5.0 mm CITO DYNAMIC (28 m / box),,25-May-2026,P23-2682,09-Jan-2026,Completed,1.0 x 5.0 mm,CITO-SYSTEM GmbH,4.00,46.2862766,185.15
AGA12201,1.2 x 4.0 mm CITO DYNAMIC (28 m / box),,20-May-2026,P23-2938,08-May-2026,Fully billed,1.2 x 4.0 mm,CITO-SYSTEM GmbH,2.00,43.2151316,86.43
AGA12201,1.2 x 4.0 mm CITO DYNAMIC (28 m / box),,21-Oct-2026,P23-3010,17-Jun-2026,Ordered,1.2 x 4.0 mm,CITO-SYSTEM GmbH,2.00,43.7463998,87.49
AGA12211,1.2 x 4.5 mm CITO DYNAMIC (28 m / box),,04-Mar-2026,P23-2778,18-Feb-2026,Receiving,1.2 x 4.5 mm,CITO-SYSTEM GmbH,1.00,44.5494178,44.55
AJA06001,CITO Steel Shim Tape 10 m x 6.5 mm x 0.03 mm,False,22-Sep-2025,P23-2409,08-Sep-2025,Completed,FALSE,CITO-SYSTEM GmbH,15.00,13.2600981,198.90
AJA06001,CITO Steel Shim Tape 10 m x 6.5 mm x 0.03 mm,False,30-Oct-2025,P23-2511,16-Oct-2025,Receiving,FALSE,CITO-SYSTEM GmbH,10.00,13.3465090,133.47
AJA06001,CITO Steel Shim Tape 10 m x 6.5 mm x 0.03 mm,False,13-Jan-2026,P23-2418,11-Sep-2025,Completed,FALSE,CITO-SYSTEM GmbH,30.00,13.1349026,394.05
AJA06002,CITO Steel Shim Tape 10 m x 6.5 mm x 0.04 mm,,22-Sep-2025,P23-2409,08-Sep-2025,Completed,FALSE,CITO-SYSTEM GmbH,2.00,13.2600981,26.52
AJA06002,CITO Steel Shim Tape 10 m x 6.5 mm x 0.04 mm,,13-Jan-2026,P23-2418,11-Sep-2025,Completed,FALSE,CITO-SYSTEM GmbH,3.00,13.1349026,39.40
AJA06002,CITO Steel Shim Tape 10 m x 6.5 mm x 0.04 mm,,14-Jan-2026,P23-2671,30-Dec-2025,Completed,FALSE,CITO-SYSTEM GmbH,2.00,13.0597853,26.12
AJA06002,CITO Steel Shim Tape 10 m x 6.5 mm x 0.04 mm,,25-May-2026,P23-2682,09-Jan-2026,Completed,FALSE,CITO-SYSTEM GmbH,7.00,12.9336982,90.54
AJA06003,CITO Steel Shim Tape 10 m x 6.5 mm x 0.05 mm,False,25-May-2026,P23-2682,09-Jan-2026,Completed,FALSE,CITO-SYSTEM GmbH,14.00,12.9336982,181.07
AJA06003,CITO Steel Shim Tape 10 m x 6.5 mm x 0.05 mm,False,21-Oct-2026,P23-3010,17-Jun-2026,Ordered,FALSE,CITO-SYSTEM GmbH,15.00,12.2239846,183.36
AJA06003,CITO Steel Shim Tape 10 m x 6.5 mm x 0.05 mm,False,25-Nov-2026,P23-3131,13-Aug-2026,Ordered,FALSE,CITO-SYSTEM GmbH,10.00,12.1412144,121.41
AJA06004,CITO Steel Shim Tape 10 m x 6.5 mm x 0.10 mm,,13-Jan-2026,P23-2418,11-Sep-2025,Completed,FALSE,CITO-SYSTEM GmbH,1.00,13.1349026,13.13
AJA06004,CITO Steel Shim Tape 10 m x 6.5 mm x 0.10 mm,,14-Jan-2026,P23-2671,30-Dec-2025,Completed,FALSE,CITO-SYSTEM GmbH,10.00,13.0597853,130.60
AJA06004,CITO Steel Shim Tape 10 m x 6.5 mm x 0.10 mm,,26-Feb-2026,P23-2549,07-Nov-2025,Completed,FALSE,CITO-SYSTEM GmbH,7.00,13.2391455,92.67
AJA06004,CITO Steel Shim Tape 10 m x 6.5 mm x 0.10 mm,,25-May-2026,P23-2682,09-Jan-2026,Completed,FALSE,CITO-SYSTEM GmbH,12.00,12.9336982,155.20
ALA04011,0.4 x 0.6 mm CITO ULTIMATE (35 m/box.),False,25-Nov-2026,P23-3131,13-Aug-2026,Ordered,0.4 x 0.6 mm,CITO-SYSTEM GmbH,1.00,65.7880608,65.79
ALA04041,0.4 x 1.0 mm CITO ULTIMATE (35 m/box.),False,13-Jan-2026,P23-2418,11-Sep-2025,Completed,0.4 x 1.0 mm,CITO-SYSTEM GmbH,2.00,72.3745508,144.75
ALA04041,0.4 x 1.0 mm CITO ULTIMATE (35 m/box.),False,14-Jan-2026,P23-2671,30-Dec-2025,Completed,0.4 x 1.0 mm,CITO-SYSTEM GmbH,5.00,71.9606474,359.80
ALA04041,0.4 x 1.0 mm CITO ULTIMATE (35 m/box.),False,24-Feb-2026,P23-2758,10-Feb-2026,Completed,0.4 x 1.0 mm,CITO-SYSTEM GmbH,3.00,68.9138926,206.74
ALA04041,0.4 x 1.0 mm CITO ULTIMATE (35 m/box.),False,15-Apr-2026,P23-2849,01-Apr-2026,Completed,0.4 x 1.0 mm,CITO-SYSTEM GmbH,3.00,68.3546522,205.06
ALA04041,0.4 x 1.0 mm CITO ULTIMATE (35 m/box.),False,20-May-2026,P23-2938,08-May-2026,Fully billed,0.4 x 1.0 mm,CITO-SYSTEM GmbH,4.00,66.5373256,266.15
ALA04041,0.4 x 1.0 mm CITO ULTIMATE (35 m/box.),False,25-May-2026,P23-2682,09-Jan-2026,Completed,0.4 x 1.0 mm,CITO-SYSTEM GmbH,8.00,71.2658956,570.13
ALA04061,0.4 x 1.2 mm CITO ULTIMATE (35 m/box.),False,13-Jan-2026,P23-2418,11-Sep-2025,Completed,0.4 x 1.2 mm,CITO-SYSTEM GmbH,2.00,72.3745508,144.75
ALA04061,0.4 x 1.2 mm CITO ULTIMATE (35 m/box.),False,24-Feb-2026,P23-2758,10-Feb-2026,Completed,0.4 x 1.2 mm,CITO-SYSTEM GmbH,2.00,68.9138926,137.83
ALA04061,0.4 x 1.2 mm CITO ULTIMATE (35 m/box.),False,25-May-2026,P23-2682,09-Jan-2026,Completed,0.4 x 1.2 mm,CITO-SYSTEM GmbH,1.00,71.2658956,71.27
ALA04061,0.4 x 1.2 mm CITO ULTIMATE (35 m/box.),False,25-Nov-2026,P23-3131,13-Aug-2026,Ordered,0.4 x 1.2 mm,CITO-SYSTEM GmbH,2.00,66.8992352,133.80
ALA04071,0.4 x 1.3 mm CITO ULTIMATE (35 m/box.),False,30-Oct-2025,P23-2511,16-Oct-2025,Receiving,0.4 x 1.3 mm,CITO-SYSTEM GmbH,10.00,73.5405220,735.41
ALA04071,0.4 x 1.3 mm CITO ULTIMATE (35 m/box.),False,13-Jan-2026,P23-2418,11-Sep-2025,Completed,0.4 x 1.3 mm,CITO-SYSTEM GmbH,14.00,72.3745508,"1,013.24"
ALA04071,0.4 x 1.3 mm CITO ULTIMATE (35 m/box.),False,24-Feb-2026,P23-2758,10-Feb-2026,Completed,0.4 x 1.3 mm,CITO-SYSTEM GmbH,5.00,68.9138926,344.57
ALA04071,0.4 x 1.3 mm CITO ULTIMATE (35 m/box.),False,26-Feb-2026,P23-2549,07-Nov-2025,Completed,0.4 x 1.3 mm,CITO-SYSTEM GmbH,10.00,72.9489390,729.49
ALA04071,0.4 x 1.3 mm CITO ULTIMATE (35 m/box.),False,25-May-2026,P23-2682,09-Jan-2026,Completed,0.4 x 1.3 mm,CITO-SYSTEM GmbH,12.00,71.2658956,855.19
ALA04071,0.4 x 1.3 mm CITO ULTIMATE (35 m/box.),False,13-Aug-2026,P23-2864,13-Apr-2026,Fully billed,0.4 x 1.3 mm,CITO-SYSTEM GmbH,20.00,67.9125002,"1,358.25"
ALA04071,0.4 x 1.3 mm CITO ULTIMATE (35 m/box.),False,25-Nov-2026,P23-3131,13-Aug-2026,Ordered,0.4 x 1.3 mm,CITO-SYSTEM GmbH,3.00,66.8992352,200.70
ALA04091,0.4 x 1.5 mm CITO ULTIMATE (35 m/box.),False,30-Oct-2025,P23-2511,16-Oct-2025,Receiving,0.4 x 1.5 mm,CITO-SYSTEM GmbH,22.00,73.5405220,"1,617.89"
ALA04091,0.4 x 1.5 mm CITO ULTIMATE (35 m/box.),False,13-Jan-2026,P23-2418,11-Sep-2025,Completed,0.4 x 1.5 mm,CITO-SYSTEM GmbH,16.00,72.3745508,"1,157.99"
ALA04091,0.4 x 1.5 mm CITO ULTIMATE (35 m/box.),False,26-Feb-2026,P23-2549,07-Nov-2025,Completed,0.4 x 1.5 mm,CITO-SYSTEM GmbH,21.00,72.9489390,"1,531.93"
ALA04091,0.4 x 1.5 mm CITO ULTIMATE (35 m/box.),False,25-Nov-2026,P23-3131,13-Aug-2026,Ordered,0.4 x 1.5 mm,CITO-SYSTEM GmbH,2.00,66.8992352,133.80
ALA04111,0.4 x 1.7 mm CITO ULTIMATE (35 m/box.),False,26-Feb-2026,P23-2549,07-Nov-2025,Completed,0.4 x 1.7 mm,CITO-SYSTEM GmbH,3.00,72.9489390,218.85
ALA04111,0.4 x 1.7 mm CITO ULTIMATE (35 m/box.),False,20-May-2026,P23-2938,08-May-2026,Fully billed,0.4 x 1.7 mm,CITO-SYSTEM GmbH,3.00,66.5373256,199.61
ALA04111,0.4 x 1.7 mm CITO ULTIMATE (35 m/box.),False,13-Aug-2026,P23-2864,13-Apr-2026,Fully billed,0.4 x 1.7 mm,CITO-SYSTEM GmbH,10.00,67.9125002,679.13
ALA04121,0.4 x 1.9 mm CITO ULTIMATE (35 m/box.),False,30-Oct-2025,P23-2511,16-Oct-2025,Receiving,0.4 x 1.9 mm,CITO-SYSTEM GmbH,3.00,73.5405220,220.62
ALA04121,0.4 x 1.9 mm CITO ULTIMATE (35 m/box.),False,14-Jan-2026,P23-2671,30-Dec-2025,Completed,0.4 x 1.9 mm,CITO-SYSTEM GmbH,3.00,71.9606474,215.88
ALA04121,0.4 x 1.9 mm CITO ULTIMATE (35 m/box.),False,24-Feb-2026,P23-2758,10-Feb-2026,Completed,0.4 x 1.9 mm,CITO-SYSTEM GmbH,6.00,68.9138926,413.48
ALA04121,0.4 x 1.9 mm CITO ULTIMATE (35 m/box.),False,25-May-2026,P23-2682,09-Jan-2026,Completed,0.4 x 1.9 mm,CITO-SYSTEM GmbH,8.00,71.2658956,570.13
ALA04121,0.4 x 1.9 mm CITO ULTIMATE (35 m/box.),False,25-Nov-2026,P23-3131,13-Aug-2026,Ordered,0.4 x 1.9 mm,CITO-SYSTEM GmbH,3.00,66.8992352,200.70
ALA05061,0.5 x 1.2 mm CITO ULTIMATE (35 m/box.),False,14-Jan-2026,P23-2671,30-Dec-2025,Completed,0.5 x 1.2 mm,CITO-SYSTEM GmbH,2.00,73.1031589,146.21
ALA05061,0.5 x 1.2 mm CITO ULTIMATE (35 m/box.),False,26-Feb-2026,P23-2549,07-Nov-2025,Completed,0.5 x 1.2 mm,CITO-SYSTEM GmbH,3.00,74.1071415,222.32
ALA05061,0.5 x 1.2 mm CITO ULTIMATE (35 m/box.),False,25-May-2026,P23-2682,09-Jan-2026,Completed,0.5 x 1.2 mm,CITO-SYSTEM GmbH,7.00,72.3973766,506.78
ALA05061,0.5 x 1.2 mm CITO ULTIMATE (35 m/box.),False,21-Oct-2026,P23-3010,17-Jun-2026,Ordered,0.5 x 1.2 mm,CITO-SYSTEM GmbH,4.00,68.4246998,273.70
ALA05081,0.5 x 1.4 mm CITO ULTIMATE (35 m/box.),False,21-Oct-2026,P23-3010,17-Jun-2026,Ordered,0.5 x 1.4 mm,CITO-SYSTEM GmbH,1.00,67.2730458,67.27
ALA05081,0.5 x 1.4 mm CITO ULTIMATE (35 m/box.),False,25-Nov-2026,P23-3131,13-Aug-2026,Ordered,0.5 x 1.4 mm,CITO-SYSTEM GmbH,1.00,66.8175312,66.82
ALA05091,0.5 x 1.5 mm CITO ULTIMATE (35 m/box.),False,13-Aug-2026,P23-2864,13-Apr-2026,Fully billed,0.5 x 1.5 mm,CITO-SYSTEM GmbH,2.00,68.9907397,137.98
ALA05091,0.5 x 1.5 mm CITO ULTIMATE (35 m/box.),False,21-Oct-2026,P23-3010,17-Jun-2026,Ordered,0.5 x 1.5 mm,CITO-SYSTEM GmbH,10.00,68.4246998,684.25
ALA05091,0.5 x 1.5 mm CITO ULTIMATE (35 m/box.),False,25-Nov-2026,P23-3131,13-Aug-2026,Ordered,0.5 x 1.5 mm,CITO-SYSTEM GmbH,6.00,67.9613872,407.77
ALA05121,0.5 x 1.9 mm CITO ULTIMATE (35 m/box.),False,30-Oct-2025,P23-2511,16-Oct-2025,Receiving,0.5 x 1.9 mm,CITO-SYSTEM GmbH,4.00,74.7081170,298.83
ALA05121,0.5 x 1.9 mm CITO ULTIMATE (35 m/box.),False,13-Jan-2026,P23-2418,11-Sep-2025,Completed,0.5 x 1.9 mm,CITO-SYSTEM GmbH,4.00,73.5236338,294.09
ALA05121,0.5 x 1.9 mm CITO ULTIMATE (35 m/box.),False,26-Feb-2026,P23-2549,07-Nov-2025,Completed,0.5 x 1.9 mm,CITO-SYSTEM GmbH,3.00,74.1071415,222.32
ALA05121,0.5 x 1.9 mm CITO ULTIMATE (35 m/box.),False,20-May-2026,P23-2938,08-May-2026,Fully billed,0.5 x 1.9 mm,CITO-SYSTEM GmbH,5.00,67.5937316,337.97
ALA05121,0.5 x 1.9 mm CITO ULTIMATE (35 m/box.),False,13-Aug-2026,P23-2864,13-Apr-2026,Fully billed,0.5 x 1.9 mm,CITO-SYSTEM GmbH,15.00,68.9907397,"1,034.86"
ALA05121,0.5 x 1.9 mm CITO ULTIMATE (35 m/box.),False,21-Oct-2026,P23-3010,17-Jun-2026,Ordered,0.5 x 1.9 mm,CITO-SYSTEM GmbH,4.00,68.4246998,273.70
ALA05121,0.5 x 1.9 mm CITO ULTIMATE (35 m/box.),False,25-Nov-2026,P23-3131,13-Aug-2026,Ordered,0.5 x 1.9 mm,CITO-SYSTEM GmbH,5.00,67.9613872,339.81
ALA06091,0.6 x 1.5 mm CITO ULTIMATE (35 m/box.),false,25-Nov-2026,P23-3131,13-Aug-2026,Ordered,0.6 x 1.5 mm,CITO-SYSTEM GmbH,1.00,66.8175312,66.82
ALA06121,0.6 x 1.9 mm CITO ULTIMATE (35 m/box.),False,30-Oct-2025,P23-2511,16-Oct-2025,Receiving,0.6 x 1.9 mm,CITO-SYSTEM GmbH,4.00,73.4507070,293.80
ALA06121,0.6 x 1.9 mm CITO ULTIMATE (35 m/box.),False,13-Jan-2026,P23-2418,11-Sep-2025,Completed,0.6 x 1.9 mm,CITO-SYSTEM GmbH,2.00,72.2861598,144.57
ALA06121,0.6 x 1.9 mm CITO ULTIMATE (35 m/box.),False,20-May-2026,P23-2938,08-May-2026,Fully billed,0.6 x 1.9 mm,CITO-SYSTEM GmbH,1.00,66.4560636,66.46
ALA06121,0.6 x 1.9 mm CITO ULTIMATE (35 m/box.),False,13-Aug-2026,P23-2864,13-Apr-2026,Fully billed,0.6 x 1.9 mm,CITO-SYSTEM GmbH,5.00,67.8295587,339.15
ALA06131,0.6 x 2.1 mm CITO ULTIMATE (35 m/box.),False,14-Jan-2026,P23-2671,30-Dec-2025,Completed,0.6 x 2.1 mm,CITO-SYSTEM GmbH,1.00,73.1031589,73.10
ALA06131,0.6 x 2.1 mm CITO ULTIMATE (35 m/box.),False,24-Feb-2026,P23-2758,10-Feb-2026,Completed,0.6 x 2.1 mm,CITO-SYSTEM GmbH,3.00,70.0080311,210.02
ALA06131,0.6 x 2.1 mm CITO ULTIMATE (35 m/box.),False,25-May-2026,P23-2682,09-Jan-2026,Completed,0.6 x 2.1 mm,CITO-SYSTEM GmbH,4.00,72.3973766,289.59
ALA06141,0.6 x 2.3 mm CITO ULTIMATE (35 m/box.),,22-Sep-2025,P23-2422,15-Sep-2025,Completed,0.6 x 2.3 mm,CITO-SYSTEM GmbH,2.00,71.9892984,143.98
ALA06151,0.6 x 2.5 mm CITO ULTIMATE (35 m/box.),False,25-Nov-2026,P23-3131,13-Aug-2026,Ordered,0.6 x 2.5 mm,CITO-SYSTEM GmbH,1.00,67.9613872,67.96
ALA06171,0.6 x 3.0 mm CITO ULTIMATE (35 m/box.),False,14-Jan-2026,P23-2671,30-Dec-2025,Completed,0.6 x 3.0 mm,CITO-SYSTEM GmbH,3.00,71.8727619,215.62
ALA06171,0.6 x 3.0 mm CITO ULTIMATE (35 m/box.),False,15-Apr-2026,P23-2849,01-Apr-2026,Completed,0.6 x 3.0 mm,CITO-SYSTEM GmbH,2.00,68.2711707,136.54
ALA06171,0.6 x 3.0 mm CITO ULTIMATE (35 m/box.),False,20-May-2026,P23-2938,08-May-2026,Fully billed,0.6 x 3.0 mm,CITO-SYSTEM GmbH,2.00,66.4560636,132.91
ALA06171,0.6 x 3.0 mm CITO ULTIMATE (35 m/box.),False,25-May-2026,P23-2682,09-Jan-2026,Completed,0.6 x 3.0 mm,CITO-SYSTEM GmbH,7.00,71.1788586,498.25
ALA06171,0.6 x 3.0 mm CITO ULTIMATE (35 m/box.),False,09-Jun-2026,P23-2954,14-May-2026,Fully billed,0.6 x 3.0 mm,CITO-SYSTEM GmbH,6.00,66.0312165,396.19
ALA06171,0.6 x 3.0 mm CITO ULTIMATE (35 m/box.),False,21-Oct-2026,P23-3010,17-Jun-2026,Ordered,0.6 x 3.0 mm,CITO-SYSTEM GmbH,10.00,67.2730458,672.73
ALA06181,0.6 x 3.2 mm CITO ULTIMATE (35 m/box.),False,14-Jan-2026,P23-2671,30-Dec-2025,Completed,0.6 x 3.2 mm,CITO-SYSTEM GmbH,5.00,73.1031589,365.52
ALA06181,0.6 x 3.2 mm CITO ULTIMATE (35 m/box.),False,24-Feb-2026,P23-2758,10-Feb-2026,Completed,0.6 x 3.2 mm,CITO-SYSTEM GmbH,5.00,70.0080311,350.04
ALA06181,0.6 x 3.2 mm CITO ULTIMATE (35 m/box.),False,26-Feb-2026,P23-2549,07-Nov-2025,Completed,0.6 x 3.2 mm,CITO-SYSTEM GmbH,4.00,74.1071415,296.43
ALA06181,0.6 x 3.2 mm CITO ULTIMATE (35 m/box.),False,25-May-2026,P23-2682,09-Jan-2026,Completed,0.6 x 3.2 mm,CITO-SYSTEM GmbH,8.00,72.3973766,579.18
ALA06191,0.6 x 3.5 mm CITO ULTIMATE (35 m/box.),False,21-Oct-2026,P23-3010,17-Jun-2026,Ordered,0.6 x 3.5 mm,CITO-SYSTEM GmbH,1.00,68.4246998,68.42
ALA06201,0.6 x 4.0 mm CITO ULTIMATE (35 m/box.),,25-May-2026,P23-2682,09-Jan-2026,Completed,0.6 x 4.0 mm,CITO-SYSTEM GmbH,1.00,72.3973766,72.40
ALA06201,0.6 x 4.0 mm CITO ULTIMATE (35 m/box.),,21-Oct-2026,P23-3010,17-Jun-2026,Ordered,0.6 x 4.0 mm,CITO-SYSTEM GmbH,2.00,68.4246998,136.85
ALA06201,0.6 x 4.0 mm CITO ULTIMATE (35 m/box.),,25-Nov-2026,P23-3131,13-Aug-2026,Ordered,0.6 x 4.0 mm,CITO-SYSTEM GmbH,1.00,67.9613872,67.96
ALA07121,0.7 x 1.9 mm CITO ULTIMATE (35 m/box.),False,25-Nov-2026,P23-3131,13-Aug-2026,Ordered,0.7 x 1.9 mm,CITO-SYSTEM GmbH,1.00,73.5662816,73.57
ALA08171,0.8 x 3.0 mm CITO ULTIMATE (35 m/box.),False,30-Oct-2025,P23-2511,16-Oct-2025,Receiving,0.8 x 3.0 mm,CITO-SYSTEM GmbH,5.00,86.7792530,433.90
ALA08171,0.8 x 3.0 mm CITO ULTIMATE (35 m/box.),False,13-Jan-2026,P23-2418,11-Sep-2025,Completed,0.8 x 3.0 mm,CITO-SYSTEM GmbH,20.00,85.4033842,"1,708.07"
ALA08171,0.8 x 3.0 mm CITO ULTIMATE (35 m/box.),False,25-May-2026,P23-2682,09-Jan-2026,Completed,0.8 x 3.0 mm,CITO-SYSTEM GmbH,22.00,84.0951494,"1,850.09"
ALA08171,0.8 x 3.0 mm CITO ULTIMATE (35 m/box.),False,21-Oct-2026,P23-3010,17-Jun-2026,Ordered,0.8 x 3.0 mm,CITO-SYSTEM GmbH,6.00,79.4805782,476.88
ALA08171,0.8 x 3.0 mm CITO ULTIMATE (35 m/box.),False,25-Nov-2026,P23-3131,13-Aug-2026,Ordered,0.8 x 3.0 mm,CITO-SYSTEM GmbH,3.00,78.9424048,236.83
ALA08191,0.8 x 3.5 mm CITO ULTIMATE (35 m/box.),,15-Apr-2026,P23-2849,01-Apr-2026,Completed,0.8 x 3.5 mm,CITO-SYSTEM GmbH,2.00,79.3074250,158.61
ALA08191,0.8 x 3.5 mm CITO ULTIMATE (35 m/box.),,20-May-2026,P23-2938,08-May-2026,Fully billed,0.8 x 3.5 mm,CITO-SYSTEM GmbH,2.00,78.5153444,157.03
ALA08191,0.8 x 3.5 mm CITO ULTIMATE (35 m/box.),,28-Jul-2026,P23-3066,14-Jul-2026,Fully billed,0.8 x 3.5 mm,CITO-SYSTEM GmbH,3.00,79.3656004,238.10
ALA08191,0.8 x 3.5 mm CITO ULTIMATE (35 m/box.),,13-Aug-2026,P23-2864,13-Apr-2026,Fully billed,0.8 x 3.5 mm,CITO-SYSTEM GmbH,5.00,80.1380773,400.69
ALA08191,0.8 x 3.5 mm CITO ULTIMATE (35 m/box.),,21-Oct-2026,P23-3010,17-Jun-2026,Ordered,0.8 x 3.5 mm,CITO-SYSTEM GmbH,10.00,79.4805782,794.81
ALA08201,0.8 x 4.0 mm CITO ULTIMATE (35 m/box.),False,30-Oct-2025,P23-2511,16-Oct-2025,Receiving,0.8 x 4.0 mm,CITO-SYSTEM GmbH,15.00,86.7792530,"1,301.69"
ALA08201,0.8 x 4.0 mm CITO ULTIMATE (35 m/box.),False,13-Jan-2026,P23-2418,11-Sep-2025,Completed,0.8 x 4.0 mm,CITO-SYSTEM GmbH,18.00,85.4033842,"1,537.26"
ALA08201,0.8 x 4.0 mm CITO ULTIMATE (35 m/box.),False,26-Feb-2026,P23-2549,07-Nov-2025,Completed,0.8 x 4.0 mm,CITO-SYSTEM GmbH,20.00,86.0811735,"1,721.62"
ALA08201,0.8 x 4.0 mm CITO ULTIMATE (35 m/box.),False,25-May-2026,P23-2682,09-Jan-2026,Completed,0.8 x 4.0 mm,CITO-SYSTEM GmbH,20.00,84.0951494,"1,681.90"
ALA08201,0.8 x 4.0 mm CITO ULTIMATE (35 m/box.),False,13-Aug-2026,P23-2864,13-Apr-2026,Fully billed,0.8 x 4.0 mm,CITO-SYSTEM GmbH,10.00,80.1380773,801.38
ALA08201,0.8 x 4.0 mm CITO ULTIMATE (35 m/box.),False,25-Nov-2026,P23-3131,13-Aug-2026,Ordered,0.8 x 4.0 mm,CITO-SYSTEM GmbH,4.00,78.9424048,315.77
ALA08211,0.8 x 4.5 mm CITO ULTIMATE (35 m/box.),,25-May-2026,P23-2682,09-Jan-2026,Completed,0.8 x 4.5 mm,CITO-SYSTEM GmbH,6.00,84.0951494,504.57
ALA08211,0.8 x 4.5 mm CITO ULTIMATE (35 m/box.),,13-Aug-2026,P23-2864,13-Apr-2026,Fully billed,0.8 x 4.5 mm,CITO-SYSTEM GmbH,10.00,80.1380773,801.38
ALA08221,0.8 x 5.0 mm CITO ULTIMATE (35 m/box.),False,13-Jan-2026,P23-2418,11-Sep-2025,Completed,0.8 x 5.0 mm,CITO-SYSTEM GmbH,1.00,85.4033842,85.40
ALA08221,0.8 x 5.0 mm CITO ULTIMATE (35 m/box.),False,26-Feb-2026,P23-2549,07-Nov-2025,Completed,0.8 x 5.0 mm,CITO-SYSTEM GmbH,6.00,86.0811735,516.49
ALA08221,0.8 x 5.0 mm CITO ULTIMATE (35 m/box.),False,25-Nov-2026,P23-3131,13-Aug-2026,Ordered,0.8 x 5.0 mm,CITO-SYSTEM GmbH,3.00,78.9424048,236.83
ALA08223,0.8 x 5.0/3 mm CITO ULTIMATE (35 m/box.),False,10-Aug-2026,P23-3086,27-Jul-2026,Fully billed,0.8 x 5.0/3 mm,CITO-SYSTEM GmbH,2.00,77.3832000,154.77
ALA10171,1.0 x 3.0 mm CITO ULTIMATE (35 m/box.),,22-Sep-2025,P23-2409,08-Sep-2025,Completed,1.0 x 3.0 mm,CITO-SYSTEM GmbH,2.00,96.4792602,192.96
ALA10171,1.0 x 3.0 mm CITO ULTIMATE (35 m/box.),,27-Nov-2025,P23-2557,13-Nov-2025,Completed,1.0 x 3.0 mm,CITO-SYSTEM GmbH,4.00,95.5937574,382.38
ALA10171,1.0 x 3.0 mm CITO ULTIMATE (35 m/box.),,13-Jan-2026,P23-2418,11-Sep-2025,Completed,1.0 x 3.0 mm,CITO-SYSTEM GmbH,1.00,95.5683492,95.57
ALA10171,1.0 x 3.0 mm CITO ULTIMATE (35 m/box.),,14-Jan-2026,P23-2671,30-Dec-2025,Completed,1.0 x 3.0 mm,CITO-SYSTEM GmbH,2.00,95.0218026,190.04
ALA10171,1.0 x 3.0 mm CITO ULTIMATE (35 m/box.),,26-Feb-2026,P23-2549,07-Nov-2025,Completed,1.0 x 3.0 mm,CITO-SYSTEM GmbH,12.00,96.3268110,"1,155.92"
ALA10171,1.0 x 3.0 mm CITO ULTIMATE (35 m/box.),,25-May-2026,P23-2682,09-Jan-2026,Completed,1.0 x 3.0 mm,CITO-SYSTEM GmbH,5.00,94.1044044,470.52
ALA10171,1.0 x 3.0 mm CITO ULTIMATE (35 m/box.),,25-Nov-2026,P23-3131,13-Aug-2026,Ordered,1.0 x 3.0 mm,CITO-SYSTEM GmbH,1.00,88.3383648,88.34
ALA10181,1.0 x 3.2 mm CITO ULTIMATE (35 m/box.),,13-Jan-2026,P23-2418,11-Sep-2025,Completed,1.0 x 3.2 mm,CITO-SYSTEM GmbH,1.00,95.5683492,95.57
ALA10181,1.0 x 3.2 mm CITO ULTIMATE (35 m/box.),,14-Jan-2026,P23-2671,30-Dec-2025,Completed,1.0 x 3.2 mm,CITO-SYSTEM GmbH,3.00,95.0218026,285.07
ALA10181,1.0 x 3.2 mm CITO ULTIMATE (35 m/box.),,25-May-2026,P23-2682,09-Jan-2026,Completed,1.0 x 3.2 mm,CITO-SYSTEM GmbH,6.00,94.1044044,564.63
ALA10191,1.0 X 3.5 mm CITO ULTIMATE (35 m/box.),,27-Nov-2025,P23-2557,13-Nov-2025,Completed,1.0 X 3.5 mm,CITO-SYSTEM GmbH,4.00,95.5937574,382.38
ALA10191,1.0 X 3.5 mm CITO ULTIMATE (35 m/box.),,13-Jan-2026,P23-2418,11-Sep-2025,Completed,1.0 X 3.5 mm,CITO-SYSTEM GmbH,1.00,95.5683492,95.57
ALA10191,1.0 X 3.5 mm CITO ULTIMATE (35 m/box.),,26-Feb-2026,P23-2549,07-Nov-2025,Completed,1.0 X 3.5 mm,CITO-SYSTEM GmbH,6.00,96.3268110,577.96
ALA10191,1.0 X 3.5 mm CITO ULTIMATE (35 m/box.),,20-May-2026,P23-2938,08-May-2026,Fully billed,1.0 X 3.5 mm,CITO-SYSTEM GmbH,5.00,87.8604744,439.30
ALA10191,1.0 X 3.5 mm CITO ULTIMATE (35 m/box.),,13-Aug-2026,P23-2864,13-Apr-2026,Fully billed,1.0 X 3.5 mm,CITO-SYSTEM GmbH,5.00,89.6763498,448.38
ALA10191,1.0 X 3.5 mm CITO ULTIMATE (35 m/box.),,21-Oct-2026,P23-3010,17-Jun-2026,Ordered,1.0 X 3.5 mm,CITO-SYSTEM GmbH,8.00,88.9405932,711.52
ALA10201,1.0 x 4.0 mm CITO ULTIMATE (35 m/box.),False,15-Apr-2026,P23-2849,01-Apr-2026,Completed,1.0 x 4.0 mm,CITO-SYSTEM GmbH,2.00,90.2601978,180.52
ALA10201,1.0 x 4.0 mm CITO ULTIMATE (35 m/box.),False,13-Aug-2026,P23-2864,13-Apr-2026,Fully billed,1.0 x 4.0 mm,CITO-SYSTEM GmbH,2.00,89.6763498,179.35
ALA10201,1.0 x 4.0 mm CITO ULTIMATE (35 m/box.),False,21-Oct-2026,P23-3010,17-Jun-2026,Ordered,1.0 x 4.0 mm,CITO-SYSTEM GmbH,2.00,88.9405932,177.88
ALA10221,1.0 x 5.0 mm CITO ULTIMATE (35 m/box.),,15-Apr-2026,P23-2849,01-Apr-2026,Completed,1.0 x 5.0 mm,CITO-SYSTEM GmbH,1.00,90.2601978,90.26
ALA10221,1.0 x 5.0 mm CITO ULTIMATE (35 m/box.),,13-Aug-2026,P23-2864,13-Apr-2026,Fully billed,1.0 x 5.0 mm,CITO-SYSTEM GmbH,3.00,89.6763498,269.03
ALA12201,1.2 x 4.0 mm CITO ULTIMATE (35 m/box),,09-Jun-2026,P23-2954,14-May-2026,Fully billed,1.2 x 4.0 mm,CITO-SYSTEM GmbH,1.00,101.0734615,101.07
ALF08247,0.8 x 7.0/5.0 mm CITO ULTIMATE RYU (35 m/box),,15-Apr-2026,P23-2849,01-Apr-2026,Completed,0.8 x 7.0/5 mm,CITO-SYSTEM GmbH,1.00,107.3238164,107.32
ALG04031,0.4 x 0.8 mm CITO ULTIMATE RS (35 m/box.),False,25-Nov-2026,P23-3131,13-Aug-2026,Ordered,0.4 x 0.8 mm,CITO-SYSTEM GmbH,1.00,64.7749312,64.77
ALG04061,0.4 x 1.2 mm CITO ULTIMATE RS (35 m/box.),,25-Nov-2026,P23-3131,13-Aug-2026,Ordered,0.4 x 1.2 mm,CITO-SYSTEM GmbH,1.00,64.7749312,64.77
ALG04121,0.4 x 1.9 mm CITO ULTIMATE RS (35 m/box.),,22-Sep-2025,P23-2422,15-Sep-2025,Completed,0.4 x 1.9 mm,CITO-SYSTEM GmbH,1.00,69.7885984,69.79
ALG05031,0.5 x 0.8 mm CITO ULTIMATE RS (35 m/box.),,22-Sep-2025,P23-2422,15-Sep-2025,Completed,0.5 x 0.8 mm,CITO-SYSTEM GmbH,1.00,71.2674688,71.27
ALG05031,0.5 x 0.8 mm CITO ULTIMATE RS (35 m/box.),,27-Jan-2026,P23-2688,12-Jan-2026,Completed,0.5 x 0.8 mm,CITO-SYSTEM GmbH,4.00,70.5161600,282.07
ALG05051,0.5 x 1.1 mm CITO ULTIMATE RS (35 m/box),,22-Sep-2025,P23-2422,15-Sep-2025,Completed,0.5 x 1.1 mm,CITO-SYSTEM GmbH,2.00,71.2674688,142.53
ALG05051,0.5 x 1.1 mm CITO ULTIMATE RS (35 m/box),,27-Jan-2026,P23-2688,12-Jan-2026,Completed,0.5 x 1.1 mm,CITO-SYSTEM GmbH,5.00,70.5161600,352.58
ALG05071,0.5 x 1.3 mm CITO ULTIMATE RS (35 m/box.),,22-Sep-2025,P23-2422,15-Sep-2025,Completed,0.5 x 1.3 mm,CITO-SYSTEM GmbH,3.00,71.2674688,213.80
ALG05071,0.5 x 1.3 mm CITO ULTIMATE RS (35 m/box.),,27-Jan-2026,P23-2688,12-Jan-2026,Completed,0.5 x 1.3 mm,CITO-SYSTEM GmbH,11.00,70.5161600,775.68
ALG05121,0.5 x 1.9 mm CITO ULTIMATE RS (35 m/box),,27-Jan-2026,P23-2688,12-Jan-2026,Completed,0.5 x 1.9 mm,CITO-SYSTEM GmbH,2.00,70.5161600,141.04
ALG06041,0.6 x 1.0 mm CITO ULTIMATE RS (35 m/box.),,22-Sep-2025,P23-2422,15-Sep-2025,Completed,0.6 x 1.0 mm,CITO-SYSTEM GmbH,1.00,71.2674688,71.27
ALG06071,0.6 x 1.3 mm CITO ULTIMATE RS (35 m/box.),,22-Sep-2025,P23-2422,15-Sep-2025,Completed,0.6 x 1.3 mm,CITO-SYSTEM GmbH,1.00,71.2674688,71.27
ALG06071,0.6 x 1.3 mm CITO ULTIMATE RS (35 m/box.),,27-Jan-2026,P23-2688,12-Jan-2026,Completed,0.6 x 1.3 mm,CITO-SYSTEM GmbH,1.00,70.5161600,70.52
ALG06091,0.6 x 1.5 mm CITO ULTIMATE RS (35 m/box.),,22-Sep-2025,P23-2422,15-Sep-2025,Completed,0.6 x 1.5 mm,CITO-SYSTEM GmbH,1.00,71.2674688,71.27
ALG06091,0.6 x 1.5 mm CITO ULTIMATE RS (35 m/box.),,27-Jan-2026,P23-2688,12-Jan-2026,Completed,0.6 x 1.5 mm,CITO-SYSTEM GmbH,1.00,70.5161600,70.52
ALG06111,0.6 x 1.7 mm CITO ULTIMATE RS (35 m/box.),,27-Jan-2026,P23-2688,12-Jan-2026,Completed,0.6 x 1.7 mm,CITO-SYSTEM GmbH,4.00,70.5161600,282.07
ALG06131,0.6 x 2.1 mm CITO ULTIMATE RS (35 m/box),,22-Sep-2025,P23-2422,15-Sep-2025,Completed,0.6 x 2.1 mm,CITO-SYSTEM GmbH,1.00,71.2674688,71.27
ALH04071,0.4 x 1.3 mm CITO ULTIMATE CC (28 m/box),False,21-Oct-2026,P23-3010,17-Jun-2026,Ordered,0.4 x 1.3 mm,CITO-SYSTEM GmbH,2.00,106.6102560,213.22
ALH05081,0.5 × 1.4 mm CITO ULTIMATE CC (28 m/box),false,27-Nov-2025,P23-2557,13-Nov-2025,Completed,0.5 x 1.4 mm,CITO-SYSTEM GmbH,1.00,121.1809137,121.18
ALH05091,0.5 x 1.5 mm CITO ULTIMATE CC (28 m/box.),False,27-Nov-2025,P23-2557,13-Nov-2025,Completed,0.5 x 1.5 mm,CITO-SYSTEM GmbH,1.00,118.7760393,118.78
ALH05091,0.5 x 1.5 mm CITO ULTIMATE CC (28 m/box.),False,13-Aug-2026,P23-2864,13-Apr-2026,Fully billed,0.5 x 1.5 mm,CITO-SYSTEM GmbH,1.00,111.4236111,111.42
ALH05131,0.5 x 2.1 mm CITO ULTIMATE CC (28 m/box.),,27-Jan-2026,P23-2688,12-Jan-2026,Completed,0.5 x 2.1 mm,CITO-SYSTEM GmbH,1.00,119.3792600,119.38
ALM04061,0.4 x 1.2 mm CITO ULTIMATE CS (35 m/box.),,25-Nov-2026,P23-3131,13-Aug-2026,Ordered,0.4 x 1.2 mm,CITO-SYSTEM GmbH,1.00,142.4917760,142.49
ALM04071,0.4 x 1.3 mm CITO ULTIMATE CS (35 m/box.),false,11-Dec-2025,P23-2630,04-Dec-2025,Completed,0.4 x 1.3 mm,CITO-SYSTEM GmbH,1.00,159.4999766,159.50
ALM04071,0.4 x 1.3 mm CITO ULTIMATE CS (35 m/box.),false,24-Feb-2026,P23-2758,10-Feb-2026,Completed,0.4 x 1.3 mm,CITO-SYSTEM GmbH,1.00,149.2741572,149.27
ALM04071,0.4 x 1.3 mm CITO ULTIMATE CS (35 m/box.),false,25-May-2026,P23-2682,09-Jan-2026,Completed,0.4 x 1.3 mm,CITO-SYSTEM GmbH,2.00,154.3688232,308.74
ALM04091,0.4 x 1.5 mm CITO ULTIMATE CS (35 m/box.),,25-Nov-2026,P23-3131,13-Aug-2026,Ordered,0.4 x 1.5 mm,CITO-SYSTEM GmbH,1.00,142.4917760,142.49
ALM05091,0.5 x 1.5 mm CITO ULTIMATE CS (35 m/box.),False,27-Nov-2025,P23-2557,13-Nov-2025,Completed,0.5 x 1.5 mm,CITO-SYSTEM GmbH,2.00,159.9595134,319.92
ALM05091,0.5 x 1.5 mm CITO ULTIMATE CS (35 m/box.),False,15-Apr-2026,P23-2849,01-Apr-2026,Completed,0.5 x 1.5 mm,CITO-SYSTEM GmbH,1.00,145.5917360,145.59
ALM05121,0.5 x 1.9 mm CITO ULTIMATE CS (35 m/box.),false,27-Jan-2026,P23-2688,12-Jan-2026,Completed,0.5 x 1.9 mm,CITO-SYSTEM GmbH,1.00,157.5813200,157.58
ALN04061,0.4 x 1.2 mm CITO ULTIMATE CSD (35 m/box),False,22-Sep-2025,P23-2422,15-Sep-2025,Completed,0.4 x 1.2 mm,CITO-SYSTEM GmbH,1.00,163.1863064,163.19
ALU15001,CITO ULTIMATE Multipack 0.5 (0.5 × 1.3 / 1.4 / 1.5 / 1.6 / 1.7) 10 strips each,False,25-Nov-2026,P23-3131,13-Aug-2026,Ordered,1.2 x 5.0 mm,CITO-SYSTEM GmbH,1.00,81.4262064,81.43
AMA03092,0.3 x 1.5 mm CITO BASICplus 2-3 pt. (35 m/box),,22-Sep-2025,P23-2409,08-Sep-2025,Completed,0.3 x 1.5 mm,CITO-SYSTEM GmbH,1.00,41.0117166,41.01
AMA03092,0.3 x 1.5 mm CITO BASICplus 2-3 pt. (35 m/box),,13-Jan-2026,P23-2418,11-Sep-2025,Completed,0.3 x 1.5 mm,CITO-SYSTEM GmbH,1.00,40.6245036,40.62
AMA04032,0.4 x 0.8 mm CITO BASICplus 2-3 pt. (35 m/box),False,13-Jan-2026,P23-2418,11-Sep-2025,Completed,0.4 x 0.8 mm,CITO-SYSTEM GmbH,1.00,41.3139534,41.31
AMA04032,0.4 x 0.8 mm CITO BASICplus 2-3 pt. (35 m/box),False,25-May-2026,P23-2682,09-Jan-2026,Completed,0.4 x 0.8 mm,CITO-SYSTEM GmbH,2.00,40.6810938,81.36
AMA04032,0.4 x 0.8 mm CITO BASICplus 2-3 pt. (35 m/box),False,28-Jul-2026,P23-3066,14-Jul-2026,Fully billed,0.4 x 0.8 mm,CITO-SYSTEM GmbH,2.00,38.3931708,76.79
AMA04032,0.4 x 0.8 mm CITO BASICplus 2-3 pt. (35 m/box),False,21-Oct-2026,P23-3010,17-Jun-2026,Ordered,0.4 x 0.8 mm,CITO-SYSTEM GmbH,5.00,38.4487914,192.24
AMA04032,0.4 x 0.8 mm CITO BASICplus 2-3 pt. (35 m/box),False,25-Nov-2026,P23-3131,13-Aug-2026,Ordered,0.4 x 0.8 mm,CITO-SYSTEM GmbH,3.00,38.1884496,114.57
AMA04042,0.4 x 1.0 mm CITO BASICplus 2-3 pt. (35 m/box),,30-Oct-2025,P23-2511,16-Oct-2025,Receiving,0.4 x 1.0 mm,CITO-SYSTEM GmbH,3.00,41.2789740,123.84
AMA04042,0.4 x 1.0 mm CITO BASICplus 2-3 pt. (35 m/box),,13-Jan-2026,P23-2418,11-Sep-2025,Completed,0.4 x 1.0 mm,CITO-SYSTEM GmbH,25.00,40.6245036,"1,015.61"
AMA04042,0.4 x 1.0 mm CITO BASICplus 2-3 pt. (35 m/box),,20-May-2026,P23-2938,08-May-2026,Fully billed,0.4 x 1.0 mm,CITO-SYSTEM GmbH,10.00,37.3480152,373.48
AMA04042,0.4 x 1.0 mm CITO BASICplus 2-3 pt. (35 m/box),,13-Aug-2026,P23-2864,13-Apr-2026,Fully billed,0.4 x 1.0 mm,CITO-SYSTEM GmbH,15.00,38.1199134,571.80
AMA04042,0.4 x 1.0 mm CITO BASICplus 2-3 pt. (35 m/box),,21-Oct-2026,P23-3010,17-Jun-2026,Ordered,0.4 x 1.0 mm,CITO-SYSTEM GmbH,10.00,37.8071556,378.07
AMA04062,0.4 x 1.2 mm CITO BASICplus 2-3 pt. (35 m/box),,22-Sep-2025,P23-2409,08-Sep-2025,Completed,0.4 x 1.2 mm,CITO-SYSTEM GmbH,4.00,41.3597273,165.44
AMA04062,0.4 x 1.2 mm CITO BASICplus 2-3 pt. (35 m/box),,30-Oct-2025,P23-2511,16-Oct-2025,Receiving,0.4 x 1.2 mm,CITO-SYSTEM GmbH,3.00,41.9795310,125.94
AMA04062,0.4 x 1.2 mm CITO BASICplus 2-3 pt. (35 m/box),,13-Jan-2026,P23-2418,11-Sep-2025,Completed,0.4 x 1.2 mm,CITO-SYSTEM GmbH,10.00,41.3139534,413.14
AMA04072,0.4 x 1.3 mm CITO BASICplus 2-3 pt. (35 m/box),,13-Jan-2026,P23-2418,11-Sep-2025,Completed,0.4 x 1.3 mm,CITO-SYSTEM GmbH,12.00,40.6245036,487.49
AMA04072,0.4 x 1.3 mm CITO BASICplus 2-3 pt. (35 m/box),,24-Feb-2026,P23-2758,10-Feb-2026,Completed,0.4 x 1.3 mm,CITO-SYSTEM GmbH,10.00,38.6820042,386.82
AMA04072,0.4 x 1.3 mm CITO BASICplus 2-3 pt. (35 m/box),,26-Feb-2026,P23-2549,07-Nov-2025,Completed,0.4 x 1.3 mm,CITO-SYSTEM GmbH,2.00,40.9469130,81.89
AMA04072,0.4 x 1.3 mm CITO BASICplus 2-3 pt. (35 m/box),,20-May-2026,P23-2938,08-May-2026,Fully billed,0.4 x 1.3 mm,CITO-SYSTEM GmbH,10.00,37.3480152,373.48
AMA04072,0.4 x 1.3 mm CITO BASICplus 2-3 pt. (35 m/box),,25-May-2026,P23-2682,09-Jan-2026,Completed,0.4 x 1.3 mm,CITO-SYSTEM GmbH,39.00,40.0022052,"1,560.09"
AMA04072,0.4 x 1.3 mm CITO BASICplus 2-3 pt. (35 m/box),,13-Aug-2026,P23-2864,13-Apr-2026,Fully billed,0.4 x 1.3 mm,CITO-SYSTEM GmbH,25.00,38.1199134,953.00
AMA04072,0.4 x 1.3 mm CITO BASICplus 2-3 pt. (35 m/box),,25-Nov-2026,P23-3131,13-Aug-2026,Ordered,0.4 x 1.3 mm,CITO-SYSTEM GmbH,7.00,37.5511584,262.86
AMA04092,0.4 x 1.5 mm CITO BASICplus 2-3 pt. (35 m/box),False,30-Oct-2025,P23-2511,16-Oct-2025,Receiving,0.4 x 1.5 mm,CITO-SYSTEM GmbH,4.00,41.9795310,167.92
AMA04092,0.4 x 1.5 mm CITO BASICplus 2-3 pt. (35 m/box),False,27-Nov-2025,P23-2557,13-Nov-2025,Completed,0.4 x 1.5 mm,CITO-SYSTEM GmbH,2.00,40.6353042,81.27
AMA04092,0.4 x 1.5 mm CITO BASICplus 2-3 pt. (35 m/box),False,13-Jan-2026,P23-2418,11-Sep-2025,Completed,0.4 x 1.5 mm,CITO-SYSTEM GmbH,12.00,41.3139534,495.77
AMA04092,0.4 x 1.5 mm CITO BASICplus 2-3 pt. (35 m/box),False,14-Jan-2026,P23-2671,30-Dec-2025,Completed,0.4 x 1.5 mm,CITO-SYSTEM GmbH,10.00,41.0776827,410.78
AMA04092,0.4 x 1.5 mm CITO BASICplus 2-3 pt. (35 m/box),False,24-Feb-2026,P23-2758,10-Feb-2026,Completed,0.4 x 1.5 mm,CITO-SYSTEM GmbH,10.00,39.3384873,393.38
AMA04092,0.4 x 1.5 mm CITO BASICplus 2-3 pt. (35 m/box),False,15-Apr-2026,P23-2849,01-Apr-2026,Completed,0.4 x 1.5 mm,CITO-SYSTEM GmbH,10.00,39.0192531,390.19
AMA04092,0.4 x 1.5 mm CITO BASICplus 2-3 pt. (35 m/box),False,25-May-2026,P23-2682,09-Jan-2026,Completed,0.4 x 1.5 mm,CITO-SYSTEM GmbH,14.00,40.6810938,569.54
AMA04092,0.4 x 1.5 mm CITO BASICplus 2-3 pt. (35 m/box),False,25-Nov-2026,P23-3131,13-Aug-2026,Ordered,0.4 x 1.5 mm,CITO-SYSTEM GmbH,1.00,38.1884496,38.19
AMA04112,0.4 x 1.7 mm CITO BASICplus 2-3 pt. (35 m/box),False,30-Oct-2025,P23-2511,16-Oct-2025,Receiving,0.4 x 1.7 mm,CITO-SYSTEM GmbH,1.00,41.9795310,41.98
AMA04112,0.4 x 1.7 mm CITO BASICplus 2-3 pt. (35 m/box),False,27-Nov-2025,P23-2557,13-Nov-2025,Completed,0.4 x 1.7 mm,CITO-SYSTEM GmbH,1.00,40.6353042,40.64
AMA04112,0.4 x 1.7 mm CITO BASICplus 2-3 pt. (35 m/box),False,10-Aug-2026,P23-3086,27-Jul-2026,Fully billed,0.4 x 1.7 mm,CITO-SYSTEM GmbH,3.00,37.4371776,112.31
AMA04112,0.4 x 1.7 mm CITO BASICplus 2-3 pt. (35 m/box),False,21-Oct-2026,P23-3010,17-Jun-2026,Ordered,0.4 x 1.7 mm,CITO-SYSTEM GmbH,1.00,37.8071556,37.81
AMA04122,0.4 x 1.9 mm CITO BASICplus 2-3 pt.(35m/box),,14-Jan-2026,P23-2671,30-Dec-2025,Completed,0.4 x 1.9 mm,CITO-SYSTEM GmbH,2.00,41.0776827,82.16
AMA04122,0.4 x 1.9 mm CITO BASICplus 2-3 pt.(35m/box),,24-Feb-2026,P23-2758,10-Feb-2026,Completed,0.4 x 1.9 mm,CITO-SYSTEM GmbH,2.00,39.3384873,78.68
AMA04122,0.4 x 1.9 mm CITO BASICplus 2-3 pt.(35m/box),,25-May-2026,P23-2682,09-Jan-2026,Completed,0.4 x 1.9 mm,CITO-SYSTEM GmbH,7.00,40.6810938,284.77
AMA05042,0.5 x 1.0 mm CITO BASICplus 2-3 pt. (35 m/box),,25-Nov-2026,P23-3131,13-Aug-2026,Ordered,0.5 x 1.0 mm,CITO-SYSTEM GmbH,2.00,38.1884496,76.38
AMA05062,0.5 x 1.2 mm CITO BASICplus 2-3 pt. (35 m/box),,21-Oct-2026,P23-3010,17-Jun-2026,Ordered,0.5 x 1.2 mm,CITO-SYSTEM GmbH,1.00,37.8071556,37.81
AMA05072,0.5 x 1.3 mm CITO BASICplus 2-3 pt. (35 m/box),,13-Jan-2026,P23-2418,11-Sep-2025,Completed,0.5 x 1.3 mm,CITO-SYSTEM GmbH,8.00,40.6245036,325.00
AMA05072,0.5 x 1.3 mm CITO BASICplus 2-3 pt. (35 m/box),,14-Jan-2026,P23-2671,30-Dec-2025,Completed,0.5 x 1.3 mm,CITO-SYSTEM GmbH,10.00,40.3921758,403.92
AMA05072,0.5 x 1.3 mm CITO BASICplus 2-3 pt. (35 m/box),,25-May-2026,P23-2682,09-Jan-2026,Completed,0.5 x 1.3 mm,CITO-SYSTEM GmbH,17.00,40.0022052,680.04
AMA05072,0.5 x 1.3 mm CITO BASICplus 2-3 pt. (35 m/box),,25-Nov-2026,P23-3131,13-Aug-2026,Ordered,0.5 x 1.3 mm,CITO-SYSTEM GmbH,3.00,37.5511584,112.65
AMA05092,0.5 x 1.5 mm CITO BASICplus 2-3 pt. (35 m/box),False,22-Sep-2025,P23-2409,08-Sep-2025,Completed,0.5 x 1.5 mm,CITO-SYSTEM GmbH,6.00,41.7077379,250.25
AMA05092,0.5 x 1.5 mm CITO BASICplus 2-3 pt. (35 m/box),False,27-Nov-2025,P23-2557,13-Nov-2025,Completed,0.5 x 1.5 mm,CITO-SYSTEM GmbH,2.00,40.6353042,81.27
AMA05092,0.5 x 1.5 mm CITO BASICplus 2-3 pt. (35 m/box),False,13-Jan-2026,P23-2418,11-Sep-2025,Completed,0.5 x 1.5 mm,CITO-SYSTEM GmbH,30.00,41.3139534,"1,239.42"
AMA05092,0.5 x 1.5 mm CITO BASICplus 2-3 pt. (35 m/box),False,25-May-2026,P23-2682,09-Jan-2026,Completed,0.5 x 1.5 mm,CITO-SYSTEM GmbH,13.00,40.6810938,528.85
AMA05092,0.5 x 1.5 mm CITO BASICplus 2-3 pt. (35 m/box),False,13-Aug-2026,P23-2864,13-Apr-2026,Fully billed,0.5 x 1.5 mm,CITO-SYSTEM GmbH,10.00,38.7668571,387.67
AMA05092,0.5 x 1.5 mm CITO BASICplus 2-3 pt. (35 m/box),False,25-Nov-2026,P23-3131,13-Aug-2026,Ordered,0.5 x 1.5 mm,CITO-SYSTEM GmbH,21.00,38.1884496,801.96
AMA05112,0.5 x 1.7 mm CITO BASICplus 2-3 pt. (35 m/box),,20-May-2026,P23-2938,08-May-2026,Fully billed,0.5 x 1.7 mm,CITO-SYSTEM GmbH,2.00,37.9818588,75.96
AMA05112,0.5 x 1.7 mm CITO BASICplus 2-3 pt. (35 m/box),,21-Oct-2026,P23-3010,17-Jun-2026,Ordered,0.5 x 1.7 mm,CITO-SYSTEM GmbH,4.00,38.4487914,153.80
AMA05122,0.5 x 1.9 mm CITO BASICplus 2-3 pt. (35 m/box),,25-May-2026,P23-2682,09-Jan-2026,Completed,0.5 x 1.9 mm,CITO-SYSTEM GmbH,3.00,40.0022052,120.01
AMA06153,0.6 x 2.5 mm CITO BASICplus 3-4 pt. (35 m/box),,30-Oct-2025,P23-2511,16-Oct-2025,Receiving,0.6 x 2.5 mm,CITO-SYSTEM GmbH,1.00,41.2789740,41.28
AMA06153,0.6 x 2.5 mm CITO BASICplus 3-4 pt. (35 m/box),,13-Aug-2026,P23-2864,13-Apr-2026,Fully billed,0.6 x 2.5 mm,CITO-SYSTEM GmbH,1.00,38.1199134,38.12
AMA06173,0.6 x 3.0 mm CITO BASICplus 3-4 pt. (35 m/box),,20-May-2026,P23-2938,08-May-2026,Fully billed,0.6 x 3.0 mm,CITO-SYSTEM GmbH,5.00,37.9818588,189.91
AMA06173,0.6 x 3.0 mm CITO BASICplus 3-4 pt. (35 m/box),,28-Jul-2026,P23-3066,14-Jul-2026,Fully billed,0.6 x 3.0 mm,CITO-SYSTEM GmbH,2.00,38.3931708,76.79
AMA06173,0.6 x 3.0 mm CITO BASICplus 3-4 pt. (35 m/box),,13-Aug-2026,P23-2864,13-Apr-2026,Fully billed,0.6 x 3.0 mm,CITO-SYSTEM GmbH,5.00,38.7668571,193.83
AMA06173,0.6 x 3.0 mm CITO BASICplus 3-4 pt. (35 m/box),,21-Oct-2026,P23-3010,17-Jun-2026,Ordered,0.6 x 3.0 mm,CITO-SYSTEM GmbH,5.00,38.4487914,192.24
AMA06173,0.6 x 3.0 mm CITO BASICplus 3-4 pt. (35 m/box),,25-Nov-2026,P23-3131,13-Aug-2026,Ordered,0.6 x 3.0 mm,CITO-SYSTEM GmbH,1.00,38.1884496,38.19
AMA07143,0.7 x 2.3 mm CITO BASICplus 3-4 pt. (35 m/box),False,14-Jan-2026,P23-2671,30-Dec-2025,Completed,0.7 x 2.3 mm,CITO-SYSTEM GmbH,2.00,40.3921758,80.78
AMA07143,0.7 x 2.3 mm CITO BASICplus 3-4 pt. (35 m/box),False,25-May-2026,P23-2682,09-Jan-2026,Completed,0.7 x 2.3 mm,CITO-SYSTEM GmbH,4.00,40.0022052,160.01
AMA07143,0.7 x 2.3 mm CITO BASICplus 3-4 pt. (35 m/box),False,25-Nov-2026,P23-3131,13-Aug-2026,Ordered,0.7 x 2.3 mm,CITO-SYSTEM GmbH,2.00,37.5511584,75.10
AMA08173,0.8 x 3.0 mm CITO BASICplus 3-4 pt. (35 m/box),,25-Nov-2026,P23-3131,13-Aug-2026,Ordered,0.8 x 3.0 mm,CITO-SYSTEM GmbH,2.00,37.5511584,75.10
AMA08193,0.8 x 3.5 mm CITO BASICplus 3-4 pt. (35 m/box),,30-Oct-2025,P23-2511,16-Oct-2025,Receiving,0.8 x 3.5 mm,CITO-SYSTEM GmbH,5.00,41.9795310,209.90
AMA08193,0.8 x 3.5 mm CITO BASICplus 3-4 pt. (35 m/box),,13-Jan-2026,P23-2418,11-Sep-2025,Completed,0.8 x 3.5 mm,CITO-SYSTEM GmbH,1.00,41.3139534,41.31
AMA08193,0.8 x 3.5 mm CITO BASICplus 3-4 pt. (35 m/box),,26-Feb-2026,P23-2549,07-Nov-2025,Completed,0.8 x 3.5 mm,CITO-SYSTEM GmbH,5.00,41.6418345,208.21
AMA08193,0.8 x 3.5 mm CITO BASICplus 3-4 pt. (35 m/box),,28-Jul-2026,P23-3066,14-Jul-2026,Fully billed,0.8 x 3.5 mm,CITO-SYSTEM GmbH,1.00,37.7524632,37.75
AMA08193,0.8 x 3.5 mm CITO BASICplus 3-4 pt. (35 m/box),,25-Nov-2026,P23-3131,13-Aug-2026,Ordered,0.8 x 3.5 mm,CITO-SYSTEM GmbH,6.00,38.1884496,229.13
AMA08203,0.8 x 4.0 mm CITO BASICPLUS 3-4 pt. (35 m/box),False,30-Oct-2025,P23-2511,16-Oct-2025,Receiving,0.8 x 4.0 mm,CITO-SYSTEM GmbH,6.00,41.9795310,251.88
AMA08203,0.8 x 4.0 mm CITO BASICPLUS 3-4 pt. (35 m/box),False,13-Jan-2026,P23-2418,11-Sep-2025,Completed,0.8 x 4.0 mm,CITO-SYSTEM GmbH,6.00,41.3139534,247.88
AMA08203,0.8 x 4.0 mm CITO BASICPLUS 3-4 pt. (35 m/box),False,26-Feb-2026,P23-2549,07-Nov-2025,Completed,0.8 x 4.0 mm,CITO-SYSTEM GmbH,5.00,41.6418345,208.21
AMA08203,0.8 x 4.0 mm CITO BASICPLUS 3-4 pt. (35 m/box),False,15-Apr-2026,P23-2849,01-Apr-2026,Completed,0.8 x 4.0 mm,CITO-SYSTEM GmbH,2.00,39.0192531,78.04
AMA08203,0.8 x 4.0 mm CITO BASICPLUS 3-4 pt. (35 m/box),False,20-May-2026,P23-2938,08-May-2026,Fully billed,0.8 x 4.0 mm,CITO-SYSTEM GmbH,8.00,37.9818588,303.85
AMA08203,0.8 x 4.0 mm CITO BASICPLUS 3-4 pt. (35 m/box),False,25-May-2026,P23-2682,09-Jan-2026,Completed,0.8 x 4.0 mm,CITO-SYSTEM GmbH,3.00,40.6810938,122.04
AMA08203,0.8 x 4.0 mm CITO BASICPLUS 3-4 pt. (35 m/box),False,13-Aug-2026,P23-2864,13-Apr-2026,Fully billed,0.8 x 4.0 mm,CITO-SYSTEM GmbH,12.00,38.7668571,465.20
AMA10173,1.0 x 3.0 mm CITO BASICplus 3-4 pt. (35 m/box),,25-Nov-2026,P23-3131,13-Aug-2026,Ordered,1.0 x 3.0 mm,CITO-SYSTEM GmbH,1.00,35.5902624,35.59
AMA10234,1.0 x 6.0 mm CITO BASICplus 4-6 pt. (28 m/box),,26-Feb-2026,P23-2549,07-Nov-2025,Completed,1.0 x 6.0 mm,CITO-SYSTEM GmbH,1.00,38.8086930,38.81
AMA10234,1.0 x 6.0 mm CITO BASICplus 4-6 pt. (28 m/box),,25-Nov-2026,P23-3131,13-Aug-2026,Ordered,1.0 x 6.0 mm,CITO-SYSTEM GmbH,1.00,35.5902624,35.59
AMF04032,0.4 x 0.8 mm CITO BASICplus Offcenter 2-3pt. (21 m/box),False,25-Nov-2026,P23-3131,13-Aug-2026,Ordered,0.4 x 0.8 mm,CITO-SYSTEM GmbH,2.00,25.1648320,50.33
AMF04042,0.4 x 1.0 mm CITO BASICplus Offcenter 2-3pt.(21 m/box),,26-Feb-2026,P23-2549,07-Nov-2025,Completed,0.4 x 1.0 mm,CITO-SYSTEM GmbH,6.00,27.4404900,164.64
AMF04062,0.4 x 1.2 mm CITO BASICplus Offcenter 2-3pt. (21 m/box),,30-Oct-2025,P23-2511,16-Oct-2025,Receiving,0.4 x 1.2 mm,CITO-SYSTEM GmbH,3.00,27.6630200,82.99
AMF04062,0.4 x 1.2 mm CITO BASICplus Offcenter 2-3pt. (21 m/box),,13-Jan-2026,P23-2418,11-Sep-2025,Completed,0.4 x 1.2 mm,CITO-SYSTEM GmbH,1.00,27.2244280,27.22
AMF04062,0.4 x 1.2 mm CITO BASICplus Offcenter 2-3pt. (21 m/box),,26-Feb-2026,P23-2549,07-Nov-2025,Completed,0.4 x 1.2 mm,CITO-SYSTEM GmbH,2.00,27.4404900,54.88
AMF04062,0.4 x 1.2 mm CITO BASICplus Offcenter 2-3pt. (21 m/box),,20-May-2026,P23-2938,08-May-2026,Fully billed,0.4 x 1.2 mm,CITO-SYSTEM GmbH,2.00,25.0286960,50.06
AMF04062,0.4 x 1.2 mm CITO BASICplus Offcenter 2-3pt. (21 m/box),,13-Aug-2026,P23-2864,13-Apr-2026,Fully billed,0.4 x 1.2 mm,CITO-SYSTEM GmbH,4.00,25.5459820,102.18
AMF04062,0.4 x 1.2 mm CITO BASICplus Offcenter 2-3pt. (21 m/box),,21-Oct-2026,P23-3010,17-Jun-2026,Ordered,0.4 x 1.2 mm,CITO-SYSTEM GmbH,3.00,25.3363880,76.01
AMF04072,0.4 x 1.3 mm CITO BASICplus Offcenter 2-3 pt. (21 m/box),,13-Jan-2026,P23-2418,11-Sep-2025,Completed,0.4 x 1.3 mm,CITO-SYSTEM GmbH,16.00,27.2244280,435.59
AMF04072,0.4 x 1.3 mm CITO BASICplus Offcenter 2-3 pt. (21 m/box),,20-May-2026,P23-2938,08-May-2026,Fully billed,0.4 x 1.3 mm,CITO-SYSTEM GmbH,4.00,25.0286960,100.11
AMF04072,0.4 x 1.3 mm CITO BASICplus Offcenter 2-3 pt. (21 m/box),,25-May-2026,P23-2682,09-Jan-2026,Completed,0.4 x 1.3 mm,CITO-SYSTEM GmbH,22.00,26.8073960,589.76
AMF04072,0.4 x 1.3 mm CITO BASICplus Offcenter 2-3 pt. (21 m/box),,13-Aug-2026,P23-2864,13-Apr-2026,Fully billed,0.4 x 1.3 mm,CITO-SYSTEM GmbH,10.00,25.5459820,255.46
AMF04072,0.4 x 1.3 mm CITO BASICplus Offcenter 2-3 pt. (21 m/box),,25-Nov-2026,P23-3131,13-Aug-2026,Ordered,0.4 x 1.3 mm,CITO-SYSTEM GmbH,12.00,25.1648320,301.98
AMF04082,0.4 x 1.4 mm CITO BASICplus Offcenter 2-3 pt. (21 m/box),False,14-Jan-2026,P23-2671,30-Dec-2025,Completed,0.4 x 1.4 mm,CITO-SYSTEM GmbH,2.00,27.0687340,54.14
AMF04082,0.4 x 1.4 mm CITO BASICplus Offcenter 2-3 pt. (21 m/box),False,26-Feb-2026,P23-2549,07-Nov-2025,Completed,0.4 x 1.4 mm,CITO-SYSTEM GmbH,5.00,27.4404900,137.20
AMF04082,0.4 x 1.4 mm CITO BASICplus Offcenter 2-3 pt. (21 m/box),False,20-May-2026,P23-2938,08-May-2026,Fully billed,0.4 x 1.4 mm,CITO-SYSTEM GmbH,6.00,25.0286960,150.17
AMF04082,0.4 x 1.4 mm CITO BASICplus Offcenter 2-3 pt. (21 m/box),False,25-May-2026,P23-2682,09-Jan-2026,Completed,0.4 x 1.4 mm,CITO-SYSTEM GmbH,8.00,26.8073960,214.46
AMF04082,0.4 x 1.4 mm CITO BASICplus Offcenter 2-3 pt. (21 m/box),False,21-Oct-2026,P23-3010,17-Jun-2026,Ordered,0.4 x 1.4 mm,CITO-SYSTEM GmbH,10.00,25.3363880,253.36
AMF04092,0.4 x 1.5 mm CITO BASICplus Offcenter 2-3pt. (21 m/box),,13-Jan-2026,P23-2418,11-Sep-2025,Completed,0.4 x 1.5 mm,CITO-SYSTEM GmbH,6.00,27.2244280,163.35
AMF04092,0.4 x 1.5 mm CITO BASICplus Offcenter 2-3pt. (21 m/box),,14-Jan-2026,P23-2671,30-Dec-2025,Completed,0.4 x 1.5 mm,CITO-SYSTEM GmbH,6.00,27.0687340,162.41
AMF04092,0.4 x 1.5 mm CITO BASICplus Offcenter 2-3pt. (21 m/box),,25-May-2026,P23-2682,09-Jan-2026,Completed,0.4 x 1.5 mm,CITO-SYSTEM GmbH,12.00,26.8073960,321.69
AMF04092,0.4 x 1.5 mm CITO BASICplus Offcenter 2-3pt. (21 m/box),,25-Nov-2026,P23-3131,13-Aug-2026,Ordered,0.4 x 1.5 mm,CITO-SYSTEM GmbH,8.00,25.1648320,201.32
AMF04102,0.4 x 1.6 mm CITO BASICplus Off-Center 2-3 pt. (21 m/box),,24-Feb-2026,P23-2758,10-Feb-2026,Completed,0.4 x 1.6 mm,CITO-SYSTEM GmbH,4.00,25.4850106,101.94
AMF04102,0.4 x 1.6 mm CITO BASICplus Off-Center 2-3 pt. (21 m/box),,26-Aug-2026,P23-3132,13-Aug-2026,Fully billed,0.4 x 1.6 mm,CITO-SYSTEM GmbH,2.00,24.7399712,49.48
AMF04112,0.4 x 1.7 mm CITO BASICplus Offcenter 2-3pt. (21 m/box),False,28-Jul-2026,P23-3066,14-Jul-2026,Fully billed,0.4 x 1.7 mm,CITO-SYSTEM GmbH,1.00,25.2997360,25.30
AMF04112,0.4 x 1.7 mm CITO BASICplus Offcenter 2-3pt. (21 m/box),False,26-Aug-2026,P23-3132,13-Aug-2026,Fully billed,0.4 x 1.7 mm,CITO-SYSTEM GmbH,4.00,24.7399712,98.96
AMF04112,0.4 x 1.7 mm CITO BASICplus Offcenter 2-3pt. (21 m/box),False,21-Oct-2026,P23-3010,17-Jun-2026,Ordered,0.4 x 1.7 mm,CITO-SYSTEM GmbH,2.00,25.3363880,50.67
AMF04112,0.4 x 1.7 mm CITO BASICplus Offcenter 2-3pt. (21 m/box),False,25-Nov-2026,P23-3131,13-Aug-2026,Ordered,0.4 x 1.7 mm,CITO-SYSTEM GmbH,1.00,25.1648320,25.16
AMF05032,0.5 x 0.8 mm CITO BASICplus Off-Center 2-3 pt. (21 m/box),,21-Oct-2026,P23-3010,17-Jun-2026,Ordered,0.5 x 0.8 mm,CITO-SYSTEM GmbH,1.00,24.9086308,24.91
AMF05042,0.5 x 1.0 mm CITO BASICplus Offcenter 2-3 pt. (21 m/box),,25-May-2026,P23-2682,09-Jan-2026,Completed,0.5 x 1.0 mm,CITO-SYSTEM GmbH,2.00,26.3548036,52.71
AMF05072,0.5 x 1.3 mm CITO BASICplus Offcenter 2-3pt.(21 m/box),False,22-Sep-2025,P23-2409,08-Sep-2025,Completed,0.5 x 1.3 mm,CITO-SYSTEM GmbH,2.00,27.4839180,54.97
AMF05072,0.5 x 1.3 mm CITO BASICplus Offcenter 2-3pt.(21 m/box),False,30-Oct-2025,P23-2511,16-Oct-2025,Receiving,0.5 x 1.3 mm,CITO-SYSTEM GmbH,3.00,27.6630200,82.99
AMF05072,0.5 x 1.3 mm CITO BASICplus Offcenter 2-3pt.(21 m/box),False,13-Jan-2026,P23-2418,11-Sep-2025,Completed,0.5 x 1.3 mm,CITO-SYSTEM GmbH,12.00,27.2244280,326.69
AMF05092,0.5 x 1.5 mm CITO BASICplus Offcenter 2-3pt.(21 m/box),,30-Oct-2025,P23-2511,16-Oct-2025,Receiving,0.5 x 1.5 mm,CITO-SYSTEM GmbH,5.00,27.6630200,138.32
AMF05092,0.5 x 1.5 mm CITO BASICplus Offcenter 2-3pt.(21 m/box),,13-Jan-2026,P23-2418,11-Sep-2025,Completed,0.5 x 1.5 mm,CITO-SYSTEM GmbH,45.00,27.2244280,"1,225.10"
AMF05102,0.5 x 1.6 mm CITO BASICplus Offcenter 2-3pt. (21 m/box),False,30-Oct-2025,P23-2511,16-Oct-2025,Receiving,0.5 x 1.6 mm,CITO-SYSTEM GmbH,5.00,27.6630200,138.32
AMF05102,0.5 x 1.6 mm CITO BASICplus Offcenter 2-3pt. (21 m/box),False,13-Jan-2026,P23-2418,11-Sep-2025,Completed,0.5 x 1.6 mm,CITO-SYSTEM GmbH,1.00,27.2244280,27.22
AMF05102,0.5 x 1.6 mm CITO BASICplus Offcenter 2-3pt. (21 m/box),False,26-Feb-2026,P23-2549,07-Nov-2025,Completed,0.5 x 1.6 mm,CITO-SYSTEM GmbH,5.00,27.4404900,137.20
AMF05102,0.5 x 1.6 mm CITO BASICplus Offcenter 2-3pt. (21 m/box),False,20-May-2026,P23-2938,08-May-2026,Fully billed,0.5 x 1.6 mm,CITO-SYSTEM GmbH,5.00,25.0286960,125.14
AMF05102,0.5 x 1.6 mm CITO BASICplus Offcenter 2-3pt. (21 m/box),False,28-Jul-2026,P23-3066,14-Jul-2026,Fully billed,0.5 x 1.6 mm,CITO-SYSTEM GmbH,7.00,25.1776965,176.25
AMF05102,0.5 x 1.6 mm CITO BASICplus Offcenter 2-3pt. (21 m/box),False,21-Oct-2026,P23-3010,17-Jun-2026,Ordered,0.5 x 1.6 mm,CITO-SYSTEM GmbH,15.00,25.3363880,380.05
AMF05112,0.5 x 1.7 mm CITO BASICplus Offcenter 2-3 pt. (21 m/box),False,22-Sep-2025,P23-2409,08-Sep-2025,Completed,0.5 x 1.7 mm,CITO-SYSTEM GmbH,2.00,27.0199038,54.04
AMF05112,0.5 x 1.7 mm CITO BASICplus Offcenter 2-3 pt. (21 m/box),False,28-Jul-2026,P23-3066,14-Jul-2026,Fully billed,0.5 x 1.7 mm,CITO-SYSTEM GmbH,6.00,24.8725976,149.24
AMF06122,0.6 x 1.9 mm CITO BASICplus Off-Center 2-3 pt. (21 m/box),,20-May-2026,P23-2938,08-May-2026,Fully billed,0.6 x 1.9 mm,CITO-SYSTEM GmbH,6.00,24.6061336,147.64
AMF06173,0.6 x 3.0 mm CITO BASICplus Off-Center 3-4 pt. (21 m/box),,25-May-2026,P23-2682,09-Jan-2026,Completed,0.6 x 3.0 mm,CITO-SYSTEM GmbH,2.00,26.3548036,52.71
AMG04072,0.4 x 1.3 mm CITO BASICplus MINI 2-3 pt. (21 m/box),,25-May-2026,P23-2682,09-Jan-2026,Completed,0.4 x 1.3 mm,CITO-SYSTEM GmbH,4.00,50.3422008,201.37
AMG04072,0.4 x 1.3 mm CITO BASICplus MINI 2-3 pt. (21 m/box),,25-Nov-2026,P23-3131,13-Aug-2026,Ordered,0.4 x 1.3 mm,CITO-SYSTEM GmbH,2.00,47.2575936,94.52
AMG05092,0.5 x 1.5 mm CITO BASICplus MINI 2-3 pt. (21 m/box),,14-Jan-2026,P23-2671,30-Dec-2025,Completed,0.5 x 1.5 mm,CITO-SYSTEM GmbH,1.00,26.6117294,26.61
AMG05092,0.5 x 1.5 mm CITO BASICplus MINI 2-3 pt. (21 m/box),,26-Feb-2026,P23-2549,07-Nov-2025,Completed,0.5 x 1.5 mm,CITO-SYSTEM GmbH,2.00,26.9772090,53.95
AMG05092,0.5 x 1.5 mm CITO BASICplus MINI 2-3 pt. (21 m/box),,20-May-2026,P23-2938,08-May-2026,Fully billed,0.5 x 1.5 mm,CITO-SYSTEM GmbH,1.00,24.6061336,24.61
AMG05092,0.5 x 1.5 mm CITO BASICplus MINI 2-3 pt. (21 m/box),,13-Aug-2026,P23-2864,13-Apr-2026,Fully billed,0.5 x 1.5 mm,CITO-SYSTEM GmbH,1.00,25.1146862,25.11
AMJ04074,0.4 x 1.3 x 4 mm CITO BASICplus DoubleCrease (14 m/box),False,22-Sep-2025,P23-2422,15-Sep-2025,Completed,FALSE,CITO-SYSTEM GmbH,1.00,30.9858560,30.99
ARC00003,RSP Grid Sheet CD 74/XL 75 Coating Unit,,13-Jan-2026,P23-2418,11-Sep-2025,Completed,FALSE,CITO-SYSTEM GmbH,2.00,47.7841746,95.57
ARC00007,RSP Grid Sheet SM/SX 102/SORS Printing Unit,False,25-May-2026,P23-2682,09-Jan-2026,Completed,FALSE,CITO-SYSTEM GmbH,10.00,78.1418186,781.42
ARE03004,ORS 0.3 x 1.0 x 700 mm (unit = 30 pcs.),,30-Oct-2025,P23-2511,16-Oct-2025,Receiving,FALSE,CITO-SYSTEM GmbH,2.00,71.2592210,142.52
ARE03004,ORS 0.3 x 1.0 x 700 mm (unit = 30 pcs.),,26-Feb-2026,P23-2549,07-Nov-2025,Completed,FALSE,CITO-SYSTEM GmbH,5.00,70.6859895,353.43
ARG00023,RSP Protective Impression Cylinder Jacket SM/SO/CD102 / L40 (1026 x 703 mm) A,,26-Feb-2026,P23-2549,07-Nov-2025,Completed,FALSE,CITO-SYSTEM GmbH,12.00,115.2678765,"1,383.21"
ARG00024,RSP Protective Impression Cylinder Jacket SM 102 (1026 x 703 mm) P,False,25-May-2026,P23-2682,09-Jan-2026,Completed,FALSE,CITO-SYSTEM GmbH,10.00,114.5232846,"1,145.23"
ARG00026,RSP Protective Impression Cylinder Jacket CD 74 - XL 75 (746 x 610 mm),,25-May-2026,P23-2682,09-Jan-2026,Completed,FALSE,CITO-SYSTEM GmbH,6.00,68.6547856,411.93
ARG00027,RSP Protective Impression Cylinder Jacket XL 105/ /Rapida 106 (1056 x 739 mm) A,False,26-Feb-2026,P23-2549,07-Nov-2025,Completed,FALSE,CITO-SYSTEM GmbH,15.00,97.1108250,"1,456.66"
ARG00028,RSP Protective Impression Cylinder Jacket XL 105 (1056 x 739 mm) P,,30-Oct-2025,P23-2511,16-Oct-2025,Receiving,FALSE,CITO-SYSTEM GmbH,12.00,116.2026470,"1,394.43"
ARG00028,RSP Protective Impression Cylinder Jacket XL 105 (1056 x 739 mm) P,,13-Jan-2026,P23-2418,11-Sep-2025,Completed,FALSE,CITO-SYSTEM GmbH,10.00,116.3048778,"1,163.05"
ARG00028,RSP Protective Impression Cylinder Jacket XL 105 (1056 x 739 mm) P,,26-Feb-2026,P23-2549,07-Nov-2025,Completed,FALSE,CITO-SYSTEM GmbH,40.00,117.2279115,"4,689.12"
ARG00028,RSP Protective Impression Cylinder Jacket XL 105 (1056 x 739 mm) P,,25-May-2026,P23-2682,09-Jan-2026,Completed,FALSE,CITO-SYSTEM GmbH,60.00,114.5232846,"6,871.40"
ARG00028,RSP Protective Impression Cylinder Jacket XL 105 (1056 x 739 mm) P,,13-Aug-2026,P23-2864,13-Apr-2026,Fully billed,FALSE,CITO-SYSTEM GmbH,10.00,109.1344257,"1,091.34"
ARG00028,RSP Protective Impression Cylinder Jacket XL 105 (1056 x 739 mm) P,,21-Oct-2026,P23-3010,17-Jun-2026,Ordered,FALSE,CITO-SYSTEM GmbH,20.00,108.2390238,"2,164.78"
ARG99001,RSP Protective Impression Cylinder Strips 703 x 65 mm (unit = 25 pcs.),false,25-Nov-2026,P23-3131,13-Aug-2026,Ordered,FALSE,CITO-SYSTEM GmbH,2.00,341.6861280,683.37
ASS565,Blade Fixing plate Assembly (5.6.5),,08-Apr-2026,P23-2839,25-Mar-2026,Receiving,FALSE,Hangzhou Youngsun Intelligent Company,20.00,1.4341100,28.68
AVB99101,"KBA Rapida 105/106 Coater 740 mm, 800 × 1060 mm",,,P23-2997,10-Jun-2026,Fully billed,FALSE,CITO-SYSTEM GmbH,4.00,589.3474892,"2,357.39"
B300,100mm X 300m X 20um Bundle Wrap (20),false,,P23-2471,03-Oct-2025,Completed,,JC Gilmore,3.00,50.4000000,151.20
B300,100mm X 300m X 20um Bundle Wrap (20),false,,P23-2679,09-Jan-2026,Completed,,JC Gilmore,6.00,50.4000000,302.40
B300,100mm X 300m X 20um Bundle Wrap (20),false,,P23-2962,19-May-2026,Completed,,JC Gilmore,1.00,50.4000000,50.40
B300,100mm X 300m X 20um Bundle Wrap (20),false,,P23-2988,04-Jun-2026,Completed,,JC Gilmore,6.00,57.0000000,342.00
BHB00446,BROWN EXPERT - Pertinex - 1070 x 1070 x 0.6mm,false,13-May-2026,P23-2690,13-Jan-2026,Completed,TRUE,CITO-SYSTEM GmbH,50.00,40.7814564,"2,039.07"
BHB00446,BROWN EXPERT - Pertinex - 1070 x 1070 x 0.6mm,false,23-Jun-2026,P23-2992,09-Jun-2026,Fully billed,TRUE,CITO-SYSTEM GmbH,20.00,38.3791524,767.58
BHB00446,BROWN EXPERT - Pertinex - 1070 x 1070 x 0.6mm,false,13-Aug-2026,P23-2864,13-Apr-2026,Fully billed,TRUE,CITO-SYSTEM GmbH,50.00,38.9161518,"1,945.81"
BHB00448,BROWN EXPERT 1070 × 1070 × 0.70 mm,false,13-May-2026,P23-2690,13-Jan-2026,Completed,FALSE,CITO-SYSTEM GmbH,30.00,35.8967210,"1,076.90"
BHB00448,BROWN EXPERT 1070 × 1070 × 0.70 mm,false,21-Oct-2026,P23-3010,17-Jun-2026,Ordered,FALSE,CITO-SYSTEM GmbH,30.00,26.7019206,801.06
BHS00002,Positioning Pin Plastic Diameter 8 × head Diameter 5.5 × 21 mm (unit = 100 pcs),,15-Apr-2026,P23-2849,01-Apr-2026,Completed,FALSE,CITO-SYSTEM GmbH,2.00,33.4760815,66.95
BIA00003,Manual nick chisel 0.3mm,false,22-Sep-2025,P23-2422,15-Sep-2025,Completed,,CITO-SYSTEM GmbH,2.00,21.9189720,43.84
BIA00003,Manual nick chisel 0.3mm,false,14-Jan-2026,P23-2671,30-Dec-2025,Completed,,CITO-SYSTEM GmbH,1.00,0.0000000,0.00
BIA00004,Cito Manual nick chisel 0.4mm,,14-Jan-2026,P23-2671,30-Dec-2025,Completed,,CITO-SYSTEM GmbH,1.00,0.0000000,0.00
BIA00005,Manual nick chisel 0.5mm,false,14-Jan-2026,P23-2671,30-Dec-2025,Completed,FALSE,CITO-SYSTEM GmbH,1.00,0.0000000,0.00
BIA00006,Manual nick chisel 0.6mm,False,14-Jan-2026,P23-2671,30-Dec-2025,Completed,FALSE,CITO-SYSTEM GmbH,1.00,0.0000000,0.00
BID52000,CITO Grinding Disc Diamond 50mmD x 0.2mmTx8B,,30-Oct-2025,P23-2511,16-Oct-2025,Receiving,FALSE,CITO-SYSTEM GmbH,2.00,169.8581280,339.72
BID52002,CITO Grinding Disc Diamond 50mmD x 0.4mmTx8B,false,04-Mar-2026,P23-2778,18-Feb-2026,Receiving,FALSE,CITO-SYSTEM GmbH,1.00,132.9278228,132.93
BID52004,CITO Grinding Disc Diamond 50mmD x 0.6mmTx8B,false,04-Mar-2026,P23-2778,18-Feb-2026,Receiving,FALSE,CITO-SYSTEM GmbH,1.00,141.3384312,141.34
BID52006,CITO Grinding Disc Diamond 50mmD x 0.8mmTx8B,false,04-Mar-2026,P23-2778,18-Feb-2026,Receiving,FALSE,CITO-SYSTEM GmbH,1.00,146.2139034,146.21
BID52013,CITO Grinding Disc Diamond 50mmD x 2.0mmTx8B,,11-Dec-2025,P23-2630,04-Dec-2025,Completed,FALSE,CITO-SYSTEM GmbH,2.00,233.7663818,467.53
BJA00020,Make Ready Paper 1200mm x 50M x .010 mm,False,,P23-3047,06-Jul-2026,Fully billed,FALSE,CITO-SYSTEM GmbH,2.00,148.1626919,296.33
BJA00020,Make Ready Paper 1200mm x 50M x .010 mm,False,13-Jan-2026,P23-2418,11-Sep-2025,Completed,FALSE,CITO-SYSTEM GmbH,5.00,158.6972014,793.49
BJA00020,Make Ready Paper 1200mm x 50M x .010 mm,False,25-May-2026,P23-2682,09-Jan-2026,Completed,FALSE,CITO-SYSTEM GmbH,16.00,156.2662298,"2,500.26"
BJA00020,Make Ready Paper 1200mm x 50M x .010 mm,False,09-Jun-2026,P23-2954,14-May-2026,Fully billed,FALSE,CITO-SYSTEM GmbH,2.00,144.9650845,289.93
BJA00020,Make Ready Paper 1200mm x 50M x .010 mm,False,13-Aug-2026,P23-2864,13-Apr-2026,Fully billed,FALSE,CITO-SYSTEM GmbH,12.00,148.9131691,"1,786.96"
BJA00020,Make Ready Paper 1200mm x 50M x .010 mm,False,25-Nov-2026,P23-3131,13-Aug-2026,Ordered,FALSE,CITO-SYSTEM GmbH,6.00,146.6913616,880.15
BJC01002,CITO Patching Tape 0.03mm x 6.0mm x 40m Blue [B25],False,25-May-2026,P23-2682,09-Jan-2026,Completed,TRUE,CITO-SYSTEM GmbH,8.00,94.8703300,758.96
BJC01002,CITO Patching Tape 0.03mm x 6.0mm x 40m Blue [B25],False,25-Nov-2026,P23-3131,13-Aug-2026,Ordered,TRUE,CITO-SYSTEM GmbH,1.00,89.0573600,89.06
BJC01006,CITO Patching Tape 0.03mm x 3.0mm x 40m Blue [B40],False,21-Oct-2026,P23-3010,17-Jun-2026,Ordered,FALSE,CITO-SYSTEM GmbH,1.00,141.0776150,141.08
BJC01007,CITO Patching Tape 0.08mm x 6.0mm x 20m Yellow [B25],False,22-Sep-2025,P23-2409,08-Sep-2025,Completed,TRUE,CITO-SYSTEM GmbH,4.00,87.3060564,349.22
BJC01007,CITO Patching Tape 0.08mm x 6.0mm x 20m Yellow [B25],False,30-Oct-2025,P23-2511,16-Oct-2025,Receiving,TRUE,CITO-SYSTEM GmbH,4.00,87.8749960,351.50
BJC01007,CITO Patching Tape 0.08mm x 6.0mm x 20m Yellow [B25],False,13-Jan-2026,P23-2418,11-Sep-2025,Completed,TRUE,CITO-SYSTEM GmbH,25.00,86.4817544,"2,162.04"
BJC01012,CITO Patching Tape 0.05mm x 6.0mm x 30m Red [B25],false,13-Jan-2026,P23-2418,11-Sep-2025,Completed,TRUE,CITO-SYSTEM GmbH,5.00,91.3962940,456.98
BJC01012,CITO Patching Tape 0.05mm x 6.0mm x 30m Red [B25],false,25-May-2026,P23-2682,09-Jan-2026,Completed,TRUE,CITO-SYSTEM GmbH,12.00,89.9962580,"1,079.96"
BJC01012,CITO Patching Tape 0.05mm x 6.0mm x 30m Red [B25],false,25-Nov-2026,P23-3131,13-Aug-2026,Ordered,TRUE,CITO-SYSTEM GmbH,1.00,84.4819360,84.48
BJC01016,CITO Patching Tape 0.05mm x 3.0mm x 30m Red [B40],False,30-Oct-2025,P23-2511,16-Oct-2025,Receiving,FALSE,CITO-SYSTEM GmbH,1.00,146.1290050,146.13
BJC01030,CITO Patching Tape 0.15mm x 6.0mm x 10m White [B25],False,25-May-2026,P23-2682,09-Jan-2026,Completed,FALSE,CITO-SYSTEM GmbH,4.00,74.9388570,299.76
BJC01030,CITO Patching Tape 0.15mm x 6.0mm x 10m White [B25],False,25-Nov-2026,P23-3131,13-Aug-2026,Ordered,FALSE,CITO-SYSTEM GmbH,1.00,70.3471440,70.35
BJE00001,CITO Waste Trim Knife 5.8 × 25mm (18mm wood),,26-Aug-2026,P23-3132,13-Aug-2026,Fully billed,,CITO-SYSTEM GmbH,1.00,129.4191360,129.42
BJE00002,CITO Waste Trim Knife 5.8 × 50mm (18mm wood),,26-Aug-2026,P23-3132,13-Aug-2026,Fully billed,,CITO-SYSTEM GmbH,1.00,129.4191360,129.42
BJE00005,CITO Waste Trim Knife 8.8 × 25mm (15mm wood),,26-Aug-2026,P23-3132,13-Aug-2026,Fully billed,,CITO-SYSTEM GmbH,1.00,129.4191360,129.42
BJE00006,CITO Waste Trim Knife 8.8 × 50mm (15mm wood),,26-Aug-2026,P23-3132,13-Aug-2026,Fully billed,,CITO-SYSTEM GmbH,1.00,129.4191360,129.42
BLA03003,"CITO Sheet Lift 3D, Yellow",false,15-Apr-2026,P23-2854,03-Apr-2026,Completed,TRUE,CITO-SYSTEM GmbH,3.00,494.7245136,"1,484.17"
BLA03003,"CITO Sheet Lift 3D, Yellow",false,20-May-2026,P23-2938,08-May-2026,Fully billed,TRUE,CITO-SYSTEM GmbH,1.00,481.6723788,481.67
BLA03003,"CITO Sheet Lift 3D, Yellow",false,13-Aug-2026,P23-2864,13-Apr-2026,Fully billed,TRUE,CITO-SYSTEM GmbH,2.00,491.6274471,983.25
BLB00002,"Dual Stripping Foam CD50, 1000 x 40 x 50 mm, self-adhesive unit (100 strips per box)",False,13-Aug-2026,P23-2864,13-Apr-2026,Fully billed,FALSE,CITO-SYSTEM GmbH,8.00,3.2181302,25.75
BLB00002,"Dual Stripping Foam CD50, 1000 x 40 x 50 mm, self-adhesive unit (100 strips per box)",False,25-Nov-2026,P23-3131,13-Aug-2026,Ordered,FALSE,CITO-SYSTEM GmbH,5.00,3.1701152,15.85
BLC01020,"CITO LOCK Screw, YELLOW length: 43 mm (unit = 250 pcs)",false,11-Dec-2025,P23-2630,04-Dec-2025,Completed,FALSE,CITO-SYSTEM GmbH,1.00,218.8848894,218.88
BLC01021,"CITO LOCK Nut, YELLOW (unit = 250 pcs)",false,11-Dec-2025,P23-2630,04-Dec-2025,Completed,FALSE,CITO-SYSTEM GmbH,1.00,113.5507240,113.55
BLC08007,"Stripping plates, pointed thickness 3 pt., H 50.9 mm, W 20 mm (unit = 300 pcs)",false,15-Apr-2026,P23-2854,03-Apr-2026,Completed,FALSE,CITO-SYSTEM GmbH,1.00,146.6462480,146.65
BLC08008,"Stripping plates, pointed thickness 3 pt., H 50.9 mm, W 30 mm (unit = 200 pcs)",false,14-Jan-2026,P23-2671,30-Dec-2025,Completed,FALSE,CITO-SYSTEM GmbH,1.00,117.5732219,117.57
BLC08008,"Stripping plates, pointed thickness 3 pt., H 50.9 mm, W 30 mm (unit = 200 pcs)",false,15-Apr-2026,P23-2849,01-Apr-2026,Completed,FALSE,CITO-SYSTEM GmbH,5.00,111.6815507,558.41
BLC08008,"Stripping plates, pointed thickness 3 pt., H 50.9 mm, W 30 mm (unit = 200 pcs)",false,15-Apr-2026,P23-2854,03-Apr-2026,Completed,FALSE,CITO-SYSTEM GmbH,1.00,111.6581392,111.66
BLC08008,"Stripping plates, pointed thickness 3 pt., H 50.9 mm, W 30 mm (unit = 200 pcs)",false,13-Aug-2026,P23-2864,13-Apr-2026,Fully billed,FALSE,CITO-SYSTEM GmbH,10.00,165.8830000,"1,658.83"
BLC08009,"Stripping plates, pointed thickness 3 pt., H 50.9 mm, W 50 mm (unit = 200 pcs)",false,14-Jan-2026,P23-2671,30-Dec-2025,Completed,FALSE,CITO-SYSTEM GmbH,1.00,145.6614277,145.66
BLC08009,"Stripping plates, pointed thickness 3 pt., H 50.9 mm, W 50 mm (unit = 200 pcs)",false,15-Apr-2026,P23-2849,01-Apr-2026,Completed,FALSE,CITO-SYSTEM GmbH,4.00,138.3622381,553.45
BLC08009,"Stripping plates, pointed thickness 3 pt., H 50.9 mm, W 50 mm (unit = 200 pcs)",false,20-May-2026,P23-2938,08-May-2026,Fully billed,FALSE,CITO-SYSTEM GmbH,4.00,134.6836388,538.73
BLC08010,"Stripping plates, pointed thickness 3 pt., H 50.9 mm, W 70 mm (unit = 100 pcs)",false,15-Apr-2026,P23-2849,01-Apr-2026,Completed,FALSE,CITO-SYSTEM GmbH,1.00,83.9323001,83.93
BLC08010,"Stripping plates, pointed thickness 3 pt., H 50.9 mm, W 70 mm (unit = 100 pcs)",false,20-May-2026,P23-2938,08-May-2026,Fully billed,FALSE,CITO-SYSTEM GmbH,1.00,81.7008148,81.70
BMA00003,CITOSOL 5 LITRES,False,13-Jan-2026,P23-2418,11-Sep-2025,Completed,FALSE,CITO-SYSTEM GmbH,2.00,97.0709962,194.14
BMA00003,CITOSOL 5 LITRES,False,31-Jan-2026,P23-2702,19-Jan-2026,Completed,FALSE,CITO-SYSTEM GmbH,4.00,93.7104430,374.84
BMA00003,CITOSOL 5 LITRES,False,25-May-2026,P23-2682,09-Jan-2026,Completed,FALSE,CITO-SYSTEM GmbH,6.00,95.5840334,573.50
BMA00003,CITOSOL 5 LITRES,False,13-Aug-2026,P23-2864,13-Apr-2026,Fully billed,FALSE,CITO-SYSTEM GmbH,6.00,91.0863553,546.52
BMA00003,CITOSOL 5 LITRES,False,25-Nov-2026,P23-3131,13-Aug-2026,Ordered,FALSE,CITO-SYSTEM GmbH,12.00,89.7273328,"1,076.73"
BMA00010,CITOSOL Free 1 Litre,,24-Feb-2026,P23-2758,10-Feb-2026,Completed,FALSE,CITO-SYSTEM GmbH,8.00,26.1246608,209.00
BMA00010,CITOSOL Free 1 Litre,,28-Jul-2026,P23-3066,14-Jul-2026,Fully billed,FALSE,CITO-SYSTEM GmbH,2.00,25.4968768,50.99
BPB00156,"CITO CUSHION CREASE CMR 70 Shore A 22 x 12.0 mm, brown, (1 unit = 50 m)",False,13-Aug-2026,P23-2864,13-Apr-2026,Fully billed,TRUE,CITO-SYSTEM GmbH,40.00,143.7210312,"5,748.84"
BPB00173,"CITO Cushion Crease PLUS, Round Top, 21 x 8.0 mm, BLUE, 70 Shore A (1reel = 50 m)",False,13-Jan-2026,P23-2418,11-Sep-2025,Completed,FALSE,CITO-SYSTEM GmbH,50.00,108.1552276,"5,407.76"
BPB00173,"CITO Cushion Crease PLUS, Round Top, 21 x 8.0 mm, BLUE, 70 Shore A (1reel = 50 m)",False,25-May-2026,P23-2682,09-Jan-2026,Completed,FALSE,CITO-SYSTEM GmbH,40.00,106.4984732,"4,259.94"
BPB00173,"CITO Cushion Crease PLUS, Round Top, 21 x 8.0 mm, BLUE, 70 Shore A (1reel = 50 m)",False,13-Aug-2026,P23-2864,13-Apr-2026,Fully billed,FALSE,CITO-SYSTEM GmbH,20.00,101.4872194,"2,029.74"
BPB00173,"CITO Cushion Crease PLUS, Round Top, 21 x 8.0 mm, BLUE, 70 Shore A (1reel = 50 m)",False,25-Nov-2026,P23-3131,13-Aug-2026,Ordered,FALSE,CITO-SYSTEM GmbH,20.00,99.9730144,"1,999.46"
BPB00174,"CITO Cushion Crease PLUS, Round Top, 21 x 8.5 mm, PURPLE, 70 Shore A (1reel = 50m)",False,13-Jan-2026,P23-2418,11-Sep-2025,Completed,FALSE,CITO-SYSTEM GmbH,40.00,115.2088294,"4,608.35"
BPB00174,"CITO Cushion Crease PLUS, Round Top, 21 x 8.5 mm, PURPLE, 70 Shore A (1reel = 50m)",False,25-May-2026,P23-2682,09-Jan-2026,Completed,FALSE,CITO-SYSTEM GmbH,40.00,113.4440258,"4,537.76"
BPB00174,"CITO Cushion Crease PLUS, Round Top, 21 x 8.5 mm, PURPLE, 70 Shore A (1reel = 50m)",False,09-Jun-2026,P23-2954,14-May-2026,Fully billed,FALSE,CITO-SYSTEM GmbH,40.00,105.2397745,"4,209.59"
BPB00174,"CITO Cushion Crease PLUS, Round Top, 21 x 8.5 mm, PURPLE, 70 Shore A (1reel = 50m)",False,13-Aug-2026,P23-2864,13-Apr-2026,Fully billed,FALSE,CITO-SYSTEM GmbH,30.00,108.1059511,"3,243.18"
BPB00175,"CITO Cushion Crease PLUS, Round Top, 21 x 9.0 mm, ORANGE, 70 Shore A (1reel = 50 m)",False,13-Jan-2026,P23-2418,11-Sep-2025,Completed,FALSE,CITO-SYSTEM GmbH,15.00,117.1711096,"1,757.57"
BPB00175,"CITO Cushion Crease PLUS, Round Top, 21 x 9.0 mm, ORANGE, 70 Shore A (1reel = 50 m)",False,26-Aug-2026,P23-3132,13-Aug-2026,Fully billed,FALSE,CITO-SYSTEM GmbH,8.00,106.4929936,851.94
BPB00175,"CITO Cushion Crease PLUS, Round Top, 21 x 9.0 mm, ORANGE, 70 Shore A (1reel = 50 m)",False,21-Oct-2026,P23-3010,17-Jun-2026,Ordered,FALSE,CITO-SYSTEM GmbH,15.00,109.0451816,"1,635.68"
BPB00175,"CITO Cushion Crease PLUS, Round Top, 21 x 9.0 mm, ORANGE, 70 Shore A (1reel = 50 m)",False,25-Nov-2026,P23-3131,13-Aug-2026,Ordered,FALSE,CITO-SYSTEM GmbH,25.00,108.3068224,"2,707.67"
BPB00205,"CITO FAST Rubber, 70 Shore A 700 x 5.0 x 7.3 mm, white (70M or 100 Strips)",False,25-Nov-2026,P23-3131,13-Aug-2026,Ordered,FALSE,CITO-SYSTEM GmbH,1.00,58.3366560,58.34
BPB00228,"CITO FAST Rubber, 70 Shore A 700 x 8.5 x 9.5 mm, white (70M or 100 Strips)",False,30-Oct-2025,P23-2511,16-Oct-2025,Receiving,FALSE,CITO-SYSTEM GmbH,1.00,108.6761500,108.68
BPB00228,"CITO FAST Rubber, 70 Shore A 700 x 8.5 x 9.5 mm, white (70M or 100 Strips)",False,13-Jan-2026,P23-2418,11-Sep-2025,Completed,FALSE,CITO-SYSTEM GmbH,7.00,106.9531100,748.67
BPB00228,"CITO FAST Rubber, 70 Shore A 700 x 8.5 x 9.5 mm, white (70M or 100 Strips)",False,25-Nov-2026,P23-3131,13-Aug-2026,Ordered,FALSE,CITO-SYSTEM GmbH,5.00,98.8618400,494.31
BPB00300,"CITO Solid Rubber Profile D/5 , 70 Shore A 700 x 5.0 x 9/8 mm, Orange (100M Strips)",False,22-Sep-2025,P23-2422,15-Sep-2025,Completed,FALSE,CITO-SYSTEM GmbH,1.00,84.5244856,84.52
BPB00300,"CITO Solid Rubber Profile D/5 , 70 Shore A 700 x 5.0 x 9/8 mm, Orange (100M Strips)",False,30-Oct-2025,P23-2511,16-Oct-2025,Receiving,FALSE,CITO-SYSTEM GmbH,2.00,77.8696050,155.74
BPB00300,"CITO Solid Rubber Profile D/5 , 70 Shore A 700 x 5.0 x 9/8 mm, Orange (100M Strips)",False,27-Nov-2025,P23-2557,13-Nov-2025,Completed,FALSE,CITO-SYSTEM GmbH,5.00,84.8956029,424.48
BPB00300,"CITO Solid Rubber Profile D/5 , 70 Shore A 700 x 5.0 x 9/8 mm, Orange (100M Strips)",False,13-Jan-2026,P23-2418,11-Sep-2025,Completed,FALSE,CITO-SYSTEM GmbH,3.00,76.6349970,229.90
BPB00300,"CITO Solid Rubber Profile D/5 , 70 Shore A 700 x 5.0 x 9/8 mm, Orange (100M Strips)",False,24-Feb-2026,P23-2758,10-Feb-2026,Completed,FALSE,CITO-SYSTEM GmbH,7.00,80.8147529,565.70
BPB00300,"CITO Solid Rubber Profile D/5 , 70 Shore A 700 x 5.0 x 9/8 mm, Orange (100M Strips)",False,15-Apr-2026,P23-2849,01-Apr-2026,Completed,FALSE,CITO-SYSTEM GmbH,2.00,72.3784605,144.76
BPB00300,"CITO Solid Rubber Profile D/5 , 70 Shore A 700 x 5.0 x 9/8 mm, Orange (100M Strips)",False,25-May-2026,P23-2682,09-Jan-2026,Completed,FALSE,CITO-SYSTEM GmbH,6.00,75.4610790,452.77
BPB00300,"CITO Solid Rubber Profile D/5 , 70 Shore A 700 x 5.0 x 9/8 mm, Orange (100M Strips)",False,09-Jun-2026,P23-2954,14-May-2026,Fully billed,FALSE,CITO-SYSTEM GmbH,3.00,77.5289485,232.59
BPB00300,"CITO Solid Rubber Profile D/5 , 70 Shore A 700 x 5.0 x 9/8 mm, Orange (100M Strips)",False,21-Oct-2026,P23-3010,17-Jun-2026,Ordered,FALSE,CITO-SYSTEM GmbH,3.00,71.3202870,213.96
BPB01205,"CITO FAST Rubber, EasyFix 70 �? Shore A, white 700 x 5.0 x 7.3 mm (unit = 100 strips) Adhesive",,30-Oct-2025,P23-2511,16-Oct-2025,Receiving,FALSE,CITO-SYSTEM GmbH,1.00,122.1843260,122.18
BPB01212,"CITO FAST Rubber, 70 Shore A 700 x 8.0 x 7.3 mm, white (70M or 100 Strips) Adhesive Back",False,22-Sep-2025,P23-2409,08-Sep-2025,Completed,FALSE,CITO-SYSTEM GmbH,2.00,136.0275474,272.06
BPB01212,"CITO FAST Rubber, 70 Shore A 700 x 8.0 x 7.3 mm, white (70M or 100 Strips) Adhesive Back",False,22-Sep-2025,P23-2422,15-Sep-2025,Completed,FALSE,CITO-SYSTEM GmbH,1.00,131.9539720,131.95
BPB01212,"CITO FAST Rubber, 70 Shore A 700 x 8.0 x 7.3 mm, white (70M or 100 Strips) Adhesive Back",False,30-Oct-2025,P23-2511,16-Oct-2025,Receiving,FALSE,CITO-SYSTEM GmbH,2.00,136.9139860,273.83
BPB01212,"CITO FAST Rubber, 70 Shore A 700 x 8.0 x 7.3 mm, white (70M or 100 Strips) Adhesive Back",False,13-Jan-2026,P23-2418,11-Sep-2025,Completed,FALSE,CITO-SYSTEM GmbH,3.00,134.7432404,404.23
BPB01212,"CITO FAST Rubber, 70 Shore A 700 x 8.0 x 7.3 mm, white (70M or 100 Strips) Adhesive Back",False,25-Nov-2026,P23-3131,13-Aug-2026,Ordered,FALSE,CITO-SYSTEM GmbH,2.00,124.5495776,249.10
BPB01303,"CITO Solid Rubber Profile D/5, EasyFix 70 Shore A, ""YELLOW"" 700 x 5 x 7/6 mm (unit = 100 strips)",False,14-Jan-2026,P23-2671,30-Dec-2025,Completed,FALSE,CITO-SYSTEM GmbH,2.00,160.7601566,321.52
BPC00303,Cork Rubber 10.0 x 700 x 635mm 65 Shore A,False,13-Jan-2026,P23-2418,11-Sep-2025,Completed,FALSE,CITO-SYSTEM GmbH,2.00,88.9567024,177.91
BPC00303,Cork Rubber 10.0 x 700 x 635mm 65 Shore A,False,13-Aug-2026,P23-2864,13-Apr-2026,Fully billed,FALSE,CITO-SYSTEM GmbH,6.00,83.4723256,500.83
BPC00600,CITOject F Rubber 15 Shore A 1000 x 600 x 10mm (SAND sheet),False,13-Jan-2026,P23-2418,11-Sep-2025,Completed,FALSE,CITO-SYSTEM GmbH,10.00,39.1218566,391.22
BPC00600,CITOject F Rubber 15 Shore A 1000 x 600 x 10mm (SAND sheet),False,25-May-2026,P23-2682,09-Jan-2026,Completed,FALSE,CITO-SYSTEM GmbH,10.00,38.5225762,385.23
BPC00610,CITOject F 25 Shore A YELLOW 1000 x 970 x 7mm sheet,False,13-Aug-2026,P23-2864,13-Apr-2026,Fully billed,FALSE,CITO-SYSTEM GmbH,8.00,44.7552334,358.04
BPC00610,CITOject F 25 Shore A YELLOW 1000 x 970 x 7mm sheet,False,25-Nov-2026,P23-3131,13-Aug-2026,Ordered,FALSE,CITO-SYSTEM GmbH,15.00,44.0874784,661.31
BPC00614,CITOject F 25 Shore A YELLOW 1000 x 970 x 10mm sheet,False,25-Nov-2026,P23-3131,13-Aug-2026,Ordered,FALSE,CITO-SYSTEM GmbH,10.00,61.3433632,613.43
BPC00620,CITOject F 35 Shore A GREEN 990 x 860 x 7mm sheet,False,13-Aug-2026,P23-2864,13-Apr-2026,Fully billed,FALSE,CITO-SYSTEM GmbH,5.00,38.8497986,194.25
BPC00620,CITOject F 35 Shore A GREEN 990 x 860 x 7mm sheet,False,21-Oct-2026,P23-3010,17-Jun-2026,Ordered,FALSE,CITO-SYSTEM GmbH,6.00,38.5310524,231.19
BPC00620,CITOject F 35 Shore A GREEN 990 x 860 x 7mm sheet,False,25-Nov-2026,P23-3131,13-Aug-2026,Ordered,FALSE,CITO-SYSTEM GmbH,6.00,38.2701536,229.62
BPC00624,CITOject F 35 Shore A GREEN 990 x 860 x 10mm sheet,False,26-Feb-2026,P23-2549,07-Nov-2025,Completed,FALSE,CITO-SYSTEM GmbH,2.00,60.1730745,120.35
BPC00624,CITOject F 35 Shore A GREEN 990 x 860 x 10mm sheet,False,25-May-2026,P23-2682,09-Jan-2026,Completed,FALSE,CITO-SYSTEM GmbH,2.00,58.7847898,117.57
BPC00624,CITOject F 35 Shore A GREEN 990 x 860 x 10mm sheet,False,13-Aug-2026,P23-2864,13-Apr-2026,Fully billed,FALSE,CITO-SYSTEM GmbH,5.00,56.0186891,280.09
BPC00624,CITOject F 35 Shore A GREEN 990 x 860 x 10mm sheet,False,21-Oct-2026,P23-3010,17-Jun-2026,Ordered,FALSE,CITO-SYSTEM GmbH,10.00,55.1642266,551.64
BPC00630,CITOject F 45 Shore A ORANGE 990 x 780 x 7mm sheet,False,13-Jan-2026,P23-2418,11-Sep-2025,Completed,FALSE,CITO-SYSTEM GmbH,10.00,50.4182264,504.18
BPC00634,CITOject F 45 Shore A ORANGE 990 x 780 x 10mm sheet,False,25-Nov-2026,P23-3131,13-Aug-2026,Ordered,FALSE,CITO-SYSTEM GmbH,4.00,64.7095680,258.84
BPC00650,CITOject F 55 Shore A BLUE 900 x 700 x 7mm sheet,false,13-Jan-2026,P23-2418,11-Sep-2025,Completed,FALSE,CITO-SYSTEM GmbH,2.00,69.9703156,139.94
BPC00652,CITOject F 55 Shore A BLUE 900 x 700 x 10mm sheet,false,13-Jan-2026,P23-2418,11-Sep-2025,Completed,FALSE,CITO-SYSTEM GmbH,2.00,99.9348646,199.87
BPC01614,CITOject F 25 EasyFix Shore A YELLOW 1000 x 970 x 10mm sheet ,false,13-Jan-2026,P23-2418,11-Sep-2025,Completed,FALSE,CITO-SYSTEM GmbH,80.00,72.5513328,"5,804.11"
BPC01614,CITOject F 25 EasyFix Shore A YELLOW 1000 x 970 x 10mm sheet ,false,25-Nov-2026,P23-3131,13-Aug-2026,Ordered,FALSE,CITO-SYSTEM GmbH,20.00,67.0626432,"1,341.25"
BPD11054,RBAC EPDM 700 x 14 x 14mm Black 25 Shore A Strip (70m or 100 strips) Selfadhesive,False,13-Jan-2026,P23-2418,11-Sep-2025,Completed,FALSE,CITO-SYSTEM GmbH,2.00,95.6213838,191.24
BPD11054,RBAC EPDM 700 x 14 x 14mm Black 25 Shore A Strip (70m or 100 strips) Selfadhesive,False,24-Feb-2026,P23-2758,10-Feb-2026,Completed,FALSE,CITO-SYSTEM GmbH,2.00,91.0491561,182.10
BPD11054,RBAC EPDM 700 x 14 x 14mm Black 25 Shore A Strip (70m or 100 strips) Selfadhesive,False,15-Apr-2026,P23-2849,01-Apr-2026,Completed,FALSE,CITO-SYSTEM GmbH,5.00,88.8076197,444.04
BPD11054,RBAC EPDM 700 x 14 x 14mm Black 25 Shore A Strip (70m or 100 strips) Selfadhesive,False,13-Aug-2026,P23-2864,13-Apr-2026,Fully billed,FALSE,CITO-SYSTEM GmbH,4.00,89.7261147,358.90
BPD11071,RBAC EPDM 700 x 11 x 11mm Black 25 Shore A Strip (70m or 100 strips) Selfadhesive,False,13-Jan-2026,P23-2418,11-Sep-2025,Completed,FALSE,CITO-SYSTEM GmbH,3.00,62.4217242,187.27
BPD11071,RBAC EPDM 700 x 11 x 11mm Black 25 Shore A Strip (70m or 100 strips) Selfadhesive,False,15-Apr-2026,P23-2849,01-Apr-2026,Completed,FALSE,CITO-SYSTEM GmbH,2.00,58.9546353,117.91
BPD11071,RBAC EPDM 700 x 11 x 11mm Black 25 Shore A Strip (70m or 100 strips) Selfadhesive,False,25-May-2026,P23-2682,09-Jan-2026,Completed,FALSE,CITO-SYSTEM GmbH,8.00,61.4655294,491.72
BPD11071,RBAC EPDM 700 x 11 x 11mm Black 25 Shore A Strip (70m or 100 strips) Selfadhesive,False,13-Aug-2026,P23-2864,13-Apr-2026,Fully billed,FALSE,CITO-SYSTEM GmbH,5.00,58.5732873,292.87
BPD11071,RBAC EPDM 700 x 11 x 11mm Black 25 Shore A Strip (70m or 100 strips) Selfadhesive,False,21-Oct-2026,P23-3010,17-Jun-2026,Ordered,FALSE,CITO-SYSTEM GmbH,2.00,58.0927182,116.19
BPP00327,CITO Polytop 25 Shore A RED 658 x 380 x 14 mm Sheet,false,21-Oct-2026,P23-3010,17-Jun-2026,Ordered,FALSE,CITO-SYSTEM GmbH,10.00,85.7653186,857.65
BPP00531,CITO Polytop 35 Shore A GREEN 658 x 380 x 16 mm Sheet,false,13-Aug-2026,P23-2864,13-Apr-2026,Fully billed,FALSE,CITO-SYSTEM GmbH,10.00,92.4300076,924.30
BPP00631,CITO Polytop 40 Shore A ORANGE 658 x 380 x 16 mm Sheet,false,13-Jan-2026,P23-2418,11-Sep-2025,Completed,FALSE,CITO-SYSTEM GmbH,78.00,100.8718092,"7,868.00"
BPP00631,CITO Polytop 40 Shore A ORANGE 658 x 380 x 16 mm Sheet,false,25-May-2026,P23-2682,09-Jan-2026,Completed,FALSE,CITO-SYSTEM GmbH,91.00,99.3266244,"9,038.72"
BPP00631,CITO Polytop 40 Shore A ORANGE 658 x 380 x 16 mm Sheet,false,09-Jun-2026,P23-2954,14-May-2026,Fully billed,FALSE,CITO-SYSTEM GmbH,26.00,92.1433410,"2,395.73"
BPP00631,CITO Polytop 40 Shore A ORANGE 658 x 380 x 16 mm Sheet,false,21-Oct-2026,P23-3010,17-Jun-2026,Ordered,FALSE,CITO-SYSTEM GmbH,26.00,93.8762532,"2,440.78"
BPP00631,CITO Polytop 40 Shore A ORANGE 658 x 380 x 16 mm Sheet,false,25-Nov-2026,P23-3131,13-Aug-2026,Ordered,FALSE,CITO-SYSTEM GmbH,65.00,93.2406048,"6,060.64"
BPP00913,CITO Polytop 60 DARKRED 658 × 380 × 7 mm,false,31-Jan-2026,P23-2702,19-Jan-2026,Completed,FALSE,CITO-SYSTEM GmbH,1.00,30.5483200,30.55
BPP00931,CITO Polytop 60 Shore A DARK RED 658 x 380 x 16 mm Sheet,false,31-Jan-2026,P23-2702,19-Jan-2026,Completed,FALSE,CITO-SYSTEM GmbH,1.00,105.2528480,105.25
BPS00001,Instant Glue Stafofix 2000 contents: 50 g (unit = 12 bottles),False,25-May-2026,P23-2682,09-Jan-2026,Completed,TRUE,CITO-SYSTEM GmbH,3.00,65.5910832,196.77
BPS00021,Instant Glue StafoTack R - Superglue for gluing on rotary shells - contents: 50 g (unit = 20 bottles),False,13-Jan-2026,P23-2418,11-Sep-2025,Completed,FALSE,CITO-SYSTEM GmbH,3.00,111.0367742,333.11
BPS00021,Instant Glue StafoTack R - Superglue for gluing on rotary shells - contents: 50 g (unit = 20 bottles),False,13-Aug-2026,P23-2864,13-Apr-2026,Fully billed,FALSE,CITO-SYSTEM GmbH,16.00,104.1911123,"1,667.06"
BPS00021,Instant Glue StafoTack R - Superglue for gluing on rotary shells - contents: 50 g (unit = 20 bottles),False,21-Oct-2026,P23-3010,17-Jun-2026,Ordered,FALSE,CITO-SYSTEM GmbH,10.00,103.3362682,"1,033.36"
BQS00020,CITO Rule Puller,,20-May-2026,P23-2938,08-May-2026,Fully billed,FALSE,CITO-SYSTEM GmbH,1.00,414.5012096,414.50
BQS00020,CITO Rule Puller,,09-Jun-2026,P23-2954,14-May-2026,Fully billed,FALSE,CITO-SYSTEM GmbH,1.00,411.8513440,411.85
BQS00021,CITO Jaws (Wide) for CITO Rule Puller (Pair),,20-May-2026,P23-2938,08-May-2026,Fully billed,FALSE,CITO-SYSTEM GmbH,1.00,71.4618028,71.46
BQS00021,CITO Jaws (Wide) for CITO Rule Puller (Pair),,09-Jun-2026,P23-2954,14-May-2026,Fully billed,FALSE,CITO-SYSTEM GmbH,1.00,71.0049545,71.00
BQS00022,CITO Jaws (Narrow) for CITO Rule Puller (Pair),,20-May-2026,P23-2938,08-May-2026,Fully billed,FALSE,CITO-SYSTEM GmbH,1.00,71.4618028,71.46
BQS00034,Rawhide Mallet #4 Small Head [50mm dia x 90mm long],False,25-Nov-2026,P23-3131,13-Aug-2026,Ordered,FALSE,CITO-SYSTEM GmbH,10.00,47.6334320,476.33
BQS00035,Rawhide Mallet #5 (LGE.Head),false,22-Sep-2025,P23-2409,08-Sep-2025,Completed,FALSE,CITO-SYSTEM GmbH,3.00,66.3897240,199.17
BQS00035,Rawhide Mallet #5 (LGE.Head),false,30-Oct-2025,P23-2511,16-Oct-2025,Receiving,FALSE,CITO-SYSTEM GmbH,2.00,66.8223600,133.64
BQS00035,Rawhide Mallet #5 (LGE.Head),false,13-Jan-2026,P23-2418,11-Sep-2025,Completed,FALSE,CITO-SYSTEM GmbH,2.00,65.7629040,131.53
BQS00035,Rawhide Mallet #5 (LGE.Head),false,15-Apr-2026,P23-2849,01-Apr-2026,Completed,FALSE,CITO-SYSTEM GmbH,6.00,62.1102360,372.66
BQS00035,Rawhide Mallet #5 (LGE.Head),false,25-May-2026,P23-2682,09-Jan-2026,Completed,FALSE,CITO-SYSTEM GmbH,5.00,64.7555280,323.78
BRF00003,Perforating Rule 16 tpi (6 m)*,False,26-Feb-2026,P23-2549,07-Nov-2025,Completed,FALSE,CITO-SYSTEM GmbH,5.00,71.7372810,358.69
BRF00006,RSP Crease Rule R1 (6 m)*,False,22-Sep-2025,P23-2422,15-Sep-2025,Completed,FALSE,CITO-SYSTEM GmbH,2.00,82.9751928,165.95
BRF00006,RSP Crease Rule R1 (6 m)*,False,30-Oct-2025,P23-2511,16-Oct-2025,Receiving,FALSE,CITO-SYSTEM GmbH,2.00,86.0966590,172.19
CCR-CCMAST,ColorCert Manager - 1 Year License,,18-Jun-2026,P23-3006,17-Jun-2026,Ordered,,X-Rite Asia Limited,1.00,"4,163.6868000","4,163.69"
CEP001,FARNSWORTH MUNSELL 100 HUE TEST,false,12-Nov-2025,P23-2539,31-Oct-2025,Completed,FALSE,Pantone,1.00,773.8442400,773.84
CF-25TB,Emmoco CF-25TB Carton Erector,false,30-Mar-2026,P23-2821,16-Mar-2026,Partially billed,,Hangzhou Youngsun Intelligent Company,2.00,"14,264.2000000","28,528.40"
CON-00112,48mm x 66m Top Load Tape (36),false,,P23-2417,10-Sep-2025,Completed,,JC Gilmore,2.00,70.2000000,140.40
CON-00112,48mm x 66m Top Load Tape (36),false,,P23-2536,29-Oct-2025,Completed,,JC Gilmore,4.00,70.2000000,280.80
CON-00112,48mm x 66m Top Load Tape (36),false,,P23-2647,15-Dec-2025,Completed,,JC Gilmore,4.00,70.2000000,280.80
CON-00112,48mm x 66m Top Load Tape (36),false,,P23-2785,26-Feb-2026,Completed,,JC Gilmore,2.00,70.2000000,140.40
CON-00112,48mm x 66m Top Load Tape (36),false,,P23-2858,08-Apr-2026,Completed,,JC Gilmore,6.00,70.2000000,421.20
CON-00112,48mm x 66m Top Load Tape (36),false,,P23-2988,04-Jun-2026,Completed,,JC Gilmore,4.00,70.2000000,280.80
CON-0091,A4 Paper White (5 pk),false,,P23-2679,09-Jan-2026,Completed,,JC Gilmore,6.00,29.5000000,177.00
CON-0091,A4 Paper White (5 pk),false,,P23-2763,12-Feb-2026,Completed,,JC Gilmore,6.00,34.0000000,204.00
CON-0091,A4 Paper White (5 pk),false,,P23-2897,21-Apr-2026,Completed,,JC Gilmore,8.00,34.0000000,272.00
CON-0091,A4 Paper White (5 pk),false,,P23-2962,19-May-2026,Completed,,JC Gilmore,6.00,29.5000000,177.00
CON-0091,A4 Paper White (5 pk),false,,P23-3017,22-Jun-2026,Completed,,JC Gilmore,10.00,29.5000000,295.00
CON-1713 ,Fragile PP tape 48mm x 66m (36),false,,P23-2835,24-Mar-2026,Completed,,JC Gilmore,1.00,55.8000000,55.80
CON-2812,Pallet Pads 1160 x 1160 (Flat) (2000/PLT),false,,P23-2387,02-Sep-2025,Completed,,JC Gilmore,"2,000.00",0.5000000,"1,000.00"
CON-2812,Pallet Pads 1160 x 1160 (Flat) (2000/PLT),false,,P23-2444,19-Sep-2025,Completed,,JC Gilmore,"2,000.00",0.5000000,"1,000.00"
CON-2812,Pallet Pads 1160 x 1160 (Flat) (2000/PLT),false,,P23-2644,11-Dec-2025,Completed,,JC Gilmore,"2,000.00",0.5000000,"1,000.00"
CON-2812,Pallet Pads 1160 x 1160 (Flat) (2000/PLT),false,,P23-2661,22-Dec-2025,Completed,,JC Gilmore,"2,000.00",0.5000000,"1,000.00"
CON-2812,Pallet Pads 1160 x 1160 (Flat) (2000/PLT),false,,P23-2977,29-May-2026,Completed,,JC Gilmore,"2,000.00",0.5000000,"1,000.00"
CON-2812,Pallet Pads 1160 x 1160 (Flat) (2000/PLT),false,,P23-3052,09-Jul-2026,Fully billed,,JC Gilmore,"2,000.00",0.5000000,"1,000.00"
CON-2812,Pallet Pads 1160 x 1160 (Flat) (2000/PLT),false,,P23-3119,07-Aug-2026,Fully billed,,JC Gilmore,"2,000.00",0.5000000,"1,000.00"
CON-4740,19mm x 66m PP 650 Cello Tape (96) ,false,,P23-3119,07-Aug-2026,Fully billed,,JC Gilmore,10.00,240.0000000,"2,400.00"
CON-50588,Pallet Sheets 1080 x 1080mm,false,,P23-2398,03-Sep-2025,Completed,,JC Gilmore,"3,960.00",0.8000000,"3,168.00"
CON-50588,Pallet Sheets 1080 x 1080mm,false,,P23-2533,28-Oct-2025,Completed,,JC Gilmore,"1,800.00",0.8000000,"1,440.00"
CON-50588,Pallet Sheets 1080 x 1080mm,false,,P23-2534,28-Oct-2025,Fully billed,,JC Gilmore,"1,800.00",0.8000000,"1,440.00"
CON-50588,Pallet Sheets 1080 x 1080mm,false,,P23-2620,02-Dec-2025,Completed,,JC Gilmore,"4,351.00",0.8000000,"3,480.80"
CON-50588,Pallet Sheets 1080 x 1080mm,false,,P23-2859,09-Apr-2026,Completed,,JC Gilmore,"4,000.00",0.8000000,"3,200.00"
CON-50588,Pallet Sheets 1080 x 1080mm,false,,P23-2956,15-May-2026,Completed,,JC Gilmore,"4,000.00",0.8000000,"3,200.00"
CON-50588,Pallet Sheets 1080 x 1080mm,false,,P23-3064,13-Jul-2026,Fully billed,,JC Gilmore,"4,200.00",0.8000000,"3,360.00"
CON-50588,Pallet Sheets 1080 x 1080mm,false,05-Dec-2025,P23-2587,20-Nov-2025,Completed,,JC Gilmore,"2,500.00",0.8000000,"2,000.00"
CON-50588,Pallet Sheets 1080 x 1080mm,false,10-Dec-2025,P23-2588,20-Nov-2025,Completed,,JC Gilmore,"2,500.00",0.8000000,"2,000.00"
CON-661,Clear Hand Tape 48mm x 75m (36),false,,P23-2393,03-Sep-2025,Completed,,JC Gilmore,4.00,34.9200000,139.68
CON-661,Clear Hand Tape 48mm x 75m (36),false,,P23-2414,09-Sep-2025,Completed,,JC Gilmore,30.00,34.9200000,"1,047.60"
CON-661,Clear Hand Tape 48mm x 75m (36),false,,P23-2499,14-Oct-2025,Completed,,JC Gilmore,15.00,34.9200000,523.80
CON-661,Clear Hand Tape 48mm x 75m (36),false,,P23-2542,05-Nov-2025,Completed,,JC Gilmore,30.00,34.9200000,"1,047.60"
CON-661,Clear Hand Tape 48mm x 75m (36),false,,P23-2560,14-Nov-2025,Completed,,JC Gilmore,30.00,34.9200000,"1,047.60"
CON-661,Clear Hand Tape 48mm x 75m (36),false,,P23-2596,21-Nov-2025,Completed,,JC Gilmore,4.00,34.9200000,139.68
CON-661,Clear Hand Tape 48mm x 75m (36),false,,P23-2606,27-Nov-2025,Completed,,JC Gilmore,10.00,34.9200000,349.20
CON-661,Clear Hand Tape 48mm x 75m (36),false,,P23-2670,30-Dec-2025,Completed,,JC Gilmore,10.00,34.9200000,349.20
CON-661,Clear Hand Tape 48mm x 75m (36),false,,P23-2743,03-Feb-2026,Completed,,JC Gilmore,5.00,34.9200000,174.60
CON-661,Clear Hand Tape 48mm x 75m (36),false,,P23-2783,24-Feb-2026,Completed,,JC Gilmore,2.00,34.9200000,69.84
CON-661,Clear Hand Tape 48mm x 75m (36),false,,P23-2791,03-Mar-2026,Completed,,JC Gilmore,15.00,34.9200000,523.80
CON-661,Clear Hand Tape 48mm x 75m (36),false,,P23-2835,24-Mar-2026,Completed,,JC Gilmore,5.00,34.9200000,174.60
CON-661,Clear Hand Tape 48mm x 75m (36),false,,P23-2907,27-Apr-2026,Completed,,JC Gilmore,2.00,34.9200000,69.84
CON-661,Clear Hand Tape 48mm x 75m (36),false,,P23-3053,10-Jul-2026,Fully billed,,JC Gilmore,10.00,34.9200000,349.20
CON-7550,PP Strap Blue 12mm x 3000m,false,,P23-2711,21-Jan-2026,Completed,,JC Gilmore,2.00,49.7000000,99.40
CON-9962,Corrugated Board 915mm x 50m,false,,P23-2417,10-Sep-2025,Completed,,JC Gilmore,3.00,32.4000000,97.20
CON-9962,Corrugated Board 915mm x 50m,false,,P23-2471,03-Oct-2025,Completed,,JC Gilmore,4.00,32.4000000,129.60
CON-9962,Corrugated Board 915mm x 50m,false,,P23-2527,23-Oct-2025,Completed,,JC Gilmore,4.00,32.4000000,129.60
CON-9962,Corrugated Board 915mm x 50m,false,,P23-2604,26-Nov-2025,Completed,,JC Gilmore,2.00,32.4000000,64.80
CON-9962,Corrugated Board 915mm x 50m,false,,P23-2647,15-Dec-2025,Completed,,JC Gilmore,1.00,32.4000000,32.40
CON-9962,Corrugated Board 915mm x 50m,false,,P23-2679,09-Jan-2026,Completed,,JC Gilmore,4.00,32.4000000,129.60
CON-9962,Corrugated Board 915mm x 50m,false,,P23-2785,26-Feb-2026,Completed,,JC Gilmore,4.00,38.0000000,152.00
CON-9962,Corrugated Board 915mm x 50m,false,,P23-2834,24-Mar-2026,Completed,,JC Gilmore,2.00,38.0000000,76.00
CON-9962,Corrugated Board 915mm x 50m,false,,P23-2897,21-Apr-2026,Completed,,JC Gilmore,1.00,38.0000000,38.00
CON-9962,Corrugated Board 915mm x 50m,false,,P23-2905,24-Apr-2026,Completed,,JC Gilmore,2.00,32.4000000,64.80
CON-9962,Corrugated Board 915mm x 50m,false,,P23-2962,19-May-2026,Completed,,JC Gilmore,2.00,32.4000000,64.80
CON-9962,Corrugated Board 915mm x 50m,false,,P23-3017,22-Jun-2026,Completed,,JC Gilmore,2.00,32.4000000,64.80
CON-9962,Corrugated Board 915mm x 50m,false,,P23-3055,10-Jul-2026,Fully billed,,JC Gilmore,2.00,32.4000000,64.80
CON-9962,Corrugated Board 915mm x 50m,false,,P23-3098,30-Jul-2026,Fully billed,,JC Gilmore,2.00,32.4000000,64.80
CSF-CONV,Flexible Conveyor (4.8m after extension),false,30-Apr-2026,P23-2684,09-Jan-2026,Completed,,Hangzhou Youngsun Intelligent Company,6.00,479.1808000,"2,875.08"
ESV60-GT FESTO,Sucker ,,25-Sep-2025,P23-2440,19-Sep-2025,Completed,FALSE,Hangzhou Youngsun Intelligent Company,4.00,37.8280000,151.31
FG-015A16,L=16- Space Ring,,08-Apr-2026,P23-2839,25-Mar-2026,Receiving,FALSE,Hangzhou Youngsun Intelligent Company,50.00,1.4341100,71.71
FG-015A9.5,L=9.5- Space Ring,,08-Apr-2026,P23-2839,25-Mar-2026,Receiving,FALSE,Hangzhou Youngsun Intelligent Company,50.00,1.4341100,71.71
FGA10-001520000.000.9,Anti-Strech Shaft,,08-Apr-2026,P23-2839,25-Mar-2026,Receiving,FALSE,Hangzhou Youngsun Intelligent Company,5.00,1.4341100,7.17
FGA50-005260000.000.9,Positioning Plate Support,,26-Jan-2026,P23-2707,20-Jan-2026,Completed,FALSE,Hangzhou Youngsun Intelligent Company,2.00,9.7617925,19.52
FGB95-000130000.000.6,Roller with bearing 6202 and space ring (Circlip),,08-Apr-2026,P23-2839,25-Mar-2026,Receiving,FALSE,Hangzhou Youngsun Intelligent Company,50.00,1.4341100,71.71
FGB95-000130000.000.6.,6.5 Roller assembly 2 ,,08-Apr-2026,P23-2839,25-Mar-2026,Receiving,FALSE,Hangzhou Youngsun Intelligent Company,50.00,1.4341100,71.71
FHIC100C,"Fashion, Home + Interiors Cotton Swatch Library + Dualities Expansion Pack",false,16-Oct-2025,P23-2469,02-Oct-2025,Receiving,FALSE,Pantone,2.00,"8,309.0515365","16,618.10"
FHIC110C,"Fashion, Home + Interiors Swatch Library Supplement",,16-Oct-2025,P23-2469,02-Oct-2025,Receiving,,Pantone,2.00,855.2579805,"1,710.52"
FHIC200C,"Fashion, Home + Interiors Cotton Passport + Dualities Expansion Pack",false,16-Oct-2025,P23-2469,02-Oct-2025,Receiving,FALSE,Pantone,3.00,697.3386255,"2,092.02"
FHIC200C,"Fashion, Home + Interiors Cotton Passport + Dualities Expansion Pack",false,12-Nov-2025,P23-2539,31-Oct-2025,Completed,FALSE,Pantone,4.00,704.3203640,"2,817.28"
FHIC200C,"Fashion, Home + Interiors Cotton Passport + Dualities Expansion Pack",false,10-Dec-2025,P23-2597,21-Nov-2025,Credited,FALSE,Pantone,12.00,715.4828395,"8,585.79"
FHIC200C,"Fashion, Home + Interiors Cotton Passport + Dualities Expansion Pack",false,07-Jan-2026,P23-2665,24-Dec-2025,Receiving,FALSE,Pantone,10.00,687.9019730,"6,879.02"
FHIC200C,"Fashion, Home + Interiors Cotton Passport + Dualities Expansion Pack",false,27-Feb-2026,P23-2775,17-Feb-2026,Completed,FALSE,Pantone,2.00,653.4085855,"1,306.82"
FHIC200C,"Fashion, Home + Interiors Cotton Passport + Dualities Expansion Pack",false,06-Apr-2026,P23-2830,23-Mar-2026,Receiving,FALSE,Pantone,5.00,663.6066305,"3,318.03"
FHIC200C,"Fashion, Home + Interiors Cotton Passport + Dualities Expansion Pack",false,23-Jun-2026,P23-2990,09-Jun-2026,Receiving,FALSE,Pantone,2.00,653.8146615,"1,307.63"
FHIC200C,"Fashion, Home + Interiors Cotton Passport + Dualities Expansion Pack",false,21-Jul-2026,P23-3027,23-Jun-2026,Fully billed,FALSE,Pantone,4.00,686.0016350,"2,744.01"
FHIC200C,"Fashion, Home + Interiors Cotton Passport + Dualities Expansion Pack",false,26-Aug-2026,P23-3128,13-Aug-2026,Ordered,FALSE,Pantone,5.00,677.9099415,"3,389.55"
FHIC210C,"Fashion, Home + Interiors Cotton Passport Dualities Supplement",,16-Oct-2025,P23-2469,02-Oct-2025,Receiving,,Pantone,1.00,127.9977930,128.00
FHIC300C,"Fashion, Home + Interiors Cotton Planner + Dualities Expansion Pack",false,23-Sep-2025,P23-2388,02-Sep-2025,Completed,FALSE,Pantone,2.00,"1,255.6339400","2,511.27"
FHIC300C,"Fashion, Home + Interiors Cotton Planner + Dualities Expansion Pack",false,07-Jan-2026,P23-2665,24-Dec-2025,Receiving,FALSE,Pantone,3.00,"1,226.5808720","3,679.74"
FHIC300C,"Fashion, Home + Interiors Cotton Planner + Dualities Expansion Pack",false,27-Feb-2026,P23-2775,17-Feb-2026,Completed,FALSE,Pantone,1.00,"1,165.0765720","1,165.08"
FHIC300C,"Fashion, Home + Interiors Cotton Planner + Dualities Expansion Pack",false,06-Apr-2026,P23-2830,23-Mar-2026,Receiving,FALSE,Pantone,1.00,"1,183.2604520","1,183.26"
FHIC300C,"Fashion, Home + Interiors Cotton Planner + Dualities Expansion Pack",false,12-May-2026,P23-2919,30-Apr-2026,Receiving,FALSE,Pantone,2.00,"1,155.8529840","2,311.71"
FHIC400C,"Fashion, Home + Interiors Cotton Chip Set + Dualities Expansion Pack",false,23-Sep-2025,P23-2388,02-Sep-2025,Completed,FALSE,Pantone,1.00,"2,933.4496125","2,933.45"
FHIC400C,"Fashion, Home + Interiors Cotton Chip Set + Dualities Expansion Pack",false,12-Nov-2025,P23-2539,31-Oct-2025,Completed,FALSE,Pantone,1.00,"2,933.9686200","2,933.97"
FHIC400C,"Fashion, Home + Interiors Cotton Chip Set + Dualities Expansion Pack",false,06-Apr-2026,P23-2830,23-Mar-2026,Receiving,FALSE,Pantone,1.00,"2,764.3685025","2,764.37"
FHIC400C,"Fashion, Home + Interiors Cotton Chip Set + Dualities Expansion Pack",false,12-May-2026,P23-2919,30-Apr-2026,Receiving,FALSE,Pantone,1.00,"2,700.3383550","2,700.34"
FHIC400C,"Fashion, Home + Interiors Cotton Chip Set + Dualities Expansion Pack",false,21-Jul-2026,P23-3027,23-Jun-2026,Fully billed,FALSE,Pantone,1.00,"3,153.7129250","3,153.71"
FHIC400C,"Fashion, Home + Interiors Cotton Chip Set + Dualities Expansion Pack",false,26-Aug-2026,P23-3128,13-Aug-2026,Ordered,FALSE,Pantone,2.00,"3,116.5134825","6,233.03"
FHIP110C,"Fashion, Home + Interiors Color Guide + Dualities Expansion Pack",false,23-Sep-2025,P23-2388,02-Sep-2025,Completed,FALSE,Pantone,20.00,240.0476650,"4,800.95"
FHIP110C,"Fashion, Home + Interiors Color Guide + Dualities Expansion Pack",false,12-Nov-2025,P23-2539,31-Oct-2025,Completed,FALSE,Pantone,10.00,240.0901360,"2,400.90"
FHIP110C,"Fashion, Home + Interiors Color Guide + Dualities Expansion Pack",false,10-Dec-2025,P23-2597,21-Nov-2025,Credited,FALSE,Pantone,20.00,243.8952230,"4,877.90"
FHIP110C,"Fashion, Home + Interiors Color Guide + Dualities Expansion Pack",false,07-Jan-2026,P23-2665,24-Dec-2025,Receiving,FALSE,Pantone,30.00,234.4934020,"7,034.80"
FHIP110C,"Fashion, Home + Interiors Color Guide + Dualities Expansion Pack",false,06-Apr-2026,P23-2830,23-Mar-2026,Receiving,FALSE,Pantone,30.00,226.2115570,"6,786.35"
FHIP110C,"Fashion, Home + Interiors Color Guide + Dualities Expansion Pack",false,12-May-2026,P23-2919,30-Apr-2026,Receiving,FALSE,Pantone,12.00,220.9718940,"2,651.66"
FHIP110C,"Fashion, Home + Interiors Color Guide + Dualities Expansion Pack",false,23-Jun-2026,P23-2990,09-Jun-2026,Receiving,FALSE,Pantone,20.00,222.8736510,"4,457.47"
FHIP110C,"Fashion, Home + Interiors Color Guide + Dualities Expansion Pack",false,21-Jul-2026,P23-3027,23-Jun-2026,Fully billed,FALSE,Pantone,10.00,233.6668400,"2,336.67"
FHIP120C,"Fashion, Home + Interiors Color Guide Dualities Supplement",,12-Nov-2025,P23-2539,31-Oct-2025,Completed,,Pantone,1.00,41.1343240,41.13
FHIP120C,"Fashion, Home + Interiors Color Guide Dualities Supplement",,03-Feb-2026,P23-2708,20-Jan-2026,Completed,,Pantone,1.00,40.1630460,40.16
FHIP210C,"Fashion, Home + Interiors Color Specifier + Dualities Expansion Pack",false,12-Nov-2025,P23-2539,31-Oct-2025,Completed,FALSE,Pantone,2.00,737.0599280,"1,474.12"
FHIP210C,"Fashion, Home + Interiors Color Specifier + Dualities Expansion Pack",false,10-Dec-2025,P23-2597,21-Nov-2025,Credited,FALSE,Pantone,4.00,748.7412790,"2,994.97"
FHIP210C,"Fashion, Home + Interiors Color Specifier + Dualities Expansion Pack",false,07-Jan-2026,P23-2665,24-Dec-2025,Receiving,FALSE,Pantone,2.00,719.8783460,"1,439.76"
FHIP210C,"Fashion, Home + Interiors Color Specifier + Dualities Expansion Pack",false,06-Apr-2026,P23-2830,23-Mar-2026,Receiving,FALSE,Pantone,2.00,694.4536610,"1,388.91"
FHIP230C,"Fashion, Home + Interiors Color Specifier, Guide Set + Dualities Expansion Pack",false,06-Apr-2026,P23-2830,23-Mar-2026,Receiving,FALSE,Pantone,2.00,841.5702680,"1,683.14"
FJ-00-12-01,Limiting Wheel,,31-May-2026,P23-2965,21-May-2026,Completed,FALSE,Hangzhou Youngsun Intelligent Company,6.00,0.8407320,5.04
FJ-E-41-01-38-01,front rubber roller with shaft,,08-Apr-2026,P23-2839,25-Mar-2026,Receiving,FALSE,Hangzhou Youngsun Intelligent Company,20.00,1.4341100,28.68
FJ-H-03,Torsion spring of tape pressing plate,,25-Mar-2026,P23-2813,11-Mar-2026,Completed,FALSE,Hangzhou Youngsun Intelligent Company,20.00,0.2231904,4.46
GB1504C,Pastel and Neon Chip Book - Coated and Uncoated,,23-Sep-2025,P23-2388,02-Sep-2025,Completed,,Pantone,4.00,237.5296825,950.12
GB1504C,Pastel and Neon Chip Book - Coated and Uncoated,,12-Nov-2025,P23-2539,31-Oct-2025,Completed,,Pantone,1.00,237.5717080,237.57
GB1504C,Pastel and Neon Chip Book - Coated and Uncoated,,10-Dec-2025,P23-2597,21-Nov-2025,Credited,,Pantone,1.00,241.3368815,241.34
GB1504C,Pastel and Neon Chip Book - Coated and Uncoated,,12-May-2026,P23-2919,30-Apr-2026,Receiving,,Pantone,2.00,218.6540070,437.31
GB1504C,Pastel and Neon Chip Book - Coated and Uncoated,,21-Jul-2026,P23-3027,23-Jun-2026,Fully billed,,Pantone,2.00,228.1409350,456.28
GB1504C,Pastel and Neon Chip Book - Coated and Uncoated,,26-Aug-2026,P23-3128,13-Aug-2026,Ordered,,Pantone,1.00,225.4499115,225.45
GB1507C,Metallic Chip Book Coated (NE),false,12-May-2026,P23-2919,30-Apr-2026,Receiving,FALSE,Pantone,1.00,339.9567600,339.96
GG1504C,Pastels & Neons Guide - Coated & Uncoated,false,23-Sep-2025,P23-2388,02-Sep-2025,Completed,,Pantone,30.00,112.4698850,"3,374.10"
GG1504C,Pastels & Neons Guide - Coated & Uncoated,false,12-Nov-2025,P23-2539,31-Oct-2025,Completed,,Pantone,10.00,112.4897840,"1,124.90"
GG1504C,Pastels & Neons Guide - Coated & Uncoated,false,10-Dec-2025,P23-2597,21-Nov-2025,Credited,,Pantone,40.00,114.2725870,"4,570.90"
GG1504C,Pastels & Neons Guide - Coated & Uncoated,false,07-Jan-2026,P23-2665,24-Dec-2025,Receiving,,Pantone,20.00,109.8675380,"2,197.35"
GG1504C,Pastels & Neons Guide - Coated & Uncoated,false,21-Jul-2026,P23-3027,23-Jun-2026,Fully billed,,Pantone,10.00,109.7286850,"1,097.29"
GG1507C,Metallic Guide Coated (NE),false,23-Sep-2025,P23-2388,02-Sep-2025,Completed,FALSE,Pantone,20.00,161.1508800,"3,223.02"
GG1507C,Metallic Guide Coated (NE),false,12-Nov-2025,P23-2539,31-Oct-2025,Completed,FALSE,Pantone,10.00,161.1793920,"1,611.79"
GG1507C,Metallic Guide Coated (NE),false,10-Dec-2025,P23-2597,21-Nov-2025,Credited,FALSE,Pantone,20.00,163.7338560,"3,274.68"
GG1507C,Metallic Guide Coated (NE),false,07-Jan-2026,P23-2665,24-Dec-2025,Receiving,FALSE,Pantone,10.00,157.4221440,"1,574.22"
GG6103B,New Edition Color Bridge Coated,false,23-Sep-2025,P23-2388,02-Sep-2025,Completed,FALSE,Pantone,60.00,222.4217875,"13,345.31"
GG6103B,New Edition Color Bridge Coated,false,16-Oct-2025,P23-2469,02-Oct-2025,Receiving,FALSE,Pantone,40.00,220.2559425,"8,810.24"
GG6103B,New Edition Color Bridge Coated,false,12-Nov-2025,P23-2539,31-Oct-2025,Completed,FALSE,Pantone,20.00,222.4611400,"4,449.22"
GG6103B,New Edition Color Bridge Coated,false,10-Dec-2025,P23-2597,21-Nov-2025,Credited,FALSE,Pantone,40.00,225.9868325,"9,039.47"
GG6103B,New Edition Color Bridge Coated,false,07-Jan-2026,P23-2665,24-Dec-2025,Receiving,FALSE,Pantone,40.00,217.2753550,"8,691.01"
GG6103B,New Edition Color Bridge Coated,false,27-Feb-2026,P23-2775,17-Feb-2026,Completed,FALSE,Pantone,20.00,206.3805425,"4,127.61"
GG6103B,New Edition Color Bridge Coated,false,06-Apr-2026,P23-2830,23-Mar-2026,Receiving,FALSE,Pantone,60.00,209.6016175,"12,576.10"
GG6103B,New Edition Color Bridge Coated,false,12-May-2026,P23-2919,30-Apr-2026,Receiving,FALSE,Pantone,40.00,204.7466850,"8,189.87"
GG6103B,New Edition Color Bridge Coated,false,09-Jun-2026,P23-2974,28-May-2026,Fully billed,FALSE,Pantone,30.00,204.6854700,"6,140.56"
GG6103B,New Edition Color Bridge Coated,false,23-Jun-2026,P23-2990,09-Jun-2026,Receiving,FALSE,Pantone,20.00,206.5088025,"4,130.18"
GG6103B,New Edition Color Bridge Coated,false,26-Aug-2026,P23-3128,13-Aug-2026,Ordered,FALSE,Pantone,20.00,214.5284625,"4,290.57"
GG6104B,New Edition Color Bridge Uncoated,false,16-Oct-2025,P23-2469,02-Oct-2025,Receiving,FALSE,Pantone,5.00,220.2559425,"1,101.28"
GG6104B,New Edition Color Bridge Uncoated,false,12-Nov-2025,P23-2539,31-Oct-2025,Completed,FALSE,Pantone,10.00,222.4611400,"2,224.61"
GG6104B,New Edition Color Bridge Uncoated,false,07-Jan-2026,P23-2665,24-Dec-2025,Receiving,FALSE,Pantone,20.00,217.2753550,"4,345.51"
GP1601B,New Edition Formula Guide - Coated and Uncoated,,23-Sep-2025,P23-2388,02-Sep-2025,Completed,,Pantone,48.00,189.6880150,"9,105.02"
GP1601B,New Edition Formula Guide - Coated and Uncoated,,16-Oct-2025,P23-2469,02-Oct-2025,Receiving,,Pantone,64.00,187.8409170,"12,021.82"
GP1601B,New Edition Formula Guide - Coated and Uncoated,,12-Nov-2025,P23-2539,31-Oct-2025,Completed,,Pantone,16.00,189.7215760,"3,035.55"
GP1601B,New Edition Formula Guide - Coated and Uncoated,,10-Dec-2025,P23-2597,21-Nov-2025,Credited,,Pantone,48.00,192.7283930,"9,250.96"
GP1601B,New Edition Formula Guide - Coated and Uncoated,,07-Jan-2026,P23-2665,24-Dec-2025,Receiving,,Pantone,48.00,185.2989820,"8,894.35"
GP1601B,New Edition Formula Guide - Coated and Uncoated,,03-Feb-2026,P23-2708,20-Jan-2026,Completed,,Pantone,16.00,185.2418040,"2,963.87"
GP1601B,New Edition Formula Guide - Coated and Uncoated,,16-Feb-2026,P23-2739,02-Feb-2026,Completed,,Pantone,32.00,149.3147520,"4,778.07"
GP1601B,New Edition Formula Guide - Coated and Uncoated,,06-Apr-2026,P23-2830,23-Mar-2026,Receiving,,Pantone,32.00,178.7545870,"5,720.15"
GP1601B,New Edition Formula Guide - Coated and Uncoated,,12-May-2026,P23-2919,30-Apr-2026,Receiving,,Pantone,48.00,174.6141540,"8,381.48"
GP1601B,New Edition Formula Guide - Coated and Uncoated,,23-Jun-2026,P23-2990,09-Jun-2026,Receiving,,Pantone,16.00,176.1169410,"2,817.87"
GP1601B,New Edition Formula Guide - Coated and Uncoated,,21-Jul-2026,P23-3027,23-Jun-2026,Fully billed,,Pantone,32.00,186.3019400,"5,961.66"
GP1601B,New Edition Formula Guide - Coated and Uncoated,,26-Aug-2026,P23-3128,13-Aug-2026,Ordered,,Pantone,48.00,184.1044260,"8,837.01"
GP1605B,New Edition Solid Guide Set,,23-Sep-2025,P23-2388,02-Sep-2025,Completed,,Pantone,5.00,407.0738375,"2,035.37"
GP1605B,New Edition Solid Guide Set,,16-Oct-2025,P23-2469,02-Oct-2025,Receiving,,Pantone,5.00,403.1099325,"2,015.55"
GP1605B,New Edition Solid Guide Set,,12-Nov-2025,P23-2539,31-Oct-2025,Completed,,Pantone,2.00,407.1458600,814.29
GP1605B,New Edition Solid Guide Set,,18-Dec-2025,P23-2629,04-Dec-2025,Receiving,,Pantone,1.00,403.4807150,403.48
GP1605B,New Edition Solid Guide Set,,07-Jan-2026,P23-2665,24-Dec-2025,Receiving,,Pantone,20.00,397.6548950,"7,953.10"
GP1606B,New Edition Solid Chips Set - Coated/Uncoated,false,12-Nov-2025,P23-2539,31-Oct-2025,Completed,FALSE,Pantone,2.00,470.9460360,941.89
GP1606B,New Edition Solid Chips Set - Coated/Uncoated,false,10-Dec-2025,P23-2597,21-Nov-2025,Credited,FALSE,Pantone,2.00,478.4098605,956.82
GP1606B,New Edition Solid Chips Set - Coated/Uncoated,false,07-Jan-2026,P23-2665,24-Dec-2025,Receiving,FALSE,Pantone,4.00,459.9678270,"1,839.87"
GP1606B,New Edition Solid Chips Set - Coated/Uncoated,false,06-Apr-2026,P23-2830,23-Mar-2026,Receiving,FALSE,Pantone,2.00,443.7226695,887.45
GP1606B,New Edition Solid Chips Set - Coated/Uncoated,false,23-Jun-2026,P23-2990,09-Jun-2026,Receiving,FALSE,Pantone,4.00,437.1752385,"1,748.70"
GP1606B,New Edition Solid Chips Set - Coated/Uncoated,false,21-Jul-2026,P23-3027,23-Jun-2026,Fully billed,FALSE,Pantone,8.00,449.1771350,"3,593.42"
GP1608B,New Edition Solid Color Set,false,23-Sep-2025,P23-2388,02-Sep-2025,Completed,FALSE,Pantone,6.00,571.5820275,"3,429.49"
GP1608B,New Edition Solid Color Set,false,12-Nov-2025,P23-2539,31-Oct-2025,Completed,FALSE,Pantone,2.00,571.6831560,"1,143.37"
GP1608B,New Edition Solid Color Set,false,10-Dec-2025,P23-2597,21-Nov-2025,Credited,FALSE,Pantone,2.00,580.7435205,"1,161.49"
GP1608B,New Edition Solid Color Set,false,27-Feb-2026,P23-2775,17-Feb-2026,Completed,FALSE,Pantone,2.00,530.3590545,"1,060.72"
GP1608B,New Edition Solid Color Set,false,06-Apr-2026,P23-2830,23-Mar-2026,Receiving,FALSE,Pantone,2.00,538.6366095,"1,077.27"
GP1609B,New Edition Capsure and Formula Guide Set,false,12-Nov-2025,P23-2539,31-Oct-2025,Completed,,Pantone,1.00,"1,091.9903808","1,091.99"
GP1609B,New Edition Capsure and Formula Guide Set,false,07-Jan-2026,P23-2665,24-Dec-2025,Receiving,,Pantone,2.00,"1,066.5350256","2,133.07"
GP5101C,CMYK GUIDE SET - Coated and Uncoated,false,23-Sep-2025,P23-2388,02-Sep-2025,Completed,FALSE,Pantone,10.00,181.2947400,"1,812.95"
GP5101C,CMYK GUIDE SET - Coated and Uncoated,false,12-Nov-2025,P23-2539,31-Oct-2025,Completed,FALSE,Pantone,20.00,181.3268160,"3,626.54"
GP5101C,CMYK GUIDE SET - Coated and Uncoated,false,10-Dec-2025,P23-2597,21-Nov-2025,Credited,FALSE,Pantone,30.00,184.2005880,"5,526.02"
GP6102B,New Edition Color Bridge - Coated/Uncoated,false,23-Sep-2025,P23-2388,02-Sep-2025,Completed,FALSE,Pantone,10.00,381.0546850,"3,810.55"
GP6102B,New Edition Color Bridge - Coated/Uncoated,false,12-Nov-2025,P23-2539,31-Oct-2025,Completed,FALSE,Pantone,20.00,381.1221040,"7,622.44"
GP6102B,New Edition Color Bridge - Coated/Uncoated,false,10-Dec-2025,P23-2597,21-Nov-2025,Credited,FALSE,Pantone,30.00,387.1623470,"11,614.87"
GP6102B,New Edition Color Bridge - Coated/Uncoated,false,07-Jan-2026,P23-2665,24-Dec-2025,Receiving,FALSE,Pantone,10.00,372.2377780,"3,722.38"
GP6102B,New Edition Color Bridge - Coated/Uncoated,false,06-Apr-2026,P23-2830,23-Mar-2026,Receiving,FALSE,Pantone,10.00,359.0910730,"3,590.91"
GP6102B,New Edition Color Bridge - Coated/Uncoated,false,12-May-2026,P23-2919,30-Apr-2026,Receiving,FALSE,Pantone,30.00,350.7735660,"10,523.21"
GP6102B,New Edition Color Bridge - Coated/Uncoated,false,23-Jun-2026,P23-2990,09-Jun-2026,Receiving,FALSE,Pantone,20.00,353.7924390,"7,075.85"
GP6102B,New Edition Color Bridge - Coated/Uncoated,false,21-Jul-2026,P23-3027,23-Jun-2026,Fully billed,FALSE,Pantone,20.00,362.3414850,"7,246.83"
GP6102B,New Edition Color Bridge - Coated/Uncoated,false,26-Aug-2026,P23-3128,13-Aug-2026,Ordered,FALSE,Pantone,20.00,358.0675065,"7,161.35"
GPC305B,New Edition Reference Library,false,06-Apr-2026,P23-2830,23-Mar-2026,Receiving,FALSE,Pantone,1.00,"1,729.0156070","1,729.02"
GPC305B,New Edition Reference Library,false,12-May-2026,P23-2919,30-Apr-2026,Receiving,FALSE,Pantone,1.00,"1,688.9669940","1,688.97"
GPC305B,New Edition Reference Library,false,21-Jul-2026,P23-3027,23-Jun-2026,Fully billed,FALSE,Pantone,1.00,"1,728.0294350","1,728.03"
GPC305B,New Edition Reference Library,false,26-Aug-2026,P23-3128,13-Aug-2026,Ordered,FALSE,Pantone,1.00,"1,707.6465615","1,707.65"
GPG301B,New Edition Essentials Guide Set,false,12-Nov-2025,P23-2539,31-Oct-2025,Completed,FALSE,Pantone,1.00,667.3834200,667.38
GPG301B,New Edition Essentials Guide Set,false,10-Dec-2025,P23-2597,21-Nov-2025,Credited,FALSE,Pantone,1.00,677.9604975,677.96
GPG301B,New Edition Essentials Guide Set,false,07-Jan-2026,P23-2665,24-Dec-2025,Receiving,FALSE,Pantone,4.00,651.8260650,"2,607.30"
GPG301B,New Edition Essentials Guide Set,false,06-Apr-2026,P23-2830,23-Mar-2026,Receiving,FALSE,Pantone,2.00,628.8048525,"1,257.61"
GPG301B,New Edition Essentials Guide Set,false,23-Jun-2026,P23-2990,09-Jun-2026,Receiving,FALSE,Pantone,4.00,619.5264075,"2,478.11"
GPG301B,New Edition Essentials Guide Set,false,21-Jul-2026,P23-3027,23-Jun-2026,Fully billed,FALSE,Pantone,4.00,630.7425850,"2,522.97"
GPG304B,New Edition Portable Guide Studio,false,16-Oct-2025,P23-2469,02-Oct-2025,Receiving,FALSE,Pantone,2.00,896.8157055,"1,793.63"
GPG304B,New Edition Portable Guide Studio,false,12-Nov-2025,P23-2539,31-Oct-2025,Completed,FALSE,Pantone,6.00,905.7946040,"5,434.77"
GPG304B,New Edition Portable Guide Studio,false,10-Dec-2025,P23-2597,21-Nov-2025,Credited,FALSE,Pantone,4.00,920.1501595,"3,680.60"
GPG304B,New Edition Portable Guide Studio,false,07-Jan-2026,P23-2665,24-Dec-2025,Receiving,FALSE,Pantone,10.00,884.6796530,"8,846.80"
GPG304B,New Edition Portable Guide Studio,false,12-May-2026,P23-2919,30-Apr-2026,Receiving,FALSE,Pantone,8.00,833.6666910,"6,669.33"
GPG304B,New Edition Portable Guide Studio,false,26-Aug-2026,P23-3128,13-Aug-2026,Ordered,FALSE,Pantone,2.00,841.7316765,"1,683.46"
H5014,500mm x 300m x 14um Hand Wrap,false,04-Nov-2025,P23-2460,22-Sep-2025,Completed,,MMP Corporation,480.00,4.8480025,"2,327.04"
H5014,500mm x 300m x 14um Hand Wrap,false,28-Nov-2025,P23-2500,14-Oct-2025,Completed,,MMP Corporation,480.00,4.9328246,"2,367.76"
H5014,500mm x 300m x 14um Hand Wrap,false,22-Mar-2026,P23-2654,16-Dec-2025,Completed,,MMP Corporation,"1,440.00",4.8043314,"6,918.24"
H5014,500mm x 300m x 14um Hand Wrap,false,22-Apr-2026,P23-2722,27-Jan-2026,Completed,,MMP Corporation,480.00,4.6170146,"2,216.17"
H5014,500mm x 300m x 14um Hand Wrap,false,18-May-2026,P23-2825,17-Mar-2026,Completed,,MMP Corporation,160.00,4.5136905,722.19
H5014,500mm x 300m x 14um Hand Wrap,false,17-Jun-2026,P23-2723,09-Mar-2026,Completed,,MMP Corporation,960.00,4.6133780,"4,428.84"
H5020,500mm x 400m x 20um Hand Wrap,false,04-Nov-2025,P23-2460,22-Sep-2025,Completed,,MMP Corporation,480.00,8.3282300,"3,997.55"
H5020,500mm x 400m x 20um Hand Wrap,false,28-Nov-2025,P23-2489,08-Oct-2025,Completed,,MMP Corporation,160.00,7.3914970,"1,182.64"
H5020,500mm x 400m x 20um Hand Wrap,false,28-Nov-2025,P23-2500,14-Oct-2025,Completed,,MMP Corporation,320.00,8.4739432,"2,711.66"
H5020,500mm x 400m x 20um Hand Wrap,false,28-Feb-2026,P23-2613,01-Dec-2025,Completed,,MMP Corporation,800.00,8.3766732,"6,701.34"
H5020,500mm x 400m x 20um Hand Wrap,false,22-Mar-2026,P23-2654,16-Dec-2025,Completed,,MMP Corporation,"1,120.00",8.2532088,"9,243.59"
H5020,500mm x 400m x 20um Hand Wrap,false,22-Apr-2026,P23-2722,27-Jan-2026,Completed,,MMP Corporation,800.00,7.9314232,"6,345.14"
H5020,500mm x 400m x 20um Hand Wrap,false,18-May-2026,P23-2825,17-Mar-2026,Completed,,MMP Corporation,480.00,7.7539260,"3,721.88"
H5020,500mm x 400m x 20um Hand Wrap,false,17-Jun-2026,P23-2723,09-Mar-2026,Completed,,MMP Corporation,640.00,7.9251760,"5,072.11"
H5020,500mm x 400m x 20um Hand Wrap,false,22-Jul-2026,P23-2967,22-May-2026,Completed,,MMP Corporation,960.00,7.6753976,"7,368.38"
H5023,500mm x 350m x 23um Hand Wrap,false,04-Nov-2025,P23-2460,22-Sep-2025,Completed,,MMP Corporation,480.00,8.4954025,"4,077.79"
H5023,500mm x 350m x 23um Hand Wrap,false,28-Nov-2025,P23-2489,08-Oct-2025,Completed,,MMP Corporation,480.00,7.5286588,"3,613.76"
H5023,500mm x 350m x 23um Hand Wrap,false,22-Mar-2026,P23-2654,16-Dec-2025,Completed,,MMP Corporation,640.00,8.4188754,"5,388.08"
H5023,500mm x 350m x 23um Hand Wrap,false,22-Apr-2026,P23-2722,27-Jan-2026,Completed,,MMP Corporation,480.00,8.0906306,"3,883.50"
H5023,500mm x 350m x 23um Hand Wrap,false,18-May-2026,P23-2825,17-Mar-2026,Completed,,MMP Corporation,640.00,7.9095705,"5,062.13"
H5023,500mm x 350m x 23um Hand Wrap,false,17-Jun-2026,P23-2723,09-Mar-2026,Completed,,MMP Corporation,320.00,8.0842580,"2,586.96"
H5023,500mm x 350m x 23um Hand Wrap,false,22-Jul-2026,P23-2967,22-May-2026,Completed,,MMP Corporation,480.00,7.8294658,"3,758.14"
HL,'HEAVY' LABELS 75MM X 130MM BLACK-YELLOW-RED (500/BOX),false,29-Jan-2026,P23-2700,16-Jan-2026,Completed,,ATA Distributors,1.00,38.7200000,38.72
HW-5,Balancer,,26-Jan-2026,P23-2707,20-Jan-2026,Completed,FALSE,Hangzhou Youngsun Intelligent Company,1.00,0.0000000,0.00
IQCP-SR,Color iQC Professional 1 Year Subscription RENEWAL,false,,P23-2607,27-Nov-2025,Ordered,FALSE,X-Rite Asia Limited,1.00,"1,466.7905000","1,466.79"
JQCD65835,Judge QC (D65/U35/CWF/A/UV),false,24-Sep-2025,P23-2427,17-Sep-2025,Completed,FALSE,X-Rite Asia Limited,1.00,"5,473.5087000","4,378.81"
JQCDDCWF,Judge QC 'Dual Daylight' (D50/D65/CWF/A/UV),false,29-Jan-2026,P23-2713,22-Jan-2026,Completed,FALSE,X-Rite Asia Limited,1.00,"4,119.7432500","4,119.74"
LNDS-1PK-D65,PANTONE LIGHTING INDICATOR Stickers - D65 (Page of 40),false,26-Aug-2026,P23-3128,13-Aug-2026,Ordered,FALSE,Pantone,2.00,48.3664170,96.73
M2323,230mm x 1300m x 23um Machine Wrap,false,04-Nov-2025,P23-2460,22-Sep-2025,Completed,,MMP Corporation,"1,000.00",17.4923225,"17,492.32"
M2323,230mm x 1300m x 23um Machine Wrap,false,28-Nov-2025,P23-2500,14-Oct-2025,Completed,,MMP Corporation,300.00,17.7983734,"5,339.51"
M2323,230mm x 1300m x 23um Machine Wrap,false,28-Feb-2026,P23-2613,01-Dec-2025,Completed,,MMP Corporation,200.00,17.5940709,"3,518.81"
M2323,230mm x 1300m x 23um Machine Wrap,false,22-Mar-2026,P23-2654,16-Dec-2025,Completed,,MMP Corporation,700.00,17.3347506,"12,134.33"
M2323,230mm x 1300m x 23um Machine Wrap,false,22-Apr-2026,P23-2722,27-Jan-2026,Completed,,MMP Corporation,900.00,16.6588834,"14,993.00"
M2323,230mm x 1300m x 23um Machine Wrap,false,17-Jun-2026,P23-2723,09-Mar-2026,Completed,,MMP Corporation,800.00,16.6457620,"13,316.61"
M2323,230mm x 1300m x 23um Machine Wrap,false,22-Jul-2026,P23-2967,22-May-2026,Completed,,MMP Corporation,300.00,16.1211362,"4,836.34"
M2323,230mm x 1300m x 23um Machine Wrap,false,06-Sep-2026,P23-3091,28-Jul-2026,Ordered,,MMP Corporation,100.00,20.1384144,"2,013.84"
M40291B,"MUNSELL BOOK OF COLOR, MATTE",false,16-Oct-2025,P23-2469,02-Oct-2025,Receiving,FALSE,Pantone,1.00,"2,025.8937581","2,025.90"
M50051,MUNSELL EIA-TIA 598-A AQUA COLOR CODING CHART,false,23-Jun-2026,P23-2990,09-Jun-2026,Receiving,FALSE,Pantone,2.00,117.3168360,234.63
M50052,MUNSELL EIA-TIA 598-A ROSE COLOR CODING CHART,false,23-Jun-2026,P23-2990,09-Jun-2026,Receiving,FALSE,Pantone,1.00,117.3168360,117.32
M50110,MUNSELL COLOR CHARTS FOR COLOR CODING,false,23-Jun-2026,P23-2990,09-Jun-2026,Receiving,FALSE,Pantone,2.00,735.3555300,"1,470.71"
M5012,500mm x 2300m x 12um Machine Wrap,false,04-Nov-2025,P23-2460,22-Sep-2025,Completed,,MMP Corporation,200.00,36.6563700,"7,331.27"
M5012,500mm x 2300m x 12um Machine Wrap,false,28-Nov-2025,P23-2489,08-Oct-2025,Completed,,MMP Corporation,500.00,30.3584784,"15,179.24"
M5012,500mm x 2300m x 12um Machine Wrap,false,28-Feb-2026,P23-2613,01-Dec-2025,Completed,,MMP Corporation,100.00,36.8695908,"3,686.96"
M5012,500mm x 2300m x 12um Machine Wrap,false,22-Mar-2026,P23-2654,16-Dec-2025,Completed,,MMP Corporation,300.00,36.3261672,"10,897.85"
M5012,500mm x 2300m x 12um Machine Wrap,false,22-Apr-2026,P23-2722,27-Jan-2026,Completed,,MMP Corporation,400.00,34.9098408,"13,963.94"
M5012,500mm x 2300m x 12um Machine Wrap,false,17-Jun-2026,P23-2723,09-Mar-2026,Completed,,MMP Corporation,200.00,34.8823440,"6,976.47"
M50135,"MUNSELL NEUTRAL VALUE SCALE, MATTE",false,16-Oct-2025,P23-2469,02-Oct-2025,Receiving,FALSE,Pantone,2.00,143.2608120,286.52
M50135,"MUNSELL NEUTRAL VALUE SCALE, MATTE",false,18-Dec-2025,P23-2629,04-Dec-2025,Receiving,FALSE,Pantone,1.00,143.3925840,143.39
M5014E,500mm x 1700m x 14um EcoWrap 17 Machine Wrap,false,28-Nov-2025,P23-2500,14-Oct-2025,Completed,,MMP Corporation,200.00,32.1638720,"6,432.77"
M5014E,500mm x 1700m x 14um EcoWrap 17 Machine Wrap,false,28-Feb-2026,P23-2613,01-Dec-2025,Completed,,MMP Corporation,200.00,31.7946720,"6,358.93"
M5014E,500mm x 1700m x 14um EcoWrap 17 Machine Wrap,false,22-Mar-2026,P23-2654,16-Dec-2025,Completed,,MMP Corporation,550.00,31.3260480,"17,229.33"
M5014E,500mm x 1700m x 14um EcoWrap 17 Machine Wrap,false,22-Apr-2026,P23-2722,27-Jan-2026,Completed,,MMP Corporation,250.00,30.1046720,"7,526.17"
M5014E,500mm x 1700m x 14um EcoWrap 17 Machine Wrap,false,17-Jun-2026,P23-2723,09-Mar-2026,Completed,,MMP Corporation,250.00,30.0809600,"7,520.24"
M5014E,500mm x 1700m x 14um EcoWrap 17 Machine Wrap,false,22-Jul-2026,P23-2967,22-May-2026,Completed,,MMP Corporation,700.00,29.1328960,"20,393.03"
M5017,500mm x 1800m x 17um Machine Wrap,false,04-Nov-2025,P23-2460,22-Sep-2025,Completed,,MMP Corporation,100.00,36.1092600,"3,610.93"
M5017,500mm x 1800m x 17um Machine Wrap,false,28-Nov-2025,P23-2489,08-Oct-2025,Completed,,MMP Corporation,200.00,30.2060764,"6,041.22"
M5017,500mm x 1800m x 17um Machine Wrap,false,28-Nov-2025,P23-2500,14-Oct-2025,Completed,,MMP Corporation,50.00,36.7410384,"1,837.05"
M5017,500mm x 1800m x 17um Machine Wrap,false,20-Jan-2026,P23-2558,13-Nov-2025,Completed,,MMP Corporation,200.00,36.2340000,"7,246.80"
M5017,500mm x 1800m x 17um Machine Wrap,false,22-Apr-2026,P23-2722,27-Jan-2026,Completed,,MMP Corporation,250.00,34.3887984,"8,597.20"
M5017,500mm x 1800m x 17um Machine Wrap,false,18-May-2026,P23-2825,17-Mar-2026,Completed,,MMP Corporation,200.00,33.6192120,"6,723.84"
M5017,500mm x 1800m x 17um Machine Wrap,false,17-Jun-2026,P23-2723,09-Mar-2026,Completed,,MMP Corporation,100.00,34.3617120,"3,436.17"
M5017,500mm x 1800m x 17um Machine Wrap,false,08-Jul-2026,P23-2996,10-Jun-2026,Completed,,MMP Corporation,200.00,33.8480208,"6,769.60"
M5017,500mm x 1800m x 17um Machine Wrap,false,22-Jul-2026,P23-2967,22-May-2026,Completed,,MMP Corporation,50.00,33.2787312,"1,663.94"
M5017E,500mm x 1500m x 17um EcoWrap 20 Machine Wrap,false,04-Nov-2025,P23-2460,22-Sep-2025,Completed,,MMP Corporation,600.00,31.0332950,"18,619.98"
M5017E,500mm x 1500m x 17um EcoWrap 20 Machine Wrap,false,28-Nov-2025,P23-2500,14-Oct-2025,Completed,,MMP Corporation,150.00,31.5762628,"4,736.44"
M5017E,500mm x 1500m x 17um EcoWrap 20 Machine Wrap,false,28-Feb-2026,P23-2613,01-Dec-2025,Completed,,MMP Corporation,"1,300.00",31.2138078,"40,577.95"
M5017E,500mm x 1500m x 17um EcoWrap 20 Machine Wrap,false,22-Mar-2026,P23-2654,16-Dec-2025,Completed,,MMP Corporation,850.00,30.7537452,"26,140.68"
M5017E,500mm x 1500m x 17um EcoWrap 20 Machine Wrap,false,22-Apr-2026,P23-2722,27-Jan-2026,Completed,,MMP Corporation,900.00,29.5546828,"26,599.21"
M5017E,500mm x 1500m x 17um EcoWrap 20 Machine Wrap,false,17-Jun-2026,P23-2723,09-Mar-2026,Completed,,MMP Corporation,700.00,29.5314040,"20,671.98"
M5017E,500mm x 1500m x 17um EcoWrap 20 Machine Wrap,false,22-Jul-2026,P23-2967,22-May-2026,Completed,,MMP Corporation,400.00,28.6006604,"11,440.26"
M5017E,500mm x 1500m x 17um EcoWrap 20 Machine Wrap,false,06-Sep-2026,P23-3091,28-Jul-2026,Ordered,,MMP Corporation,850.00,35.3139432,"30,016.85"
M5020,500mm x 1550m x 20um Machine Wrap,false,04-Nov-2025,P23-2460,22-Sep-2025,Completed,,MMP Corporation,450.00,36.8691350,"16,591.11"
M5020,500mm x 1550m x 20um Machine Wrap,false,28-Nov-2025,P23-2489,08-Oct-2025,Completed,,MMP Corporation,100.00,30.3432382,"3,034.32"
M5020,500mm x 1550m x 20um Machine Wrap,false,28-Nov-2025,P23-2500,14-Oct-2025,Completed,,MMP Corporation,50.00,37.5142084,"1,875.71"
M5020,500mm x 1550m x 20um Machine Wrap,false,28-Feb-2026,P23-2613,01-Dec-2025,Completed,,MMP Corporation,50.00,37.0835934,"1,854.18"
M5020,500mm x 1550m x 20um Machine Wrap,false,22-Mar-2026,P23-2654,16-Dec-2025,Completed,,MMP Corporation,100.00,36.5370156,"3,653.70"
M5020,500mm x 1550m x 20um Machine Wrap,false,22-Apr-2026,P23-2722,27-Jan-2026,Completed,,MMP Corporation,100.00,35.1124684,"3,511.25"
M5020,500mm x 1550m x 20um Machine Wrap,false,18-May-2026,P23-2825,17-Mar-2026,Completed,,MMP Corporation,100.00,34.3266870,"3,432.67"
M5020,500mm x 1550m x 20um Machine Wrap,false,17-Jun-2026,P23-2723,09-Mar-2026,Completed,,MMP Corporation,150.00,35.0848120,"5,262.72"
M5020,500mm x 1550m x 20um Machine Wrap,false,22-Jul-2026,P23-2967,22-May-2026,Completed,,MMP Corporation,250.00,33.9790412,"8,494.76"
M5020,500mm x 1550m x 20um Machine Wrap,false,06-Sep-2026,P23-3091,28-Jul-2026,Ordered,,MMP Corporation,100.00,40.8218856,"4,082.19"
M5020E,500mm x 1200m x 20um EcoWrap 25 Machine Wrap,false,04-Nov-2025,P23-2460,22-Sep-2025,Completed,,MMP Corporation,400.00,31.0332950,"12,413.32"
M5020E,500mm x 1200m x 20um EcoWrap 25 Machine Wrap,false,28-Nov-2025,P23-2500,14-Oct-2025,Completed,,MMP Corporation,100.00,31.5762628,"3,157.63"
M5020E,500mm x 1200m x 20um EcoWrap 25 Machine Wrap,false,28-Feb-2026,P23-2613,01-Dec-2025,Completed,,MMP Corporation,600.00,31.2138078,"18,728.28"
M5020E,500mm x 1200m x 20um EcoWrap 25 Machine Wrap,false,22-Mar-2026,P23-2654,16-Dec-2025,Completed,,MMP Corporation,550.00,30.7537452,"16,914.56"
M5020E,500mm x 1200m x 20um EcoWrap 25 Machine Wrap,false,22-Apr-2026,P23-2722,27-Jan-2026,Completed,,MMP Corporation,600.00,29.5546828,"17,732.81"
M5020E,500mm x 1200m x 20um EcoWrap 25 Machine Wrap,false,17-Jun-2026,P23-2723,09-Mar-2026,Completed,,MMP Corporation,400.00,29.5314040,"11,812.56"
M50215B,MUNSELL SOIL COLOR CHART / BOOK,false,23-Sep-2025,P23-2388,02-Sep-2025,Completed,FALSE,Pantone,8.00,274.6890000,"2,197.51"
M50215B,MUNSELL SOIL COLOR CHART / BOOK,false,16-Oct-2025,P23-2469,02-Oct-2025,Receiving,FALSE,Pantone,5.00,272.0142000,"1,360.07"
M50215B,MUNSELL SOIL COLOR CHART / BOOK,false,12-Nov-2025,P23-2539,31-Oct-2025,Completed,FALSE,Pantone,10.00,274.7376000,"2,747.38"
M50215B,MUNSELL SOIL COLOR CHART / BOOK,false,10-Dec-2025,P23-2597,21-Nov-2025,Credited,FALSE,Pantone,16.00,279.0918000,"4,465.47"
M50215B,MUNSELL SOIL COLOR CHART / BOOK,false,07-Jan-2026,P23-2665,24-Dec-2025,Receiving,FALSE,Pantone,30.00,268.3332000,"8,050.00"
M50215B,MUNSELL SOIL COLOR CHART / BOOK,false,03-Feb-2026,P23-2708,20-Jan-2026,Completed,FALSE,Pantone,34.00,268.0400075,"9,113.36"
M50215B,MUNSELL SOIL COLOR CHART / BOOK,false,06-Apr-2026,P23-2830,23-Mar-2026,Receiving,FALSE,Pantone,10.00,257.1304920,"2,571.30"
M50215B,MUNSELL SOIL COLOR CHART / BOOK,false,23-Jun-2026,P23-2990,09-Jun-2026,Receiving,FALSE,Pantone,4.00,253.3363560,"1,013.35"
M50215B,MUNSELL SOIL COLOR CHART / BOOK,false,21-Jul-2026,P23-3027,23-Jun-2026,Fully billed,FALSE,Pantone,10.00,262.6599000,"2,626.60"
M50215B,MUNSELL SOIL COLOR CHART / BOOK,false,26-Aug-2026,P23-3128,13-Aug-2026,Ordered,FALSE,Pantone,10.00,259.5617100,"2,595.62"
M50215B‐YRKIT,MUNSELL SOIL COLOR 2-PACK,false,23-Sep-2025,P23-2388,02-Sep-2025,Completed,FALSE,Pantone,2.00,70.5035100,141.01
M50215B‐YRKIT,MUNSELL SOIL COLOR 2-PACK,false,27-Feb-2026,P23-2775,17-Feb-2026,Completed,FALSE,Pantone,1.00,79.0122420,79.01
M5023,500mm x 1300m x 23um Machine Wrap,false,04-Nov-2025,P23-2460,22-Sep-2025,Completed,,MMP Corporation,350.00,36.0788650,"12,627.60"
M5023,500mm x 1300m x 23um Machine Wrap,false,28-Nov-2025,P23-2500,14-Oct-2025,Completed,,MMP Corporation,100.00,36.7101116,"3,671.01"
M5023,500mm x 1300m x 23um Machine Wrap,false,20-Jan-2026,P23-2558,13-Nov-2025,Completed,,MMP Corporation,800.00,36.2035000,"28,962.80"
M5023,500mm x 1300m x 23um Machine Wrap,false,28-Feb-2026,P23-2613,01-Dec-2025,Completed,,MMP Corporation,400.00,36.2887266,"14,515.49"
M5023,500mm x 1300m x 23um Machine Wrap,false,22-Mar-2026,P23-2654,16-Dec-2025,Completed,,MMP Corporation,450.00,35.7538644,"16,089.24"
M5023,500mm x 1300m x 23um Machine Wrap,false,22-Apr-2026,P23-2722,27-Jan-2026,Completed,,MMP Corporation,550.00,34.3598516,"18,897.92"
M5023,500mm x 1300m x 23um Machine Wrap,false,18-May-2026,P23-2825,17-Mar-2026,Completed,,MMP Corporation,300.00,33.5909130,"10,077.27"
M5023,500mm x 1300m x 23um Machine Wrap,false,17-Jun-2026,P23-2723,09-Mar-2026,Completed,,MMP Corporation,300.00,34.3327880,"10,299.84"
M5023,500mm x 1300m x 23um Machine Wrap,false,08-Jul-2026,P23-2996,10-Jun-2026,Completed,,MMP Corporation,800.00,33.8195292,"27,055.62"
M50315B,MUNSELL ROCK COLOR BOOK,false,10-Dec-2025,P23-2597,21-Nov-2025,Credited,FALSE,Pantone,1.00,162.8035500,162.80
M50315B,MUNSELL ROCK COLOR BOOK,false,07-Jan-2026,P23-2665,24-Dec-2025,Receiving,FALSE,Pantone,2.00,156.5277000,313.06
M8NTNut,M8-Non-threaded Tee Nut Pack of 100,False,17-Dec-2025,P23-2627,03-Dec-2025,Receiving,FALSE,JNL Manufacturing,5.00,5.3169200,26.58
M93000,MUNSELL INTERACTIVE LEARNING KIT,false,18-Dec-2025,P23-2629,04-Dec-2025,Receiving,FALSE,Pantone,1.00,127.0567200,127.06
MGL,MIXED GOODS LABELS 75MM X 130MM (500/BOX),false,29-Jan-2026,P23-2700,16-Jan-2026,Completed,,ATA Distributors,1.00,38.7200000,38.72
MP7I41GA,MP7I41GA (GENESI ELITE) Computer (GENESI ELITE) MP7I41GA,,03-Nov-2025,P23-2517,20-Oct-2025,Completed,FALSE,SERVIFORM s.r.l. (ProForm Euro),2.00,"2,869.2800000","4,590.85"
MR26101-0350,"Black CC Rubber Sheet 18"" x 36"" x 1/2"" BK85",false,02-Sep-2026,P23-3138,19-Aug-2026,Ordered,TRUE,Monroe Rubber & Plastic,2.00,98.5923225,197.18
MR26101-0350,"Black CC Rubber Sheet 18"" x 36"" x 1/2"" BK85",false,19-Nov-2026,P23-3137,19-Aug-2026,Ordered,TRUE,Monroe Rubber & Plastic,6.00,113.0949351,678.57
P10C,Bubble Wrap 1.5M X 100M ,false,,P23-2604,26-Nov-2025,Completed,,JC Gilmore,2.00,68.3200000,136.64
P10C,Bubble Wrap 1.5M X 100M ,false,,P23-2834,24-Mar-2026,Completed,,JC Gilmore,2.00,68.3200000,136.64
P10C,Bubble Wrap 1.5M X 100M ,false,,P23-3017,22-Jun-2026,Completed,,JC Gilmore,2.00,68.3200000,136.64
P3D50CWF,Pantone 3 Light Booth (T&C warranties must be accepted via quote prior to accepting order),,09-Jun-2026,P23-2974,28-May-2026,Fully billed,FALSE,Pantone,1.00,"1,764.9996480","1,765.00"
P3D50CWF-1,Pantone 3 Light Booth D50 Lighting,,26-Aug-2026,P23-3128,13-Aug-2026,Ordered,,Pantone,1.00,"2,673.6274500","2,673.63"
P3D65840,Pantone 3 Light Booth D65 (T&C warranties must be accepted via quote prior to accepting order),false,18-Dec-2025,P23-2629,04-Dec-2025,Receiving,FALSE,Pantone,1.00,"2,244.6687200","2,244.67"
P3D65840,Pantone 3 Light Booth D65 (T&C warranties must be accepted via quote prior to accepting order),false,07-Jan-2026,P23-2665,24-Dec-2025,Receiving,FALSE,Pantone,1.00,"2,212.2581600","2,212.26"
P5D65840,Pantone 5 Light Booth D65 (T&C warranties must be accepted via quote prior to accepting order),,23-Sep-2025,P23-2388,02-Sep-2025,Completed,FALSE,Pantone,1.00,"3,125.3504000","3,125.35"
PAL-H300B,500mm x 300m x 23um (Black) Hand Wrap,,,P23-2633,05-Dec-2025,Completed,,Thinkpac,60.00,13.0000000,780.00
PAL-H300B,500mm x 300m x 23um (Black) Hand Wrap,,,P23-3085,27-Jul-2026,Receiving,,Thinkpac,50.00,12.1250000,606.25
PC1680HD,Pallet Caps 840/1680 CF,,,P23-2537,29-Oct-2025,Completed,,Pluspak,50.00,34.0000000,"1,700.00"
PC1680HD,Pallet Caps 840/1680 CF,,,P23-2842,30-Mar-2026,Completed,,Pluspak,50.00,34.0000000,"1,700.00"
PC1680HD-BT,Blue Tint HD Sheet Pallet Cover Sheets 250/Roll,false,,P23-2920,01-May-2026,Completed,,JC Gilmore,50.00,58.8000000,"2,940.00"
PCONNECT,Pantone Connect - Multi Seat,,,P23-2382,29-Aug-2025,Completed,,Pantone Connect,20.00,117.7097366,"2,354.19"
PCONNECT,Pantone Connect - Multi Seat,,,P23-2389,02-Sep-2025,Ordering,,Pantone Connect,10.00,168.8536479,"1,688.54"
PCONNECT,Pantone Connect - Multi Seat,,,P23-2394,03-Sep-2025,Completed,,Pantone Connect,10.00,169.4354032,"1,694.35"
PCONNECT,Pantone Connect - Multi Seat,,,P23-2399,04-Sep-2025,Completed,,Pantone Connect,10.00,137.5362165,"1,306.60"
PCONNECT,Pantone Connect - Multi Seat,,,P23-2401,04-Sep-2025,Completed,,Pantone Connect,10.00,137.9132746,"1,310.18"
PCONNECT,Pantone Connect - Multi Seat,,,P23-2410,09-Sep-2025,Ordering,,Pantone Connect,10.00,128.5862898,"1,285.86"
PCONNECT,Pantone Connect - Multi Seat,,,P23-2455,22-Sep-2025,Completed,,Pantone Connect,10.00,136.7083085,"1,367.08"
PCONNECT,Pantone Connect - Multi Seat,,,P23-2745,04-Feb-2026,Completed,,Pantone Connect,10.00,128.1709572,"1,281.71"
PCONNECT,Pantone Connect - Multi Seat,,,P23-2832,24-Mar-2026,Completed,,Pantone Connect,10.00,128.3590363,"1,283.59"
PCONNECT,Pantone Connect - Multi Seat,,,P23-2986,03-Jun-2026,Ordered,,Pantone Connect,85.00,107.1512604,"9,107.86"
PCONNECT-SSO,Pantone Connect - Multi Seat SSO Set Up Fee,,,P23-2382,29-Aug-2025,Completed,,Pantone Connect,1.00,"4,589.6700000","4,589.67"
PCTCA,Remote Color Training - per hour,,,P23-2492,10-Oct-2025,Ordered,,X-Rite Asia Limited,5.00,312.2006500,"1,561.00"
PMB1,Padded Mail Bag 160mm x 200mm (300),false,,P23-2679,09-Jan-2026,Completed,,JC Gilmore,2.00,68.0000000,136.00
PMB1,Padded Mail Bag 160mm x 200mm (300),false,,P23-2905,24-Apr-2026,Completed,,JC Gilmore,2.00,68.0000000,136.00
PMB2,Padded Mail Bag 210mm x 270mm (200),false,,P23-2679,09-Jan-2026,Completed,,JC Gilmore,2.00,62.7300000,125.46
PMB2,Padded Mail Bag 210mm x 270mm (200),false,,P23-3098,30-Jul-2026,Fully billed,,JC Gilmore,2.00,62.7300000,125.46
PMB4,Padded Mail Bag 265mm x 375mm (100),false,,P23-2679,09-Jan-2026,Completed,,JC Gilmore,2.00,59.9300000,119.86
PMB4,Padded Mail Bag 265mm x 375mm (100),false,,P23-3098,30-Jul-2026,Fully billed,,JC Gilmore,2.00,59.9300000,119.86
PMB5,Padded Mail Bag 305mm x 400mm (100),false,,P23-2679,09-Jan-2026,Completed,,JC Gilmore,2.00,58.0400000,116.08
PMB5,Padded Mail Bag 305mm x 400mm (100),false,,P23-2905,24-Apr-2026,Completed,,JC Gilmore,2.00,58.0400000,116.08
PMB5,Padded Mail Bag 305mm x 400mm (100),false,,P23-3098,30-Jul-2026,Fully billed,,JC Gilmore,2.00,58.0400000,116.08
PMB6,Padded Mail Bag 360mm x 470mm (75),false,,P23-2679,09-Jan-2026,Completed,,JC Gilmore,2.00,57.2400000,114.48
PMB6,Padded Mail Bag 360mm x 470mm (75),false,,P23-2905,24-Apr-2026,Completed,,JC Gilmore,2.00,57.2400000,114.48
PMB6,Padded Mail Bag 360mm x 470mm (75),false,,P23-3098,30-Jul-2026,Fully billed,,JC Gilmore,2.00,57.2400000,114.48
PMC-1300B,500mm x 1300m x 23um (Black) Machine Wrap,false,,P23-2633,05-Dec-2025,Completed,,Thinkpac,50.00,47.0000000,"2,350.00"
PP104,48x1000 Clear Tape Packaging - Stylus PP104 (AC) Clear (52um) - Orange Core (6/ctn),false,,P23-3048,08-Jul-2026,Fully billed,,JC Gilmore,12.00,107.8200000,"1,293.84"
PQ-11-4800TCX,Pantone Plastic Chip TCX-11-4800,,03-Feb-2026,P23-2708,20-Jan-2026,Completed,FALSE,Pantone,5.00,21.3855180,106.93
PQ-2147C,Pantone Plastic Chip Plus-2147 C,,03-Feb-2026,P23-2708,20-Jan-2026,Completed,FALSE,Pantone,1.00,21.3855180,21.39
PQ-2607C,Pantone Plastic Chip Plus-2607 C,,03-Feb-2026,P23-2708,20-Jan-2026,Completed,FALSE,Pantone,1.00,21.3855180,21.39
PQ-300C,Pantone Plastic Chip Plus-300 C,,25-Feb-2026,P23-2761,11-Feb-2026,Ordered,FALSE,Pantone,9.00,20.1472565,181.33
PQ-448C,Pantone Plastic Chip Plus-448 C,,03-Feb-2026,P23-2708,20-Jan-2026,Completed,FALSE,Pantone,4.00,21.3855180,85.54
PQ-4685C,Pantone Plastic Chip Plus-4685 C,,03-Feb-2026,P23-2708,20-Jan-2026,Completed,FALSE,Pantone,1.00,21.3855180,21.39
PQ-4705C,Pantone Plastic Chip Plus-4705 C,,03-Feb-2026,P23-2708,20-Jan-2026,Completed,FALSE,Pantone,1.00,21.3855180,21.39
PTTC100,TINTS AND TONES COLLECTION,false,12-May-2026,P23-2919,30-Apr-2026,Receiving,FALSE,Pantone,1.00,"1,033.4966460","1,033.50"
RM200-PT01,PANTONE CAPSURE Hand Held Colour Matcher,,23-Sep-2025,P23-2388,02-Sep-2025,Completed,FALSE,Pantone,3.00,871.2219450,"2,613.67"
RM200-PT01,PANTONE CAPSURE Hand Held Colour Matcher,,16-Oct-2025,P23-2469,02-Oct-2025,Receiving,FALSE,Pantone,2.00,862.7383710,"1,725.48"
RM200-PT01,PANTONE CAPSURE Hand Held Colour Matcher,,10-Dec-2025,P23-2597,21-Nov-2025,Credited,FALSE,Pantone,4.00,885.1861590,"3,540.74"
SCRPB-XXX,Solid Coated Replacement Page - BACKORDER,false,03-Feb-2026,P23-2708,20-Jan-2026,Completed,FALSE,Pantone,10.00,10.6555020,106.60
SPQS65CKADN7,Spectralight QC (D65/L840/U30/TL84) 230 volts,,,P23-2915,29-Apr-2026,Completed,,X-Rite Asia Limited,1.00,"10,081.3551300","10,081.36"
SPQS65CKADN7,Spectralight QC (D65/L840/U30/TL84) 230 volts,,24-Jun-2026,P23-2995,10-Jun-2026,Completed,,X-Rite Asia Limited,3.00,"11,341.6049600","34,024.81"
STG203,Limited Edition Pantone Skin Tone Guide - Cascade,false,23-Sep-2025,P23-2388,02-Sep-2025,Completed,FALSE,Pantone,2.00,116.6665225,233.33
STG203,Limited Edition Pantone Skin Tone Guide - Cascade,false,21-Jul-2026,P23-3027,23-Jun-2026,Fully billed,FALSE,Pantone,2.00,109.7286850,219.46
SURPB-XXX,New Edition Solid Uncoated Replacement Page -  BACKORDER,false,03-Feb-2026,P23-2708,20-Jan-2026,Completed,FALSE,Pantone,3.00,10.6555020,31.98
THY-3666,Yellow Hand Tape 36mm x 66m (48),false,,P23-2714,23-Jan-2026,Completed,,JC Gilmore,6.00,105.6000000,633.60
THY-3666,Yellow Hand Tape 36mm x 66m (48),false,,P23-2755,09-Feb-2026,Completed,,JC Gilmore,20.00,105.6000000,"2,112.00"
THY4866,Yellow Hand Tape 48mm x 66m (36),false,,P23-2386,01-Sep-2025,Completed,,JC Gilmore,8.00,99.0000000,792.00
THY4866,Yellow Hand Tape 48mm x 66m (36),false,,P23-2462,24-Sep-2025,Completed,,JC Gilmore,15.00,99.0000000,"1,485.00"
THY4866,Yellow Hand Tape 48mm x 66m (36),false,,P23-2603,26-Nov-2025,Completed,,JC Gilmore,10.00,99.0000000,990.00
THY4866,Yellow Hand Tape 48mm x 66m (36),false,,P23-2674,08-Jan-2026,Completed,,JC Gilmore,10.00,99.0000000,990.00
TLOL,TOP LOAD ONLY LABEL 75MM X 130MM (500/BOX),false,29-Jan-2026,P23-2700,16-Jan-2026,Completed,,ATA Distributors,1.00,38.7200000,38.72
TM48AC,Machine Tape 48mm x 1000m (6),false,,P23-2414,09-Sep-2025,Completed,,JC Gilmore,5.83,91.2000000,532.00
TM48AC,Machine Tape 48mm x 1000m (6),false,,P23-2425,17-Sep-2025,Completed,,JC Gilmore,6.00,91.2000000,547.20
TM48AC,Machine Tape 48mm x 1000m (6),false,,P23-2439,19-Sep-2025,Completed,,JC Gilmore,10.00,91.2000000,912.00
TM48AC,Machine Tape 48mm x 1000m (6),false,,P23-2490,10-Oct-2025,Completed,,JC Gilmore,10.00,91.2000000,912.00
TM48AC,Machine Tape 48mm x 1000m (6),false,,P23-2506,15-Oct-2025,Completed,,JC Gilmore,6.00,91.2000000,547.20
TM48AC,Machine Tape 48mm x 1000m (6),false,,P23-2559,14-Nov-2025,Completed,,JC Gilmore,6.00,91.2000000,547.20
TM48AC,Machine Tape 48mm x 1000m (6),false,,P23-2601,25-Nov-2025,Completed,,JC Gilmore,20.00,91.2000000,"1,824.00"
TM48AC,Machine Tape 48mm x 1000m (6),false,,P23-2606,27-Nov-2025,Completed,,JC Gilmore,15.00,91.2000000,"1,368.00"
TM48AC,Machine Tape 48mm x 1000m (6),false,,P23-2625,03-Dec-2025,Completed,,JC Gilmore,5.00,91.2000000,456.00
TM48AC,Machine Tape 48mm x 1000m (6),false,,P23-2658,18-Dec-2025,Completed,,JC Gilmore,5.00,91.2000000,456.00
TM48AC,Machine Tape 48mm x 1000m (6),false,,P23-2743,03-Feb-2026,Completed,,JC Gilmore,15.00,91.2000000,"1,368.00"
TM48AC,Machine Tape 48mm x 1000m (6),false,,P23-2836,25-Mar-2026,Completed,,JC Gilmore,10.00,91.2000000,912.00
TM48AC,Machine Tape 48mm x 1000m (6),false,,P23-3026,23-Jun-2026,Completed,,JC Gilmore,10.00,91.2000000,912.00
TM48AC,Machine Tape 48mm x 1000m (6),false,,P23-3039,02-Jul-2026,Fully billed,,JC Gilmore,12.00,91.2000000,"1,094.40"
TM48AC,Machine Tape 48mm x 1000m (6),false,,P23-3053,10-Jul-2026,Fully billed,,JC Gilmore,15.00,91.2000000,"1,368.00"
TM48AC,Machine Tape 48mm x 1000m (6),false,,P23-3054,10-Jul-2026,Ordering,,JC Gilmore,10.00,91.2000000,912.00
TRJB0015,"Innovent Airflow Wrap 500mm x 3,050m",,,P23-3070,17-Jul-2026,Fully billed,,Tama Australia,78.00,138.7000000,"10,818.60"
TRJB0015,"Innovent Airflow Wrap 500mm x 3,050m",,30-Nov-2025,P23-2543,06-Nov-2025,Credited,,Tama Australia,312.00,138.7000000,"43,274.40"
VCP-F27,PANTONEVIEW Colour Planner AUTUMN| WINTER 2027/28,false,26-Aug-2026,P23-3128,13-Aug-2026,Ordered,,Pantone,1.00,837.8311590,837.83
VERSIONE_ATTUALE,Current software release installed,,03-Nov-2025,P23-2517,20-Oct-2025,Completed,FALSE,SERVIFORM s.r.l. (ProForm Euro),4.00,"1,972.6300000","6,312.42"
YTX-19W,YTX1900 Combi Laser,,,P23-3125,10-Aug-2026,Fully billed,False,Yitai,1.00,"144,196.3800000","144,196.38"
YTX-19W-AD,YTX1900 Combi Laser Auto Drilling,,,P23-3125,10-Aug-2026,Fully billed,False,Yitai,1.00,"7,068.4500000","7,068.45"
YTX-19W-APA,YTX1900 Combi Laser Additional PA system,,,P23-3125,10-Aug-2026,Fully billed,False,Yitai,1.00,"2,827.3800000","2,827.38"
YTX-19W-LQM,YTX1900 Combi Laser Quick Marking,,,P23-3125,10-Aug-2026,Fully billed,False,Yitai,1.00,"6,361.6050000","6,361.61"